{
"type": "FeatureCollection",
"name": "bengaluru_500m_segments",
"crs": { "type": "name", "properties": { "name": "urn:ogc:def:crs:OGC:1.3:CRS84" } },
"features": [
{ "type": "Feature", "properties": { "segment_id": "BLR_ORR_001_1", "corridor_id": "ORR", "corridor_name": "Outer Ring Road (Silk Board to Hebbal)", "road_name": "Outer Ring Road", "road_type": "trunk", "segment_length_m": 500.0, "start_lat": 12.952438, "start_lon": 77.700054, "end_lat": 12.948012, "end_lon": 77.699155, "lanes": 3.0, "lane_count_available": 1, "speed_limit_kph": 30.0, "speed_limit_available": 1, "street_lighting": "unverified", "street_lighting_verified": 0, "junction_count": 2, "junction_density_per_km": 4.0, "crossing_count": 4, "bus_stop_count": 0, "btp_station": "H.A.L Airport Traffic PS", "btp_station_clean_name": "H.A.L. PS", "btp_overlap_ratio": 1.0, "btp_station_total_cases_2023": 97.0, "btp_station_fatal_cases_2023": 17.0, "btp_station_killed_people_2023": 17.0, "btp_station_nonfatal_cases_2023": 80.0, "btp_station_injuries_2023": 80.0, "btp_station_total_cases_2022": 83.0, "btp_station_fatal_cases_2022": 18.0, "btp_station_total_cases_2021": 143.0, "btp_station_fatal_cases_2021": 34.0 }, "geometry": { "type": "LineString", "coordinates": [ [ 77.7000543, 12.9524376 ], [ 77.6999703, 12.9521804 ], [ 77.699924, 12.9520018 ], [ 77.6996083, 12.9502273 ], [ 77.6995123, 12.9496882 ], [ 77.6993624, 12.9488458 ], [ 77.6993, 12.9485568 ], [ 77.6992423, 12.9483213 ], [ 77.6991604, 12.9480295 ], [ 77.699155461947186, 12.948011906106769 ] ] } },
{ "type": "Feature", "properties": { "segment_id": "BLR_ORR_001_2", "corridor_id": "ORR", "corridor_name": "Outer Ring Road (Silk Board to Hebbal)", "road_name": "Outer Ring Road", "road_type": "trunk", "segment_length_m": 500.0, "start_lat": 12.948012, "start_lon": 77.699155, "end_lat": 12.943726, "end_lon": 77.697704, "lanes": 3.0, "lane_count_available": 1, "speed_limit_kph": 30.0, "speed_limit_available": 1, "street_lighting": "unverified", "street_lighting_verified": 0, "junction_count": 2, "junction_density_per_km": 4.0, "crossing_count": 1, "bus_stop_count": 0, "btp_station": "H.A.L Airport Traffic PS", "btp_station_clean_name": "H.A.L. PS", "btp_overlap_ratio": 1.0, "btp_station_total_cases_2023": 97.0, "btp_station_fatal_cases_2023": 17.0, "btp_station_killed_people_2023": 17.0, "btp_station_nonfatal_cases_2023": 80.0, "btp_station_injuries_2023": 80.0, "btp_station_total_cases_2022": 83.0, "btp_station_fatal_cases_2022": 18.0, "btp_station_total_cases_2021": 143.0, "btp_station_fatal_cases_2021": 34.0 }, "geometry": { "type": "LineString", "coordinates": [ [ 77.699155461947186, 12.948011906106769 ], [ 77.6991016, 12.94782 ], [ 77.6987508, 12.9467376 ], [ 77.6985419, 12.946124 ], [ 77.6985278, 12.9460851 ], [ 77.6984248, 12.9458008 ], [ 77.698388, 12.9456991 ], [ 77.698351, 12.945597 ], [ 77.6977455, 12.9438331 ], [ 77.6977263, 12.943783 ], [ 77.697704466827048, 12.943726017763007 ] ] } },
{ "type": "Feature", "properties": { "segment_id": "BLR_ORR_001_3", "corridor_id": "ORR", "corridor_name": "Outer Ring Road (Silk Board to Hebbal)", "road_name": "Outer Ring Road", "road_type": "trunk", "segment_length_m": 295.59, "start_lat": 12.943726, "start_lon": 77.697704, "end_lat": 12.941349, "end_lon": 77.696481, "lanes": 3.0, "lane_count_available": 1, "speed_limit_kph": 30.0, "speed_limit_available": 1, "street_lighting": "unverified", "street_lighting_verified": 0, "junction_count": 2, "junction_density_per_km": 6.77, "crossing_count": 3, "bus_stop_count": 0, "btp_station": "H.A.L Airport Traffic PS", "btp_station_clean_name": "H.A.L. PS", "btp_overlap_ratio": 1.0, "btp_station_total_cases_2023": 97.0, "btp_station_fatal_cases_2023": 17.0, "btp_station_killed_people_2023": 17.0, "btp_station_nonfatal_cases_2023": 80.0, "btp_station_injuries_2023": 80.0, "btp_station_total_cases_2022": 83.0, "btp_station_fatal_cases_2022": 18.0, "btp_station_total_cases_2021": 143.0, "btp_station_fatal_cases_2021": 34.0 }, "geometry": { "type": "LineString", "coordinates": [ [ 77.697704466827048, 12.943726017763007 ], [ 77.6975061, 12.9432083 ], [ 77.697450500000016, 12.94307 ], [ 77.6973929, 12.9429462 ], [ 77.6973299, 12.9428175 ], [ 77.6968518, 12.9420164 ], [ 77.6967801, 12.9418963 ], [ 77.6966095, 12.9416167 ], [ 77.6964809, 12.9413486 ] ] } },
{ "type": "Feature", "properties": { "segment_id": "BLR_ORR_004", "corridor_id": "ORR", "corridor_name": "Outer Ring Road (Silk Board to Hebbal)", "road_name": "Madiwala Sarjapura Road", "road_type": "primary", "segment_length_m": 513.42, "start_lat": 12.924142, "start_lon": 77.628862, "end_lat": 12.923024, "end_lon": 77.624295, "lanes": null, "lane_count_available": 0, "speed_limit_kph": null, "speed_limit_available": 0, "street_lighting": "unverified", "street_lighting_verified": 0, "junction_count": 2, "junction_density_per_km": 3.9, "crossing_count": 2, "bus_stop_count": 0, "btp_station": "Madiwala Traffic PS", "btp_station_clean_name": "Madiwala PS", "btp_overlap_ratio": 1.0, "btp_station_total_cases_2023": 73.0, "btp_station_fatal_cases_2023": 14.0, "btp_station_killed_people_2023": 14.0, "btp_station_nonfatal_cases_2023": 59.0, "btp_station_injuries_2023": 53.0, "btp_station_total_cases_2022": 45.0, "btp_station_fatal_cases_2022": 13.0, "btp_station_total_cases_2021": 54.0, "btp_station_fatal_cases_2021": 8.0 }, "geometry": { "type": "LineString", "coordinates": [ [ 77.6288623, 12.9241419 ], [ 77.6286643, 12.9239992 ], [ 77.6285248, 12.9239475 ], [ 77.627065, 12.9236267 ], [ 77.6266787, 12.9235503 ], [ 77.6242948, 12.9230244 ] ] } },
{ "type": "Feature", "properties": { "segment_id": "BLR_ORR_005", "corridor_id": "ORR", "corridor_name": "Outer Ring Road (Silk Board to Hebbal)", "road_name": "Sarjapura Road", "road_type": "primary", "segment_length_m": 594.89, "start_lat": 12.913915, "start_lon": 77.677625, "end_lat": 12.916857, "end_lon": 77.673355, "lanes": 3.0, "lane_count_available": 1, "speed_limit_kph": 50.0, "speed_limit_available": 1, "street_lighting": "unverified", "street_lighting_verified": 0, "junction_count": 1, "junction_density_per_km": 1.68, "crossing_count": 5, "bus_stop_count": 0, "btp_station": "H.S.R.Layout Traffic PS", "btp_station_clean_name": "H.S.R.Layout PS", "btp_overlap_ratio": 1.0, "btp_station_total_cases_2023": 99.0, "btp_station_fatal_cases_2023": 25.0, "btp_station_killed_people_2023": 26.0, "btp_station_nonfatal_cases_2023": 74.0, "btp_station_injuries_2023": 90.0, "btp_station_total_cases_2022": 64.0, "btp_station_fatal_cases_2022": 14.0, "btp_station_total_cases_2021": 56.0, "btp_station_fatal_cases_2021": 15.0 }, "geometry": { "type": "LineString", "coordinates": [ [ 77.6776252, 12.9139155 ], [ 77.6768038, 12.9141434 ], [ 77.6765798, 12.9142119 ], [ 77.6764407, 12.9142472 ], [ 77.6762816, 12.9142892 ], [ 77.6760781, 12.914363 ], [ 77.6759903, 12.9143962 ], [ 77.6758202, 12.9144662 ], [ 77.6756284, 12.914576 ], [ 77.6755039, 12.9146597 ], [ 77.674416, 12.9153353 ], [ 77.6742872, 12.9154212 ], [ 77.6741604, 12.915529 ], [ 77.6740202, 12.915669 ], [ 77.6738312, 12.915914 ], [ 77.6736827, 12.9161231 ], [ 77.6736003, 12.9162907 ], [ 77.6735646, 12.9164013 ], [ 77.6734555, 12.9167482 ], [ 77.6734109, 12.9168066 ], [ 77.6733546, 12.9168573 ] ] } },
{ "type": "Feature", "properties": { "segment_id": "BLR_ORR_006_1", "corridor_id": "ORR", "corridor_name": "Outer Ring Road (Silk Board to Hebbal)", "road_name": "Outer Ring Road", "road_type": "trunk", "segment_length_m": 500.0, "start_lat": 12.921146, "start_lon": 77.665992, "end_lat": 12.923059, "end_lon": 77.670163, "lanes": 5.0, "lane_count_available": 1, "speed_limit_kph": 60.0, "speed_limit_available": 1, "street_lighting": "unverified", "street_lighting_verified": 0, "junction_count": 2, "junction_density_per_km": 4.0, "crossing_count": 5, "bus_stop_count": 2, "btp_station": "H.S.R.Layout Traffic PS", "btp_station_clean_name": "H.S.R.Layout PS", "btp_overlap_ratio": 1.0, "btp_station_total_cases_2023": 99.0, "btp_station_fatal_cases_2023": 25.0, "btp_station_killed_people_2023": 26.0, "btp_station_nonfatal_cases_2023": 74.0, "btp_station_injuries_2023": 90.0, "btp_station_total_cases_2022": 64.0, "btp_station_fatal_cases_2022": 14.0, "btp_station_total_cases_2021": 56.0, "btp_station_fatal_cases_2021": 15.0 }, "geometry": { "type": "LineString", "coordinates": [ [ 77.6659924, 12.9211461 ], [ 77.6662615, 12.9212738 ], [ 77.6680451, 12.922053 ], [ 77.670162803896616, 12.923059392789341 ] ] } },
{ "type": "Feature", "properties": { "segment_id": "BLR_ORR_006_2", "corridor_id": "ORR", "corridor_name": "Outer Ring Road (Silk Board to Hebbal)", "road_name": "Outer Ring Road", "road_type": "trunk", "segment_length_m": 473.26, "start_lat": 12.923059, "start_lon": 77.670163, "end_lat": 12.924864, "end_lon": 77.674113, "lanes": 5.0, "lane_count_available": 1, "speed_limit_kph": 60.0, "speed_limit_available": 1, "street_lighting": "unverified", "street_lighting_verified": 0, "junction_count": 2, "junction_density_per_km": 4.23, "crossing_count": 3, "bus_stop_count": 4, "btp_station": "H.S.R.Layout Traffic PS", "btp_station_clean_name": "H.S.R.Layout PS", "btp_overlap_ratio": 1.0, "btp_station_total_cases_2023": 99.0, "btp_station_fatal_cases_2023": 25.0, "btp_station_killed_people_2023": 26.0, "btp_station_nonfatal_cases_2023": 74.0, "btp_station_injuries_2023": 90.0, "btp_station_total_cases_2022": 64.0, "btp_station_fatal_cases_2022": 14.0, "btp_station_total_cases_2021": 56.0, "btp_station_fatal_cases_2021": 15.0 }, "geometry": { "type": "LineString", "coordinates": [ [ 77.670162803896616, 12.923059392789341 ], [ 77.6704187, 12.923181 ], [ 77.6725796, 12.9241634 ], [ 77.6726301, 12.9241861 ], [ 77.6726684, 12.9242033 ], [ 77.6735137, 12.9245832 ], [ 77.6738264, 12.924724 ], [ 77.673989, 12.9248019 ], [ 77.6741134, 12.9248645 ] ] } },
{ "type": "Feature", "properties": { "segment_id": "BLR_ORR_009", "corridor_id": "ORR", "corridor_name": "Outer Ring Road (Silk Board to Hebbal)", "road_name": "Sarjapura Road", "road_type": "primary", "segment_length_m": 512.53, "start_lat": 12.924238, "start_lon": 77.628906, "end_lat": 12.924866, "end_lon": 77.633562, "lanes": 3.0, "lane_count_available": 1, "speed_limit_kph": null, "speed_limit_available": 0, "street_lighting": "unverified", "street_lighting_verified": 0, "junction_count": 2, "junction_density_per_km": 3.9, "crossing_count": 8, "bus_stop_count": 0, "btp_station": "Adugodi Traffic PS", "btp_station_clean_name": "Adugodi PS", "btp_overlap_ratio": 1.0, "btp_station_total_cases_2023": 63.0, "btp_station_fatal_cases_2023": 10.0, "btp_station_killed_people_2023": 10.0, "btp_station_nonfatal_cases_2023": 53.0, "btp_station_injuries_2023": 67.0, "btp_station_total_cases_2022": 42.0, "btp_station_fatal_cases_2022": 6.0, "btp_station_total_cases_2021": 19.0, "btp_station_fatal_cases_2021": 2.0 }, "geometry": { "type": "LineString", "coordinates": [ [ 77.6289059, 12.9242381 ], [ 77.6290638, 12.9242039 ], [ 77.6291285, 12.9242022 ], [ 77.6295706, 12.9241901 ], [ 77.6298347, 12.9242342 ], [ 77.6307423, 12.9243856 ], [ 77.6308399, 12.9244019 ], [ 77.6313682, 12.9245075 ], [ 77.6315293, 12.9245338 ], [ 77.6316434, 12.9245525 ], [ 77.6334583, 12.9248418 ], [ 77.6334868, 12.9248485 ], [ 77.6335624, 12.9248662 ] ] } },
{ "type": "Feature", "properties": { "segment_id": "BLR_ORR_010", "corridor_id": "ORR", "corridor_name": "Outer Ring Road (Silk Board to Hebbal)", "road_name": "Sarjapur Road / Sarjapura Road", "road_type": "primary", "segment_length_m": 425.33, "start_lat": 12.925301, "start_lon": 77.636376, "end_lat": 12.923913, "end_lon": 77.639953, "lanes": 2.0, "lane_count_available": 1, "speed_limit_kph": null, "speed_limit_available": 0, "street_lighting": "unverified", "street_lighting_verified": 0, "junction_count": 2, "junction_density_per_km": 4.7, "crossing_count": 0, "bus_stop_count": 0, "btp_station": "Adugodi Traffic PS", "btp_station_clean_name": "Adugodi PS", "btp_overlap_ratio": 1.0, "btp_station_total_cases_2023": 63.0, "btp_station_fatal_cases_2023": 10.0, "btp_station_killed_people_2023": 10.0, "btp_station_nonfatal_cases_2023": 53.0, "btp_station_injuries_2023": 67.0, "btp_station_total_cases_2022": 42.0, "btp_station_fatal_cases_2022": 6.0, "btp_station_total_cases_2021": 19.0, "btp_station_fatal_cases_2021": 2.0 }, "geometry": { "type": "LineString", "coordinates": [ [ 77.636376, 12.9253009 ], [ 77.6365006, 12.9253137 ], [ 77.6366906, 12.9253333 ], [ 77.6368224, 12.9253292 ], [ 77.6369785, 12.9252998 ], [ 77.6371646, 12.9252461 ], [ 77.6373952, 12.925166 ], [ 77.6377334, 12.9249877 ], [ 77.6380222, 12.9248118 ], [ 77.6382135, 12.9246913 ], [ 77.6383732, 12.9245866 ], [ 77.6386112, 12.9244338 ], [ 77.6389482, 12.924298 ], [ 77.6391957, 12.9242078 ], [ 77.6394635, 12.9241012 ], [ 77.6394931, 12.9240909 ], [ 77.6397693, 12.923984 ], [ 77.6399533, 12.9239127 ] ] } },
{ "type": "Feature", "properties": { "segment_id": "BLR_ORR_011_1", "corridor_id": "ORR", "corridor_name": "Outer Ring Road (Silk Board to Hebbal)", "road_name": "Outer Ring Road", "road_type": "trunk", "segment_length_m": 500.0, "start_lat": 12.960244, "start_lon": 77.701314, "end_lat": 12.964712, "end_lon": 77.701986, "lanes": 3.0, "lane_count_available": 1, "speed_limit_kph": 60.0, "speed_limit_available": 1, "street_lighting": "unverified", "street_lighting_verified": 0, "junction_count": 2, "junction_density_per_km": 4.0, "crossing_count": 3, "bus_stop_count": 0, "btp_station": "H.A.L Airport Traffic PS", "btp_station_clean_name": "H.A.L. PS", "btp_overlap_ratio": 1.0, "btp_station_total_cases_2023": 97.0, "btp_station_fatal_cases_2023": 17.0, "btp_station_killed_people_2023": 17.0, "btp_station_nonfatal_cases_2023": 80.0, "btp_station_injuries_2023": 80.0, "btp_station_total_cases_2022": 83.0, "btp_station_fatal_cases_2022": 18.0, "btp_station_total_cases_2021": 143.0, "btp_station_fatal_cases_2021": 34.0 }, "geometry": { "type": "LineString", "coordinates": [ [ 77.7013137, 12.9602438 ], [ 77.7013775, 12.9606256 ], [ 77.7014731, 12.9612689 ], [ 77.701571, 12.9618988 ], [ 77.7016775, 12.9626351 ], [ 77.7018772, 12.9639554 ], [ 77.701985824852343, 12.964711918440281 ] ] } },
{ "type": "Feature", "properties": { "segment_id": "BLR_ORR_011_2", "corridor_id": "ORR", "corridor_name": "Outer Ring Road (Silk Board to Hebbal)", "road_name": "Outer Ring Road", "road_type": "trunk", "segment_length_m": 251.87, "start_lat": 12.964712, "start_lon": 77.701986, "end_lat": 12.966974, "end_lon": 77.702025, "lanes": 3.0, "lane_count_available": 1, "speed_limit_kph": 60.0, "speed_limit_available": 1, "street_lighting": "unverified", "street_lighting_verified": 0, "junction_count": 2, "junction_density_per_km": 7.94, "crossing_count": 1, "bus_stop_count": 0, "btp_station": "H.A.L Airport Traffic PS", "btp_station_clean_name": "H.A.L. PS", "btp_overlap_ratio": 1.0, "btp_station_total_cases_2023": 97.0, "btp_station_fatal_cases_2023": 17.0, "btp_station_killed_people_2023": 17.0, "btp_station_nonfatal_cases_2023": 80.0, "btp_station_injuries_2023": 80.0, "btp_station_total_cases_2022": 83.0, "btp_station_fatal_cases_2022": 18.0, "btp_station_total_cases_2021": 143.0, "btp_station_fatal_cases_2021": 34.0 }, "geometry": { "type": "LineString", "coordinates": [ [ 77.701985824852343, 12.964711918440281 ], [ 77.7020124, 12.964897 ], [ 77.7020429, 12.965189 ], [ 77.7021051, 12.9660562 ], [ 77.7021151, 12.9662472 ], [ 77.7021127, 12.9663781 ], [ 77.7021116, 12.9664384 ], [ 77.7020852, 12.9666602 ], [ 77.7020713, 12.9667337 ], [ 77.7020328, 12.9669365 ], [ 77.7020248, 12.9669743 ] ] } },
{ "type": "Feature", "properties": { "segment_id": "BLR_ORR_012_1", "corridor_id": "ORR", "corridor_name": "Outer Ring Road (Silk Board to Hebbal)", "road_name": "Marathahalli Underpass", "road_type": "trunk", "segment_length_m": 500.0, "start_lat": 12.959805, "start_lon": 77.701399, "end_lat": 12.955354, "end_lon": 77.700777, "lanes": 3.0, "lane_count_available": 1, "speed_limit_kph": 60.0, "speed_limit_available": 1, "street_lighting": "unverified", "street_lighting_verified": 0, "junction_count": 2, "junction_density_per_km": 4.0, "crossing_count": 7, "bus_stop_count": 0, "btp_station": "H.A.L Airport Traffic PS", "btp_station_clean_name": "H.A.L. PS", "btp_overlap_ratio": 1.0, "btp_station_total_cases_2023": 97.0, "btp_station_fatal_cases_2023": 17.0, "btp_station_killed_people_2023": 17.0, "btp_station_nonfatal_cases_2023": 80.0, "btp_station_injuries_2023": 80.0, "btp_station_total_cases_2022": 83.0, "btp_station_fatal_cases_2022": 18.0, "btp_station_total_cases_2021": 143.0, "btp_station_fatal_cases_2021": 34.0 }, "geometry": { "type": "LineString", "coordinates": [ [ 77.7013992, 12.9598046 ], [ 77.7013827, 12.9596755 ], [ 77.7013772, 12.9595932 ], [ 77.7012988, 12.9589304 ], [ 77.7012835, 12.9586934 ], [ 77.70129, 12.9580066 ], [ 77.7012865, 12.9578177 ], [ 77.7012766, 12.9575752 ], [ 77.7012505, 12.9573319 ], [ 77.7012291, 12.9571244 ], [ 77.7011743, 12.9567622 ], [ 77.7010685, 12.9563408 ], [ 77.7009853, 12.9560611 ], [ 77.7009132, 12.9558492 ], [ 77.700861, 12.9556621 ], [ 77.7008196, 12.9555166 ], [ 77.70078, 12.9553652 ], [ 77.700777004859191, 12.955354219898945 ] ] } },
{ "type": "Feature", "properties": { "segment_id": "BLR_ORR_012_2", "corridor_id": "ORR", "corridor_name": "Outer Ring Road (Silk Board to Hebbal)", "road_name": "Marathahalli Underpass", "road_type": "trunk", "segment_length_m": 217.19, "start_lat": 12.955354, "start_lon": 77.700777, "end_lat": 12.953448, "end_lon": 77.700304, "lanes": 3.0, "lane_count_available": 1, "speed_limit_kph": 60.0, "speed_limit_available": 1, "street_lighting": "unverified", "street_lighting_verified": 0, "junction_count": 2, "junction_density_per_km": 9.21, "crossing_count": 0, "bus_stop_count": 0, "btp_station": "H.A.L Airport Traffic PS", "btp_station_clean_name": "H.A.L. PS", "btp_overlap_ratio": 1.0, "btp_station_total_cases_2023": 97.0, "btp_station_fatal_cases_2023": 17.0, "btp_station_killed_people_2023": 17.0, "btp_station_nonfatal_cases_2023": 80.0, "btp_station_injuries_2023": 80.0, "btp_station_total_cases_2022": 83.0, "btp_station_fatal_cases_2022": 18.0, "btp_station_total_cases_2021": 143.0, "btp_station_fatal_cases_2021": 34.0 }, "geometry": { "type": "LineString", "coordinates": [ [ 77.700777004859191, 12.955354219898945 ], [ 77.7007318, 12.9551885 ], [ 77.7004863, 12.9542547 ], [ 77.7004669, 12.9541656 ], [ 77.7003042, 12.9534482 ] ] } },
{ "type": "Feature", "properties": { "segment_id": "BLR_ORR_013_1", "corridor_id": "ORR", "corridor_name": "Outer Ring Road (Silk Board to Hebbal)", "road_name": "Outer Ring Road", "road_type": "trunk", "segment_length_m": 500.0, "start_lat": 12.997015, "start_lon": 77.669389, "end_lat": 12.999027, "end_lon": 77.673495, "lanes": 3.0, "lane_count_available": 1, "speed_limit_kph": 60.0, "speed_limit_available": 1, "street_lighting": "unverified", "street_lighting_verified": 0, "junction_count": 2, "junction_density_per_km": 4.0, "crossing_count": 0, "bus_stop_count": 0, "btp_station": "K.R. Puram Traffic  PS", "btp_station_clean_name": "K.R. Puram PS", "btp_overlap_ratio": 1.0, "btp_station_total_cases_2023": 254.0, "btp_station_fatal_cases_2023": 41.0, "btp_station_killed_people_2023": 42.0, "btp_station_nonfatal_cases_2023": 213.0, "btp_station_injuries_2023": 217.0, "btp_station_total_cases_2022": null, "btp_station_fatal_cases_2022": null, "btp_station_total_cases_2021": null, "btp_station_fatal_cases_2021": null }, "geometry": { "type": "LineString", "coordinates": [ [ 77.6693888, 12.9970148 ], [ 77.6696003, 12.9972142 ], [ 77.6699533, 12.9973963 ], [ 77.670112300000014, 12.9974686 ], [ 77.670498, 12.997625 ], [ 77.6706449, 12.9976937 ], [ 77.6708406, 12.9977854 ], [ 77.671541300000015, 12.9981135 ], [ 77.671595, 12.9981386 ], [ 77.6717284, 12.9981983 ], [ 77.6721315, 12.9983785 ], [ 77.6730545, 12.9988173 ], [ 77.6733556, 12.9989605 ], [ 77.673488, 12.9990235 ], [ 77.673495247958613, 12.999027350872334 ] ] } },
{ "type": "Feature", "properties": { "segment_id": "BLR_ORR_013_2", "corridor_id": "ORR", "corridor_name": "Outer Ring Road (Silk Board to Hebbal)", "road_name": "Outer Ring Road", "road_type": "trunk", "segment_length_m": 362.46, "start_lat": 12.999027, "start_lon": 77.673495, "end_lat": 13.000418, "end_lon": 77.676511, "lanes": 3.0, "lane_count_available": 1, "speed_limit_kph": 60.0, "speed_limit_available": 1, "street_lighting": "unverified", "street_lighting_verified": 0, "junction_count": 2, "junction_density_per_km": 5.52, "crossing_count": 1, "bus_stop_count": 0, "btp_station": "K.R. Puram Traffic  PS", "btp_station_clean_name": "K.R. Puram PS", "btp_overlap_ratio": 1.0, "btp_station_total_cases_2023": 254.0, "btp_station_fatal_cases_2023": 41.0, "btp_station_killed_people_2023": 42.0, "btp_station_nonfatal_cases_2023": 213.0, "btp_station_injuries_2023": 217.0, "btp_station_total_cases_2022": null, "btp_station_fatal_cases_2022": null, "btp_station_total_cases_2021": null, "btp_station_fatal_cases_2021": null }, "geometry": { "type": "LineString", "coordinates": [ [ 77.673495247958613, 12.999027350872334 ], [ 77.6736621, 12.999116 ], [ 77.6741325, 12.9993332 ], [ 77.6754253, 12.9999607 ], [ 77.6762539, 13.0003526 ], [ 77.6763894, 13.0003982 ], [ 77.6765114, 13.0004176 ] ] } },
{ "type": "Feature", "properties": { "segment_id": "BLR_ORR_015", "corridor_id": "ORR", "corridor_name": "Outer Ring Road (Silk Board to Hebbal)", "road_name": "Outer Ring Road", "road_type": "trunk", "segment_length_m": 164.32, "start_lat": 12.996929, "start_lon": 77.669674, "end_lat": 12.996339, "end_lon": 77.668285, "lanes": 3.0, "lane_count_available": 1, "speed_limit_kph": 60.0, "speed_limit_available": 1, "street_lighting": "unverified", "street_lighting_verified": 0, "junction_count": 2, "junction_density_per_km": 12.17, "crossing_count": 0, "bus_stop_count": 1, "btp_station": "K.R. Puram Traffic  PS", "btp_station_clean_name": "K.R. Puram PS", "btp_overlap_ratio": 1.0, "btp_station_total_cases_2023": 254.0, "btp_station_fatal_cases_2023": 41.0, "btp_station_killed_people_2023": 42.0, "btp_station_nonfatal_cases_2023": 213.0, "btp_station_injuries_2023": 217.0, "btp_station_total_cases_2022": null, "btp_station_fatal_cases_2022": null, "btp_station_total_cases_2021": null, "btp_station_fatal_cases_2021": null }, "geometry": { "type": "LineString", "coordinates": [ [ 77.6696738, 12.9969289 ], [ 77.6693708, 12.9968004 ], [ 77.6692421, 12.9967435 ], [ 77.6691231, 12.9966909 ], [ 77.6690663, 12.9966658 ], [ 77.6690407, 12.9966583 ], [ 77.668285, 12.9963391 ] ] } },
{ "type": "Feature", "properties": { "segment_id": "BLR_ORR_016", "corridor_id": "ORR", "corridor_name": "Outer Ring Road (Silk Board to Hebbal)", "road_name": "Outer ring road", "road_type": "trunk_link", "segment_length_m": 239.73, "start_lat": 12.994827, "start_lon": 77.664433, "end_lat": 12.996826, "end_lon": 77.664413, "lanes": 2.0, "lane_count_available": 1, "speed_limit_kph": 40.0, "speed_limit_available": 1, "street_lighting": "unverified", "street_lighting_verified": 0, "junction_count": 1, "junction_density_per_km": 4.17, "crossing_count": 0, "bus_stop_count": 0, "btp_station": "K.R. Puram Traffic  PS", "btp_station_clean_name": "K.R. Puram PS", "btp_overlap_ratio": 1.0, "btp_station_total_cases_2023": 254.0, "btp_station_fatal_cases_2023": 41.0, "btp_station_killed_people_2023": 42.0, "btp_station_nonfatal_cases_2023": 213.0, "btp_station_injuries_2023": 217.0, "btp_station_total_cases_2022": null, "btp_station_fatal_cases_2022": null, "btp_station_total_cases_2021": null, "btp_station_fatal_cases_2021": null }, "geometry": { "type": "LineString", "coordinates": [ [ 77.6644327, 12.9948275 ], [ 77.6645087, 12.9948994 ], [ 77.6645819, 12.995004 ], [ 77.6647117, 12.9953246 ], [ 77.6647352, 12.9954031 ], [ 77.6647509, 12.9954884 ], [ 77.6647726, 12.9956537 ], [ 77.6647723, 12.9958073 ], [ 77.6647544, 12.9959465 ], [ 77.6647177, 12.9960748 ], [ 77.6646496, 12.9962304 ], [ 77.6644747, 12.9965421 ], [ 77.6644016, 12.9966724 ], [ 77.664413, 12.9968261 ] ] } },
{ "type": "Feature", "properties": { "segment_id": "BLR_ORR_017_1", "corridor_id": "ORR", "corridor_name": "Outer Ring Road (Silk Board to Hebbal)", "road_name": "Outer Ring Road", "road_type": "trunk", "segment_length_m": 500.0, "start_lat": 12.922026, "start_lon": 77.644977, "end_lat": 12.918488, "end_lon": 77.642122, "lanes": 3.0, "lane_count_available": 1, "speed_limit_kph": 60.0, "speed_limit_available": 1, "street_lighting": "unverified", "street_lighting_verified": 0, "junction_count": 2, "junction_density_per_km": 4.0, "crossing_count": 6, "bus_stop_count": 0, "btp_station": "H.S.R.Layout Traffic PS", "btp_station_clean_name": "H.S.R.Layout PS", "btp_overlap_ratio": 1.0, "btp_station_total_cases_2023": 99.0, "btp_station_fatal_cases_2023": 25.0, "btp_station_killed_people_2023": 26.0, "btp_station_nonfatal_cases_2023": 74.0, "btp_station_injuries_2023": 90.0, "btp_station_total_cases_2022": 64.0, "btp_station_fatal_cases_2022": 14.0, "btp_station_total_cases_2021": 56.0, "btp_station_fatal_cases_2021": 15.0 }, "geometry": { "type": "LineString", "coordinates": [ [ 77.6449766, 12.9220264 ], [ 77.6449199, 12.9219742 ], [ 77.6448271, 12.9218808 ], [ 77.6446683, 12.921713 ], [ 77.6432167, 12.9199598 ], [ 77.6431146, 12.9198251 ], [ 77.6425007, 12.9189907 ], [ 77.6422358, 12.918636 ], [ 77.642121591136871, 12.918487540087938 ] ] } },
{ "type": "Feature", "properties": { "segment_id": "BLR_ORR_017_2", "corridor_id": "ORR", "corridor_name": "Outer Ring Road (Silk Board to Hebbal)", "road_name": "Outer Ring Road", "road_type": "trunk", "segment_length_m": 500.0, "start_lat": 12.918488, "start_lon": 77.642122, "end_lat": 12.91589, "end_lon": 77.638481, "lanes": 3.0, "lane_count_available": 1, "speed_limit_kph": 60.0, "speed_limit_available": 1, "street_lighting": "unverified", "street_lighting_verified": 0, "junction_count": 2, "junction_density_per_km": 4.0, "crossing_count": 3, "bus_stop_count": 0, "btp_station": "H.S.R.Layout Traffic PS", "btp_station_clean_name": "H.S.R.Layout PS", "btp_overlap_ratio": 1.0, "btp_station_total_cases_2023": 99.0, "btp_station_fatal_cases_2023": 25.0, "btp_station_killed_people_2023": 26.0, "btp_station_nonfatal_cases_2023": 74.0, "btp_station_injuries_2023": 90.0, "btp_station_total_cases_2022": 64.0, "btp_station_fatal_cases_2022": 14.0, "btp_station_total_cases_2021": 56.0, "btp_station_fatal_cases_2021": 15.0 }, "geometry": { "type": "LineString", "coordinates": [ [ 77.642121591136871, 12.918487540087938 ], [ 77.6420374, 12.9183781 ], [ 77.641858, 12.9181858 ], [ 77.6416158, 12.917917 ], [ 77.6410596, 12.9173675 ], [ 77.6409581, 12.917276 ], [ 77.6407524, 12.9170896 ], [ 77.6405404, 12.9168706 ], [ 77.6402516, 12.916636 ], [ 77.6400454, 12.9164892 ], [ 77.6397255, 12.9163044 ], [ 77.639522, 12.9162211 ], [ 77.6393192, 12.9161435 ], [ 77.638971, 12.9160148 ], [ 77.638796, 12.9159599 ], [ 77.638618, 12.9159135 ], [ 77.638481093592205, 12.915890014398643 ] ] } },
{ "type": "Feature", "properties": { "segment_id": "BLR_ORR_017_3", "corridor_id": "ORR", "corridor_name": "Outer Ring Road (Silk Board to Hebbal)", "road_name": "Outer Ring Road", "road_type": "trunk", "segment_length_m": 385.04, "start_lat": 12.91589, "start_lon": 77.638481, "end_lat": 12.916221, "end_lon": 77.634962, "lanes": 3.0, "lane_count_available": 1, "speed_limit_kph": 60.0, "speed_limit_available": 1, "street_lighting": "unverified", "street_lighting_verified": 0, "junction_count": 2, "junction_density_per_km": 5.19, "crossing_count": 4, "bus_stop_count": 0, "btp_station": "H.S.R.Layout Traffic PS", "btp_station_clean_name": "H.S.R.Layout PS", "btp_overlap_ratio": 1.0, "btp_station_total_cases_2023": 99.0, "btp_station_fatal_cases_2023": 25.0, "btp_station_killed_people_2023": 26.0, "btp_station_nonfatal_cases_2023": 74.0, "btp_station_injuries_2023": 90.0, "btp_station_total_cases_2022": 64.0, "btp_station_fatal_cases_2022": 14.0, "btp_station_total_cases_2021": 56.0, "btp_station_fatal_cases_2021": 15.0 }, "geometry": { "type": "LineString", "coordinates": [ [ 77.638481093592205, 12.915890014398643 ], [ 77.6383242, 12.9158631 ], [ 77.6380211, 12.9158531 ], [ 77.6378374, 12.9158585 ], [ 77.6376604, 12.915876 ], [ 77.6371053, 12.9159544 ], [ 77.6355416, 12.9161318 ], [ 77.6354011, 12.9161603 ], [ 77.6349622, 12.916221 ] ] } },
{ "type": "Feature", "properties": { "segment_id": "BLR_ORR_018_1", "corridor_id": "ORR", "corridor_name": "Outer Ring Road (Silk Board to Hebbal)", "road_name": "Outer Ring Road", "road_type": "trunk", "segment_length_m": 500.0, "start_lat": 12.924158, "start_lon": 77.647555, "end_lat": 12.924275, "end_lon": 77.652089, "lanes": 3.0, "lane_count_available": 1, "speed_limit_kph": 60.0, "speed_limit_available": 1, "street_lighting": "unverified", "street_lighting_verified": 0, "junction_count": 2, "junction_density_per_km": 4.0, "crossing_count": 0, "bus_stop_count": 0, "btp_station": "H.S.R.Layout Traffic PS", "btp_station_clean_name": "H.S.R.Layout PS", "btp_overlap_ratio": 0.6697, "btp_station_total_cases_2023": 99.0, "btp_station_fatal_cases_2023": 25.0, "btp_station_killed_people_2023": 26.0, "btp_station_nonfatal_cases_2023": 74.0, "btp_station_injuries_2023": 90.0, "btp_station_total_cases_2022": 64.0, "btp_station_fatal_cases_2022": 14.0, "btp_station_total_cases_2021": 56.0, "btp_station_fatal_cases_2021": 15.0 }, "geometry": { "type": "LineString", "coordinates": [ [ 77.6475553, 12.9241578 ], [ 77.6477617, 12.9242507 ], [ 77.6478808, 12.9242911 ], [ 77.6481059, 12.9243535 ], [ 77.6484131, 12.9244093 ], [ 77.6487145, 12.924448 ], [ 77.6498597, 12.9245269 ], [ 77.6501825, 12.9245437 ], [ 77.6505133, 12.9245341 ], [ 77.6508026, 12.9245087 ], [ 77.651232, 12.9244416 ], [ 77.6519763, 12.9242979 ], [ 77.652089117603893, 12.924275083068146 ] ] } },
{ "type": "Feature", "properties": { "segment_id": "BLR_ORR_018_2", "corridor_id": "ORR", "corridor_name": "Outer Ring Road (Silk Board to Hebbal)", "road_name": "Outer Ring Road", "road_type": "trunk", "segment_length_m": 255.65, "start_lat": 12.924275, "start_lon": 77.652089, "end_lat": 12.923795, "end_lon": 77.654392, "lanes": 3.0, "lane_count_available": 1, "speed_limit_kph": 60.0, "speed_limit_available": 1, "street_lighting": "unverified", "street_lighting_verified": 0, "junction_count": 2, "junction_density_per_km": 7.82, "crossing_count": 0, "bus_stop_count": 0, "btp_station": "H.S.R.Layout Traffic PS", "btp_station_clean_name": "H.S.R.Layout PS", "btp_overlap_ratio": 1.0, "btp_station_total_cases_2023": 99.0, "btp_station_fatal_cases_2023": 25.0, "btp_station_killed_people_2023": 26.0, "btp_station_nonfatal_cases_2023": 74.0, "btp_station_injuries_2023": 90.0, "btp_station_total_cases_2022": 64.0, "btp_station_fatal_cases_2022": 14.0, "btp_station_total_cases_2021": 56.0, "btp_station_fatal_cases_2021": 15.0 }, "geometry": { "type": "LineString", "coordinates": [ [ 77.652089117603893, 12.924275083068146 ], [ 77.6530883, 12.924073 ], [ 77.6541061, 12.923864 ], [ 77.6543918, 12.9237946 ] ] } },
{ "type": "Feature", "properties": { "segment_id": "BLR_ORR_019", "corridor_id": "ORR", "corridor_name": "Outer Ring Road (Silk Board to Hebbal)", "road_name": "Sarjapura Road", "road_type": "primary", "segment_length_m": 453.77, "start_lat": 12.907146, "start_lon": 77.695555, "end_lat": 12.908236, "end_lon": 77.691529, "lanes": 3.0, "lane_count_available": 1, "speed_limit_kph": 50.0, "speed_limit_available": 1, "street_lighting": "unverified", "street_lighting_verified": 0, "junction_count": 1, "junction_density_per_km": 2.2, "crossing_count": 4, "bus_stop_count": 0, "btp_station": "H.S.R.Layout Traffic PS", "btp_station_clean_name": "H.S.R.Layout PS", "btp_overlap_ratio": 1.0, "btp_station_total_cases_2023": 99.0, "btp_station_fatal_cases_2023": 25.0, "btp_station_killed_people_2023": 26.0, "btp_station_nonfatal_cases_2023": 74.0, "btp_station_injuries_2023": 90.0, "btp_station_total_cases_2022": 64.0, "btp_station_fatal_cases_2022": 14.0, "btp_station_total_cases_2021": 56.0, "btp_station_fatal_cases_2021": 15.0 }, "geometry": { "type": "LineString", "coordinates": [ [ 77.6955555, 12.9071464 ], [ 77.6952792, 12.9072435 ], [ 77.6951783, 12.907278 ], [ 77.6949776, 12.9073277 ], [ 77.6948224, 12.9073713 ], [ 77.6939671, 12.9075858 ], [ 77.6937441, 12.907642 ], [ 77.6936697, 12.9076576 ], [ 77.6934511, 12.9077108 ], [ 77.6931099, 12.9078019 ], [ 77.6929579, 12.9078386 ], [ 77.692634, 12.9079234 ], [ 77.6924728, 12.907967 ], [ 77.6921972, 12.9080374 ], [ 77.6916815, 12.908191 ], [ 77.6915293, 12.9082364 ] ] } },
{ "type": "Feature", "properties": { "segment_id": "BLR_ORR_020", "corridor_id": "ORR", "corridor_name": "Outer Ring Road (Silk Board to Hebbal)", "road_name": "Sarjapur Road", "road_type": "primary", "segment_length_m": 146.18, "start_lat": 12.924483, "start_lon": 77.650454, "end_lat": 12.924277, "end_lon": 77.651783, "lanes": 1.0, "lane_count_available": 1, "speed_limit_kph": 30.0, "speed_limit_available": 1, "street_lighting": "unverified", "street_lighting_verified": 0, "junction_count": 2, "junction_density_per_km": 13.68, "crossing_count": 1, "bus_stop_count": 0, "btp_station": "Adugodi Traffic PS", "btp_station_clean_name": "Adugodi PS", "btp_overlap_ratio": 0.715, "btp_station_total_cases_2023": 63.0, "btp_station_fatal_cases_2023": 10.0, "btp_station_killed_people_2023": 10.0, "btp_station_nonfatal_cases_2023": 53.0, "btp_station_injuries_2023": 67.0, "btp_station_total_cases_2022": 42.0, "btp_station_fatal_cases_2022": 6.0, "btp_station_total_cases_2021": 19.0, "btp_station_fatal_cases_2021": 2.0 }, "geometry": { "type": "LineString", "coordinates": [ [ 77.6504545, 12.9244834 ], [ 77.6508966, 12.9244413 ], [ 77.6516743, 12.9242955 ], [ 77.6517829, 12.9242769 ] ] } },
{ "type": "Feature", "properties": { "segment_id": "BLR_ORR_022_1", "corridor_id": "ORR", "corridor_name": "Outer Ring Road (Silk Board to Hebbal)", "road_name": "Outer Ring Road", "road_type": "trunk", "segment_length_m": 500.0, "start_lat": 13.000411, "start_lon": 77.679125, "end_lat": 12.998271, "end_lon": 77.682569, "lanes": 3.0, "lane_count_available": 1, "speed_limit_kph": 30.0, "speed_limit_available": 1, "street_lighting": "unverified", "street_lighting_verified": 0, "junction_count": 2, "junction_density_per_km": 4.0, "crossing_count": 0, "bus_stop_count": 0, "btp_station": "K.R. Puram Traffic  PS", "btp_station_clean_name": "K.R. Puram PS", "btp_overlap_ratio": 1.0, "btp_station_total_cases_2023": 254.0, "btp_station_fatal_cases_2023": 41.0, "btp_station_killed_people_2023": 42.0, "btp_station_nonfatal_cases_2023": 213.0, "btp_station_injuries_2023": 217.0, "btp_station_total_cases_2022": null, "btp_station_fatal_cases_2022": null, "btp_station_total_cases_2021": null, "btp_station_fatal_cases_2021": null }, "geometry": { "type": "LineString", "coordinates": [ [ 77.6791245, 13.0004114 ], [ 77.6796302, 13.000427 ], [ 77.6797994, 13.0004478 ], [ 77.6800689, 13.0004596 ], [ 77.6806363, 13.0004558 ], [ 77.680756, 13.0004519 ], [ 77.680856300000016, 13.0004366 ], [ 77.6809463, 13.0004128 ], [ 77.6810399, 13.00038 ], [ 77.6811425, 13.0003366 ], [ 77.6812475, 13.0002709 ], [ 77.6813324, 13.0002067 ], [ 77.6814093, 13.0001435 ], [ 77.6815278, 12.9999836 ], [ 77.6821993, 12.9988815 ], [ 77.682569090346334, 12.998271373075672 ] ] } },
{ "type": "Feature", "properties": { "segment_id": "BLR_ORR_022_2", "corridor_id": "ORR", "corridor_name": "Outer Ring Road (Silk Board to Hebbal)", "road_name": "Outer Ring Road", "road_type": "trunk", "segment_length_m": 558.67, "start_lat": 12.998271, "start_lon": 77.682569, "end_lat": 12.994072, "end_lon": 77.685417, "lanes": 3.0, "lane_count_available": 1, "speed_limit_kph": 30.0, "speed_limit_available": 1, "street_lighting": "unverified", "street_lighting_verified": 0, "junction_count": 2, "junction_density_per_km": 3.58, "crossing_count": 0, "bus_stop_count": 0, "btp_station": "K.R. Puram Traffic  PS", "btp_station_clean_name": "K.R. Puram PS", "btp_overlap_ratio": 1.0, "btp_station_total_cases_2023": 254.0, "btp_station_fatal_cases_2023": 41.0, "btp_station_killed_people_2023": 42.0, "btp_station_nonfatal_cases_2023": 213.0, "btp_station_injuries_2023": 217.0, "btp_station_total_cases_2022": null, "btp_station_fatal_cases_2022": null, "btp_station_total_cases_2021": null, "btp_station_fatal_cases_2021": null }, "geometry": { "type": "LineString", "coordinates": [ [ 77.682569090346334, 12.998271373075672 ], [ 77.6828366, 12.99783 ], [ 77.6835838, 12.9966219 ], [ 77.6837111, 12.9964118 ], [ 77.6838492, 12.9962198 ], [ 77.6841858, 12.9957588 ], [ 77.685148500000011, 12.9944312 ], [ 77.6854165, 12.9940723 ] ] } },
{ "type": "Feature", "properties": { "segment_id": "BLR_ORR_023", "corridor_id": "ORR", "corridor_name": "Outer Ring Road (Silk Board to Hebbal)", "road_name": "Outer Ring Road", "road_type": "trunk", "segment_length_m": 210.4, "start_lat": 13.000269, "start_lon": 77.680856, "end_lat": 13.000272, "end_lon": 77.678924, "lanes": 3.0, "lane_count_available": 1, "speed_limit_kph": 60.0, "speed_limit_available": 1, "street_lighting": "unverified", "street_lighting_verified": 0, "junction_count": 2, "junction_density_per_km": 9.51, "crossing_count": 0, "bus_stop_count": 0, "btp_station": "K.R. Puram Traffic  PS", "btp_station_clean_name": "K.R. Puram PS", "btp_overlap_ratio": 1.0, "btp_station_total_cases_2023": 254.0, "btp_station_fatal_cases_2023": 41.0, "btp_station_killed_people_2023": 42.0, "btp_station_nonfatal_cases_2023": 213.0, "btp_station_injuries_2023": 217.0, "btp_station_total_cases_2022": null, "btp_station_fatal_cases_2022": null, "btp_station_total_cases_2021": null, "btp_station_fatal_cases_2021": null }, "geometry": { "type": "LineString", "coordinates": [ [ 77.6808562, 13.000269 ], [ 77.6806885, 13.0003019 ], [ 77.6804889, 13.0003185 ], [ 77.6803539, 13.0003208 ], [ 77.6799744, 13.0003272 ], [ 77.6797879, 13.0003204 ], [ 77.6797088, 13.000317 ], [ 77.6795073, 13.0003083 ], [ 77.6792839, 13.0003019 ], [ 77.6791347, 13.0002897 ], [ 77.6789239, 13.0002725 ] ] } },
{ "type": "Feature", "properties": { "segment_id": "BLR_ORR_024_1", "corridor_id": "ORR", "corridor_name": "Outer Ring Road (Silk Board to Hebbal)", "road_name": "Outer Ring Road", "road_type": "trunk", "segment_length_m": 500.0, "start_lat": 12.974787, "start_lon": 77.69769, "end_lat": 12.970894, "end_lon": 77.700024, "lanes": 3.0, "lane_count_available": 1, "speed_limit_kph": 40.0, "speed_limit_available": 1, "street_lighting": "unverified", "street_lighting_verified": 0, "junction_count": 2, "junction_density_per_km": 4.0, "crossing_count": 0, "bus_stop_count": 0, "btp_station": "H.A.L Airport Traffic PS", "btp_station_clean_name": "H.A.L. PS", "btp_overlap_ratio": 0.5435, "btp_station_total_cases_2023": 97.0, "btp_station_fatal_cases_2023": 17.0, "btp_station_killed_people_2023": 17.0, "btp_station_nonfatal_cases_2023": 80.0, "btp_station_injuries_2023": 80.0, "btp_station_total_cases_2022": 83.0, "btp_station_fatal_cases_2022": 18.0, "btp_station_total_cases_2021": 143.0, "btp_station_fatal_cases_2021": 34.0 }, "geometry": { "type": "LineString", "coordinates": [ [ 77.6976897, 12.9747865 ], [ 77.6980287, 12.9741971 ], [ 77.6984995, 12.9733869 ], [ 77.6986342, 12.973155 ], [ 77.6990113, 12.9725323 ], [ 77.6992843, 12.9721137 ], [ 77.700024280338496, 12.970893940377122 ] ] } },
{ "type": "Feature", "properties": { "segment_id": "BLR_ORR_024_2", "corridor_id": "ORR", "corridor_name": "Outer Ring Road (Silk Board to Hebbal)", "road_name": "Outer Ring Road", "road_type": "trunk", "segment_length_m": 210.77, "start_lat": 12.970894, "start_lon": 77.700024, "end_lat": 12.969259, "end_lon": 77.70102, "lanes": 3.0, "lane_count_available": 1, "speed_limit_kph": 40.0, "speed_limit_available": 1, "street_lighting": "unverified", "street_lighting_verified": 0, "junction_count": 2, "junction_density_per_km": 9.49, "crossing_count": 0, "bus_stop_count": 0, "btp_station": "H.A.L Airport Traffic PS", "btp_station_clean_name": "H.A.L. PS", "btp_overlap_ratio": 1.0, "btp_station_total_cases_2023": 97.0, "btp_station_fatal_cases_2023": 17.0, "btp_station_killed_people_2023": 17.0, "btp_station_nonfatal_cases_2023": 80.0, "btp_station_injuries_2023": 80.0, "btp_station_total_cases_2022": 83.0, "btp_station_fatal_cases_2022": 18.0, "btp_station_total_cases_2021": 143.0, "btp_station_fatal_cases_2021": 34.0 }, "geometry": { "type": "LineString", "coordinates": [ [ 77.700024280338496, 12.970893940377122 ], [ 77.7007677, 12.9696685 ], [ 77.7010195, 12.9692593 ] ] } },
{ "type": "Feature", "properties": { "segment_id": "BLR_ORR_025_1", "corridor_id": "ORR", "corridor_name": "Outer Ring Road (Silk Board to Hebbal)", "road_name": "Outer Ring Road", "road_type": "trunk", "segment_length_m": 500.0, "start_lat": 12.921903, "start_lon": 77.668032, "end_lat": 12.920895, "end_lon": 77.663744, "lanes": 3.0, "lane_count_available": 1, "speed_limit_kph": 40.0, "speed_limit_available": 1, "street_lighting": "unverified", "street_lighting_verified": 0, "junction_count": 2, "junction_density_per_km": 4.0, "crossing_count": 5, "bus_stop_count": 0, "btp_station": "H.S.R.Layout Traffic PS", "btp_station_clean_name": "H.S.R.Layout PS", "btp_overlap_ratio": 1.0, "btp_station_total_cases_2023": 99.0, "btp_station_fatal_cases_2023": 25.0, "btp_station_killed_people_2023": 26.0, "btp_station_nonfatal_cases_2023": 74.0, "btp_station_injuries_2023": 90.0, "btp_station_total_cases_2022": 64.0, "btp_station_fatal_cases_2022": 14.0, "btp_station_total_cases_2021": 56.0, "btp_station_fatal_cases_2021": 15.0 }, "geometry": { "type": "LineString", "coordinates": [ [ 77.6680325, 12.9219032 ], [ 77.6678812, 12.9218265 ], [ 77.6665944, 12.9212222 ], [ 77.665695, 12.9208011 ], [ 77.6654636, 12.9207104 ], [ 77.6652808, 12.9206571 ], [ 77.6651394, 12.9206429 ], [ 77.6649773, 12.9206326 ], [ 77.6647695, 12.9206449 ], [ 77.6645539, 12.9206777 ], [ 77.663743517820492, 12.92089516213313 ] ] } },
{ "type": "Feature", "properties": { "segment_id": "BLR_ORR_025_2", "corridor_id": "ORR", "corridor_name": "Outer Ring Road (Silk Board to Hebbal)", "road_name": "Outer Ring Road", "road_type": "trunk", "segment_length_m": 152.64, "start_lat": 12.920895, "start_lon": 77.663744, "end_lat": 12.921281, "end_lon": 77.662394, "lanes": 3.0, "lane_count_available": 1, "speed_limit_kph": 40.0, "speed_limit_available": 1, "street_lighting": "unverified", "street_lighting_verified": 0, "junction_count": 2, "junction_density_per_km": 13.1, "crossing_count": 2, "bus_stop_count": 0, "btp_station": "H.S.R.Layout Traffic PS", "btp_station_clean_name": "H.S.R.Layout PS", "btp_overlap_ratio": 1.0, "btp_station_total_cases_2023": 99.0, "btp_station_fatal_cases_2023": 25.0, "btp_station_killed_people_2023": 26.0, "btp_station_nonfatal_cases_2023": 74.0, "btp_station_injuries_2023": 90.0, "btp_station_total_cases_2022": 64.0, "btp_station_fatal_cases_2022": 14.0, "btp_station_total_cases_2021": 56.0, "btp_station_fatal_cases_2021": 15.0 }, "geometry": { "type": "LineString", "coordinates": [ [ 77.663743517820492, 12.92089516213313 ], [ 77.6636681, 12.9209154 ], [ 77.6629848, 12.921113 ], [ 77.6627792, 12.9211689 ], [ 77.6625996, 12.9212181 ], [ 77.662394, 12.9212807 ] ] } },
{ "type": "Feature", "properties": { "segment_id": "BLR_ORR_026", "corridor_id": "ORR", "corridor_name": "Outer Ring Road (Silk Board to Hebbal)", "road_name": "Outer Ring Road", "road_type": "trunk", "segment_length_m": 114.54, "start_lat": 13.000418, "start_lon": 77.676511, "end_lat": 13.000397, "end_lon": 77.677532, "lanes": 2.0, "lane_count_available": 1, "speed_limit_kph": 60.0, "speed_limit_available": 1, "street_lighting": "unverified", "street_lighting_verified": 0, "junction_count": 2, "junction_density_per_km": 17.46, "crossing_count": 2, "bus_stop_count": 0, "btp_station": "K.R. Puram Traffic  PS", "btp_station_clean_name": "K.R. Puram PS", "btp_overlap_ratio": 1.0, "btp_station_total_cases_2023": 254.0, "btp_station_fatal_cases_2023": 41.0, "btp_station_killed_people_2023": 42.0, "btp_station_nonfatal_cases_2023": 213.0, "btp_station_injuries_2023": 217.0, "btp_station_total_cases_2022": null, "btp_station_fatal_cases_2022": null, "btp_station_total_cases_2021": null, "btp_station_fatal_cases_2021": null }, "geometry": { "type": "LineString", "coordinates": [ [ 77.6765114, 13.0004176 ], [ 77.6766269, 13.0003488 ], [ 77.6768294, 13.0003174 ], [ 77.6768991, 13.0003135 ], [ 77.6771821, 13.0003671 ], [ 77.6774248, 13.0003593 ], [ 77.6775323, 13.0003968 ] ] } },
{ "type": "Feature", "properties": { "segment_id": "BLR_ORR_027", "corridor_id": "ORR", "corridor_name": "Outer Ring Road (Silk Board to Hebbal)", "road_name": "Outer Ring Road", "road_type": "trunk", "segment_length_m": 110.86, "start_lat": 13.000418, "start_lon": 77.676511, "end_lat": 13.000397, "end_lon": 77.677532, "lanes": 3.0, "lane_count_available": 1, "speed_limit_kph": 60.0, "speed_limit_available": 1, "street_lighting": "unverified", "street_lighting_verified": 0, "junction_count": 2, "junction_density_per_km": 18.04, "crossing_count": 2, "bus_stop_count": 0, "btp_station": "K.R. Puram Traffic  PS", "btp_station_clean_name": "K.R. Puram PS", "btp_overlap_ratio": 1.0, "btp_station_total_cases_2023": 254.0, "btp_station_fatal_cases_2023": 41.0, "btp_station_killed_people_2023": 42.0, "btp_station_nonfatal_cases_2023": 213.0, "btp_station_injuries_2023": 217.0, "btp_station_total_cases_2022": null, "btp_station_fatal_cases_2022": null, "btp_station_total_cases_2021": null, "btp_station_fatal_cases_2021": null }, "geometry": { "type": "LineString", "coordinates": [ [ 77.6765114, 13.0004176 ], [ 77.6766034, 13.0004202 ], [ 77.6767791, 13.0004154 ], [ 77.6775323, 13.0003968 ] ] } },
{ "type": "Feature", "properties": { "segment_id": "BLR_ORR_028_1", "corridor_id": "ORR", "corridor_name": "Outer Ring Road (Silk Board to Hebbal)", "road_name": "Outer Ring Road Underpass / Outer Ring Road", "road_type": "trunk", "segment_length_m": 500.0, "start_lat": 13.016919, "start_lon": 77.660717, "end_lat": 13.013197, "end_lon": 77.662311, "lanes": 3.0, "lane_count_available": 1, "speed_limit_kph": 60.0, "speed_limit_available": 1, "street_lighting": "unverified", "street_lighting_verified": 0, "junction_count": 2, "junction_density_per_km": 4.0, "crossing_count": 0, "bus_stop_count": 0, "btp_station": "K.R. Puram Traffic  PS", "btp_station_clean_name": "K.R. Puram PS", "btp_overlap_ratio": 1.0, "btp_station_total_cases_2023": 254.0, "btp_station_fatal_cases_2023": 41.0, "btp_station_killed_people_2023": 42.0, "btp_station_nonfatal_cases_2023": 213.0, "btp_station_injuries_2023": 217.0, "btp_station_total_cases_2022": null, "btp_station_fatal_cases_2022": null, "btp_station_total_cases_2021": null, "btp_station_fatal_cases_2021": null }, "geometry": { "type": "LineString", "coordinates": [ [ 77.6607173, 13.0169188 ], [ 77.6611918, 13.0167438 ], [ 77.6613889, 13.0166711 ], [ 77.6616183, 13.0165714 ], [ 77.6617699, 13.0164783 ], [ 77.6619, 13.0163613 ], [ 77.6619932, 13.0162096 ], [ 77.6620661, 13.0160503 ], [ 77.6621357, 13.0157194 ], [ 77.6621727, 13.0154035 ], [ 77.6622096, 13.0150439 ], [ 77.6622163, 13.0149171 ], [ 77.6622905, 13.0135139 ], [ 77.662311124965413, 13.0131969751717 ] ] } },
{ "type": "Feature", "properties": { "segment_id": "BLR_ORR_028_2", "corridor_id": "ORR", "corridor_name": "Outer Ring Road (Silk Board to Hebbal)", "road_name": "Outer Ring Road Underpass / Outer Ring Road", "road_type": "trunk", "segment_length_m": 296.56, "start_lat": 13.013197, "start_lon": 77.662311, "end_lat": 13.010524, "end_lon": 77.662491, "lanes": 3.0, "lane_count_available": 1, "speed_limit_kph": 60.0, "speed_limit_available": 1, "street_lighting": "unverified", "street_lighting_verified": 0, "junction_count": 2, "junction_density_per_km": 6.74, "crossing_count": 1, "bus_stop_count": 0, "btp_station": "K.R. Puram Traffic  PS", "btp_station_clean_name": "K.R. Puram PS", "btp_overlap_ratio": 1.0, "btp_station_total_cases_2023": 254.0, "btp_station_fatal_cases_2023": 41.0, "btp_station_killed_people_2023": 42.0, "btp_station_nonfatal_cases_2023": 213.0, "btp_station_injuries_2023": 217.0, "btp_station_total_cases_2022": null, "btp_station_fatal_cases_2022": null, "btp_station_total_cases_2021": null, "btp_station_fatal_cases_2021": null }, "geometry": { "type": "LineString", "coordinates": [ [ 77.662311124965413, 13.0131969751717 ], [ 77.6623241, 13.0129976 ], [ 77.662435, 13.0113688 ], [ 77.662442, 13.011263 ], [ 77.6624908, 13.0105238 ] ] } },
{ "type": "Feature", "properties": { "segment_id": "BLR_ORR_029_1", "corridor_id": "ORR", "corridor_name": "Outer Ring Road (Silk Board to Hebbal)", "road_name": "Outer Ring Road", "road_type": "trunk", "segment_length_m": 500.0, "start_lat": 13.010524, "start_lon": 77.662491, "end_lat": 13.006042, "end_lon": 77.663015, "lanes": 3.0, "lane_count_available": 1, "speed_limit_kph": 60.0, "speed_limit_available": 1, "street_lighting": "unverified", "street_lighting_verified": 0, "junction_count": 2, "junction_density_per_km": 4.0, "crossing_count": 0, "bus_stop_count": 0, "btp_station": "K.R. Puram Traffic  PS", "btp_station_clean_name": "K.R. Puram PS", "btp_overlap_ratio": 1.0, "btp_station_total_cases_2023": 254.0, "btp_station_fatal_cases_2023": 41.0, "btp_station_killed_people_2023": 42.0, "btp_station_nonfatal_cases_2023": 213.0, "btp_station_injuries_2023": 217.0, "btp_station_total_cases_2022": null, "btp_station_fatal_cases_2022": null, "btp_station_total_cases_2021": null, "btp_station_fatal_cases_2021": null }, "geometry": { "type": "LineString", "coordinates": [ [ 77.6624908, 13.0105238 ], [ 77.6626254, 13.0085624 ], [ 77.6626536, 13.0082045 ], [ 77.662702100000018, 13.0078658 ], [ 77.663014705643036, 13.006041507065335 ] ] } },
{ "type": "Feature", "properties": { "segment_id": "BLR_ORR_029_2", "corridor_id": "ORR", "corridor_name": "Outer Ring Road (Silk Board to Hebbal)", "road_name": "Outer Ring Road", "road_type": "trunk", "segment_length_m": 465.13, "start_lat": 13.006042, "start_lon": 77.663015, "end_lat": 13.001862, "end_lon": 77.663415, "lanes": 3.0, "lane_count_available": 1, "speed_limit_kph": 60.0, "speed_limit_available": 1, "street_lighting": "unverified", "street_lighting_verified": 0, "junction_count": 2, "junction_density_per_km": 4.3, "crossing_count": 0, "bus_stop_count": 0, "btp_station": "K.R. Puram Traffic  PS", "btp_station_clean_name": "K.R. Puram PS", "btp_overlap_ratio": 1.0, "btp_station_total_cases_2023": 254.0, "btp_station_fatal_cases_2023": 41.0, "btp_station_killed_people_2023": 42.0, "btp_station_nonfatal_cases_2023": 213.0, "btp_station_injuries_2023": 217.0, "btp_station_total_cases_2022": null, "btp_station_fatal_cases_2022": null, "btp_station_total_cases_2021": null, "btp_station_fatal_cases_2021": null }, "geometry": { "type": "LineString", "coordinates": [ [ 77.663014705643036, 13.006041507065335 ], [ 77.6631801, 13.0050763 ], [ 77.663224, 13.0047567 ], [ 77.663252, 13.0044312 ], [ 77.6632748, 13.0041314 ], [ 77.6633621, 13.0026976 ], [ 77.6634148, 13.0018624 ] ] } },
{ "type": "Feature", "properties": { "segment_id": "BLR_ORR_031", "corridor_id": "ORR", "corridor_name": "Outer Ring Road (Silk Board to Hebbal)", "road_name": "Outer Ring Road", "road_type": "trunk", "segment_length_m": 399.31, "start_lat": 12.941393, "start_lon": 77.696342, "end_lat": 12.944643, "end_lon": 77.697903, "lanes": 3.0, "lane_count_available": 1, "speed_limit_kph": 60.0, "speed_limit_available": 1, "street_lighting": "unverified", "street_lighting_verified": 0, "junction_count": 2, "junction_density_per_km": 5.01, "crossing_count": 3, "bus_stop_count": 0, "btp_station": "H.A.L Airport Traffic PS", "btp_station_clean_name": "H.A.L. PS", "btp_overlap_ratio": 1.0, "btp_station_total_cases_2023": 97.0, "btp_station_fatal_cases_2023": 17.0, "btp_station_killed_people_2023": 17.0, "btp_station_nonfatal_cases_2023": 80.0, "btp_station_injuries_2023": 80.0, "btp_station_total_cases_2022": 83.0, "btp_station_fatal_cases_2022": 18.0, "btp_station_total_cases_2021": 143.0, "btp_station_fatal_cases_2021": 34.0 }, "geometry": { "type": "LineString", "coordinates": [ [ 77.696342, 12.9413926 ], [ 77.6967186, 12.9420199 ], [ 77.6967598, 12.9420906 ], [ 77.6971235, 12.9427148 ], [ 77.6972426, 12.9429227 ], [ 77.6973575, 12.9431597 ], [ 77.6974798, 12.9434401 ], [ 77.6976307, 12.9438616 ], [ 77.6979027, 12.9446434 ] ] } },
{ "type": "Feature", "properties": { "segment_id": "BLR_ORR_032", "corridor_id": "ORR", "corridor_name": "Outer Ring Road (Silk Board to Hebbal)", "road_name": "Outer Ring Road", "road_type": "trunk", "segment_length_m": 92.93, "start_lat": 12.937413, "start_lon": 77.69339, "end_lat": 12.936862, "end_lon": 77.692744, "lanes": 3.0, "lane_count_available": 1, "speed_limit_kph": 60.0, "speed_limit_available": 1, "street_lighting": "unverified", "street_lighting_verified": 0, "junction_count": 2, "junction_density_per_km": 21.52, "crossing_count": 0, "bus_stop_count": 0, "btp_station": "H.A.L Airport Traffic PS", "btp_station_clean_name": "H.A.L. PS", "btp_overlap_ratio": 1.0, "btp_station_total_cases_2023": 97.0, "btp_station_fatal_cases_2023": 17.0, "btp_station_killed_people_2023": 17.0, "btp_station_nonfatal_cases_2023": 80.0, "btp_station_injuries_2023": 80.0, "btp_station_total_cases_2022": 83.0, "btp_station_fatal_cases_2022": 18.0, "btp_station_total_cases_2021": 143.0, "btp_station_fatal_cases_2021": 34.0 }, "geometry": { "type": "LineString", "coordinates": [ [ 77.6933901, 12.9374131 ], [ 77.6927441, 12.9368624 ] ] } },
{ "type": "Feature", "properties": { "segment_id": "BLR_ORR_033", "corridor_id": "ORR", "corridor_name": "Outer Ring Road (Silk Board to Hebbal)", "road_name": "Outer Ring Road", "road_type": "trunk", "segment_length_m": 483.93, "start_lat": 12.99314, "start_lon": 77.685961, "end_lat": 12.99671, "end_lon": 77.68339, "lanes": 3.0, "lane_count_available": 1, "speed_limit_kph": 60.0, "speed_limit_available": 1, "street_lighting": "unverified", "street_lighting_verified": 0, "junction_count": 2, "junction_density_per_km": 4.13, "crossing_count": 0, "bus_stop_count": 0, "btp_station": "K.R. Puram Traffic  PS", "btp_station_clean_name": "K.R. Puram PS", "btp_overlap_ratio": 1.0, "btp_station_total_cases_2023": 254.0, "btp_station_fatal_cases_2023": 41.0, "btp_station_killed_people_2023": 42.0, "btp_station_nonfatal_cases_2023": 213.0, "btp_station_injuries_2023": 217.0, "btp_station_total_cases_2022": null, "btp_station_fatal_cases_2022": null, "btp_station_total_cases_2021": null, "btp_station_fatal_cases_2021": null }, "geometry": { "type": "LineString", "coordinates": [ [ 77.6859612, 12.9931398 ], [ 77.6851525, 12.9942241 ], [ 77.685118, 12.9942712 ], [ 77.6850903, 12.994309 ], [ 77.6848346, 12.994658 ], [ 77.6836193, 12.9963559 ], [ 77.68339, 12.9967099 ] ] } },
{ "type": "Feature", "properties": { "segment_id": "BLR_ORR_034", "corridor_id": "ORR", "corridor_name": "Outer Ring Road (Silk Board to Hebbal)", "road_name": "Outer Ring Road", "road_type": "trunk", "segment_length_m": 394.36, "start_lat": 12.963331, "start_lon": 77.701909, "end_lat": 12.959805, "end_lon": 77.701399, "lanes": 3.0, "lane_count_available": 1, "speed_limit_kph": 40.0, "speed_limit_available": 1, "street_lighting": "unverified", "street_lighting_verified": 0, "junction_count": 2, "junction_density_per_km": 5.07, "crossing_count": 2, "bus_stop_count": 0, "btp_station": "H.A.L Airport Traffic PS", "btp_station_clean_name": "H.A.L. PS", "btp_overlap_ratio": 1.0, "btp_station_total_cases_2023": 97.0, "btp_station_fatal_cases_2023": 17.0, "btp_station_killed_people_2023": 17.0, "btp_station_nonfatal_cases_2023": 80.0, "btp_station_injuries_2023": 80.0, "btp_station_total_cases_2022": 83.0, "btp_station_fatal_cases_2022": 18.0, "btp_station_total_cases_2021": 143.0, "btp_station_fatal_cases_2021": 34.0 }, "geometry": { "type": "LineString", "coordinates": [ [ 77.7019095, 12.9633313 ], [ 77.7018447, 12.9629086 ], [ 77.7017132, 12.9620871 ], [ 77.7015292, 12.9607614 ], [ 77.7015213, 12.9607044 ], [ 77.7015077, 12.9606063 ], [ 77.7014179, 12.9599597 ], [ 77.7014054, 12.9598805 ], [ 77.7013992, 12.9598046 ] ] } },
{ "type": "Feature", "properties": { "segment_id": "BLR_ORR_035", "corridor_id": "ORR", "corridor_name": "Outer Ring Road (Silk Board to Hebbal)", "road_name": "Outer Ring Road", "road_type": "primary", "segment_length_m": 290.41, "start_lat": 12.924061, "start_lon": 77.647346, "end_lat": 12.92447, "end_lon": 77.649974, "lanes": null, "lane_count_available": 0, "speed_limit_kph": 40.0, "speed_limit_available": 1, "street_lighting": "unverified", "street_lighting_verified": 0, "junction_count": 2, "junction_density_per_km": 6.89, "crossing_count": 0, "bus_stop_count": 0, "btp_station": "H.S.R.Layout Traffic PS", "btp_station_clean_name": "H.S.R.Layout PS", "btp_overlap_ratio": 1.0, "btp_station_total_cases_2023": 99.0, "btp_station_fatal_cases_2023": 25.0, "btp_station_killed_people_2023": 26.0, "btp_station_nonfatal_cases_2023": 74.0, "btp_station_injuries_2023": 90.0, "btp_station_total_cases_2022": 64.0, "btp_station_fatal_cases_2022": 14.0, "btp_station_total_cases_2021": 56.0, "btp_station_fatal_cases_2021": 15.0 }, "geometry": { "type": "LineString", "coordinates": [ [ 77.6473465, 12.9240607 ], [ 77.6475504, 12.9240961 ], [ 77.6477967, 12.9241903 ], [ 77.6479308, 12.9242366 ], [ 77.6480798, 12.9242749 ], [ 77.6485004, 12.9243551 ], [ 77.6490529, 12.9244103 ], [ 77.6497704, 12.924456 ], [ 77.649974, 12.9244696 ] ] } },
{ "type": "Feature", "properties": { "segment_id": "BLR_ORR_037_1", "corridor_id": "ORR", "corridor_name": "Outer Ring Road (Silk Board to Hebbal)", "road_name": "Outer Ring Road", "road_type": "trunk", "segment_length_m": 500.0, "start_lat": 12.923795, "start_lon": 77.654392, "end_lat": 12.922458, "end_lon": 77.658781, "lanes": 3.0, "lane_count_available": 1, "speed_limit_kph": null, "speed_limit_available": 0, "street_lighting": "unverified", "street_lighting_verified": 0, "junction_count": 2, "junction_density_per_km": 4.0, "crossing_count": 0, "bus_stop_count": 0, "btp_station": "H.S.R.Layout Traffic PS", "btp_station_clean_name": "H.S.R.Layout PS", "btp_overlap_ratio": 1.0, "btp_station_total_cases_2023": 99.0, "btp_station_fatal_cases_2023": 25.0, "btp_station_killed_people_2023": 26.0, "btp_station_nonfatal_cases_2023": 74.0, "btp_station_injuries_2023": 90.0, "btp_station_total_cases_2022": 64.0, "btp_station_fatal_cases_2022": 14.0, "btp_station_total_cases_2021": 56.0, "btp_station_fatal_cases_2021": 15.0 }, "geometry": { "type": "LineString", "coordinates": [ [ 77.6543918, 12.9237946 ], [ 77.6550183, 12.9236734 ], [ 77.6553864, 12.923603 ], [ 77.6556513, 12.9235332 ], [ 77.6557534, 12.9234971 ], [ 77.6565126, 12.9232519 ], [ 77.658781410094903, 12.922457779144358 ] ] } },
{ "type": "Feature", "properties": { "segment_id": "BLR_ORR_037_2", "corridor_id": "ORR", "corridor_name": "Outer Ring Road (Silk Board to Hebbal)", "road_name": "Outer Ring Road", "road_type": "trunk", "segment_length_m": 500.0, "start_lat": 12.922458, "start_lon": 77.658781, "end_lat": 12.921209, "end_lon": 77.663202, "lanes": 3.0, "lane_count_available": 1, "speed_limit_kph": null, "speed_limit_available": 0, "street_lighting": "unverified", "street_lighting_verified": 0, "junction_count": 2, "junction_density_per_km": 4.0, "crossing_count": 2, "bus_stop_count": 0, "btp_station": "H.S.R.Layout Traffic PS", "btp_station_clean_name": "H.S.R.Layout PS", "btp_overlap_ratio": 1.0, "btp_station_total_cases_2023": 99.0, "btp_station_fatal_cases_2023": 25.0, "btp_station_killed_people_2023": 26.0, "btp_station_nonfatal_cases_2023": 74.0, "btp_station_injuries_2023": 90.0, "btp_station_total_cases_2022": 64.0, "btp_station_fatal_cases_2022": 14.0, "btp_station_total_cases_2021": 56.0, "btp_station_fatal_cases_2021": 15.0 }, "geometry": { "type": "LineString", "coordinates": [ [ 77.658781410094903, 12.922457779144358 ], [ 77.659737, 12.9221233 ], [ 77.6600035, 12.9220272 ], [ 77.6602414, 12.9219543 ], [ 77.6622734, 12.9214429 ], [ 77.6629056, 12.921278 ], [ 77.6630783, 12.9212384 ], [ 77.66320230411759, 12.921209418106962 ] ] } },
{ "type": "Feature", "properties": { "segment_id": "BLR_ORR_037_3", "corridor_id": "ORR", "corridor_name": "Outer Ring Road (Silk Board to Hebbal)", "road_name": "Outer Ring Road", "road_type": "trunk", "segment_length_m": 184.25, "start_lat": 12.921209, "start_lon": 77.663202, "end_lat": 12.920811, "end_lon": 77.664846, "lanes": 3.0, "lane_count_available": 1, "speed_limit_kph": null, "speed_limit_available": 0, "street_lighting": "unverified", "street_lighting_verified": 0, "junction_count": 2, "junction_density_per_km": 10.85, "crossing_count": 0, "bus_stop_count": 0, "btp_station": "H.S.R.Layout Traffic PS", "btp_station_clean_name": "H.S.R.Layout PS", "btp_overlap_ratio": 1.0, "btp_station_total_cases_2023": 99.0, "btp_station_fatal_cases_2023": 25.0, "btp_station_killed_people_2023": 26.0, "btp_station_nonfatal_cases_2023": 74.0, "btp_station_injuries_2023": 90.0, "btp_station_total_cases_2022": 64.0, "btp_station_fatal_cases_2022": 14.0, "btp_station_total_cases_2021": 56.0, "btp_station_fatal_cases_2021": 15.0 }, "geometry": { "type": "LineString", "coordinates": [ [ 77.66320230411759, 12.921209418106962 ], [ 77.6635896, 12.9211189 ], [ 77.6639564, 12.9210171 ], [ 77.6643062, 12.9209196 ], [ 77.6646317, 12.9208374 ], [ 77.6647433, 12.9208113 ], [ 77.6648463, 12.9208114 ] ] } },
{ "type": "Feature", "properties": { "segment_id": "BLR_ORR_039", "corridor_id": "ORR", "corridor_name": "Outer Ring Road (Silk Board to Hebbal)", "road_name": "Outer Ring Road", "road_type": "trunk", "segment_length_m": 81.22, "start_lat": 12.917213, "start_lon": 77.622657, "end_lat": 12.916928, "end_lon": 77.621968, "lanes": 3.0, "lane_count_available": 1, "speed_limit_kph": 40.0, "speed_limit_available": 1, "street_lighting": "unverified", "street_lighting_verified": 0, "junction_count": 1, "junction_density_per_km": 12.31, "crossing_count": 0, "bus_stop_count": 0, "btp_station": "Mico layout Traffic PS", "btp_station_clean_name": "Mico layout Bangalore PS", "btp_overlap_ratio": 1.0, "btp_station_total_cases_2023": 88.0, "btp_station_fatal_cases_2023": 14.0, "btp_station_killed_people_2023": 14.0, "btp_station_nonfatal_cases_2023": 74.0, "btp_station_injuries_2023": 71.0, "btp_station_total_cases_2022": 53.0, "btp_station_fatal_cases_2022": 11.0, "btp_station_total_cases_2021": 70.0, "btp_station_fatal_cases_2021": 9.0 }, "geometry": { "type": "LineString", "coordinates": [ [ 77.6226574, 12.9172126 ], [ 77.6223011, 12.9170799 ], [ 77.6219684, 12.9169283 ] ] } },
{ "type": "Feature", "properties": { "segment_id": "BLR_ORR_040", "corridor_id": "ORR", "corridor_name": "Outer Ring Road (Silk Board to Hebbal)", "road_name": "Sarjapura Road", "road_type": "primary", "segment_length_m": 279.43, "start_lat": 12.920522, "start_lon": 77.6649, "end_lat": 12.921189, "end_lon": 77.662419, "lanes": 2.0, "lane_count_available": 1, "speed_limit_kph": 50.0, "speed_limit_available": 1, "street_lighting": "unverified", "street_lighting_verified": 0, "junction_count": 2, "junction_density_per_km": 7.16, "crossing_count": 1, "bus_stop_count": 0, "btp_station": "H.S.R.Layout Traffic PS", "btp_station_clean_name": "H.S.R.Layout PS", "btp_overlap_ratio": 1.0, "btp_station_total_cases_2023": 99.0, "btp_station_fatal_cases_2023": 25.0, "btp_station_killed_people_2023": 26.0, "btp_station_nonfatal_cases_2023": 74.0, "btp_station_injuries_2023": 90.0, "btp_station_total_cases_2022": 64.0, "btp_station_fatal_cases_2022": 14.0, "btp_station_total_cases_2021": 56.0, "btp_station_fatal_cases_2021": 15.0 }, "geometry": { "type": "LineString", "coordinates": [ [ 77.6648998, 12.9205222 ], [ 77.6646905, 12.9205614 ], [ 77.6636514, 12.9208504 ], [ 77.6624187, 12.9211891 ] ] } },
{ "type": "Feature", "properties": { "segment_id": "BLR_ORR_041_1", "corridor_id": "ORR", "corridor_name": "Outer Ring Road (Silk Board to Hebbal)", "road_name": "Inner Ring Road", "road_type": "primary", "segment_length_m": 500.0, "start_lat": 12.945974, "start_lon": 77.640104, "end_lat": 12.942109, "end_lon": 77.637721, "lanes": 2.0, "lane_count_available": 1, "speed_limit_kph": null, "speed_limit_available": 0, "street_lighting": "unverified", "street_lighting_verified": 0, "junction_count": 2, "junction_density_per_km": 4.0, "crossing_count": 4, "bus_stop_count": 0, "btp_station": "Ashokanagara Traffic PS", "btp_station_clean_name": "Ashokanagara  PS", "btp_overlap_ratio": 0.9584, "btp_station_total_cases_2023": 38.0, "btp_station_fatal_cases_2023": 6.0, "btp_station_killed_people_2023": 6.0, "btp_station_nonfatal_cases_2023": 32.0, "btp_station_injuries_2023": 30.0, "btp_station_total_cases_2022": 35.0, "btp_station_fatal_cases_2022": 4.0, "btp_station_total_cases_2021": 42.0, "btp_station_fatal_cases_2021": 5.0 }, "geometry": { "type": "LineString", "coordinates": [ [ 77.6401043, 12.945974 ], [ 77.6400807, 12.9459361 ], [ 77.6394944, 12.9449882 ], [ 77.6389194, 12.9440523 ], [ 77.638443, 12.9432695 ], [ 77.6379266, 12.9424487 ], [ 77.637720764037383, 12.942109373518372 ] ] } },
{ "type": "Feature", "properties": { "segment_id": "BLR_ORR_041_2", "corridor_id": "ORR", "corridor_name": "Outer Ring Road (Silk Board to Hebbal)", "road_name": "Inner Ring Road", "road_type": "primary", "segment_length_m": 500.0, "start_lat": 12.942109, "start_lon": 77.637721, "end_lat": 12.93869, "end_lon": 77.634857, "lanes": 2.0, "lane_count_available": 1, "speed_limit_kph": null, "speed_limit_available": 0, "street_lighting": "unverified", "street_lighting_verified": 0, "junction_count": 2, "junction_density_per_km": 4.0, "crossing_count": 0, "bus_stop_count": 0, "btp_station": "Ashokanagara Traffic PS", "btp_station_clean_name": "Ashokanagara  PS", "btp_overlap_ratio": 1.0, "btp_station_total_cases_2023": 38.0, "btp_station_fatal_cases_2023": 6.0, "btp_station_killed_people_2023": 6.0, "btp_station_nonfatal_cases_2023": 32.0, "btp_station_injuries_2023": 30.0, "btp_station_total_cases_2022": 35.0, "btp_station_fatal_cases_2022": 4.0, "btp_station_total_cases_2021": 42.0, "btp_station_fatal_cases_2021": 5.0 }, "geometry": { "type": "LineString", "coordinates": [ [ 77.637720764037383, 12.942109373518372 ], [ 77.6374358, 12.9416396 ], [ 77.636945, 12.9408345 ], [ 77.6367245, 12.9404689 ], [ 77.636626, 12.9403057 ], [ 77.6363563, 12.9399024 ], [ 77.6362006, 12.9396895 ], [ 77.6361014, 12.9395719 ], [ 77.6358302, 12.9393019 ], [ 77.6355649, 12.9390747 ], [ 77.6354094, 12.9389693 ], [ 77.6352196, 12.9388543 ], [ 77.6350003, 12.9387511 ], [ 77.634856639321086, 12.938690297086898 ] ] } },
{ "type": "Feature", "properties": { "segment_id": "BLR_ORR_041_3", "corridor_id": "ORR", "corridor_name": "Outer Ring Road (Silk Board to Hebbal)", "road_name": "Inner Ring Road", "road_type": "primary", "segment_length_m": 500.0, "start_lat": 12.93869, "start_lon": 77.634857, "end_lat": 12.938438, "end_lon": 77.630291, "lanes": 2.0, "lane_count_available": 1, "speed_limit_kph": null, "speed_limit_available": 0, "street_lighting": "unverified", "street_lighting_verified": 0, "junction_count": 2, "junction_density_per_km": 4.0, "crossing_count": 0, "bus_stop_count": 0, "btp_station": "Ashokanagara Traffic PS", "btp_station_clean_name": "Ashokanagara  PS", "btp_overlap_ratio": 1.0, "btp_station_total_cases_2023": 38.0, "btp_station_fatal_cases_2023": 6.0, "btp_station_killed_people_2023": 6.0, "btp_station_nonfatal_cases_2023": 32.0, "btp_station_injuries_2023": 30.0, "btp_station_total_cases_2022": 35.0, "btp_station_fatal_cases_2022": 4.0, "btp_station_total_cases_2021": 42.0, "btp_station_fatal_cases_2021": 5.0 }, "geometry": { "type": "LineString", "coordinates": [ [ 77.634856639321086, 12.938690297086898 ], [ 77.6347645, 12.9386513 ], [ 77.6344725, 12.9385526 ], [ 77.6343199, 12.9385149 ], [ 77.6341785, 12.9384799 ], [ 77.6340522, 12.9384557 ], [ 77.6338902, 12.9384381 ], [ 77.6336043, 12.9384282 ], [ 77.6333119, 12.9384347 ], [ 77.6329272, 12.9384435 ], [ 77.6328936, 12.9384443 ], [ 77.6328315, 12.9384457 ], [ 77.6327689, 12.9384471 ], [ 77.6317931, 12.9384714 ], [ 77.6316793, 12.9384651 ], [ 77.6311339, 12.9384426 ], [ 77.6308833, 12.9384422 ], [ 77.6305999, 12.9384318 ], [ 77.63033830000002, 12.9384373 ], [ 77.630290926013217, 12.938438326316172 ] ] } },
{ "type": "Feature", "properties": { "segment_id": "BLR_ORR_041_4", "corridor_id": "ORR", "corridor_name": "Outer Ring Road (Silk Board to Hebbal)", "road_name": "Inner Ring Road", "road_type": "primary", "segment_length_m": 391.62, "start_lat": 12.938438, "start_lon": 77.630291, "end_lat": 12.937249, "end_lon": 77.627005, "lanes": 2.0, "lane_count_available": 1, "speed_limit_kph": null, "speed_limit_available": 0, "street_lighting": "unverified", "street_lighting_verified": 0, "junction_count": 2, "junction_density_per_km": 5.11, "crossing_count": 4, "bus_stop_count": 0, "btp_station": "Adugodi Traffic PS", "btp_station_clean_name": "Adugodi PS", "btp_overlap_ratio": 0.5181, "btp_station_total_cases_2023": 63.0, "btp_station_fatal_cases_2023": 10.0, "btp_station_killed_people_2023": 10.0, "btp_station_nonfatal_cases_2023": 53.0, "btp_station_injuries_2023": 67.0, "btp_station_total_cases_2022": 42.0, "btp_station_fatal_cases_2022": 6.0, "btp_station_total_cases_2021": 19.0, "btp_station_fatal_cases_2021": 2.0 }, "geometry": { "type": "LineString", "coordinates": [ [ 77.630290926013217, 12.938438326316172 ], [ 77.6301075, 12.9384423 ], [ 77.6296591, 12.9384552 ], [ 77.629489, 12.9384533 ], [ 77.6293303, 12.9384337 ], [ 77.629189, 12.9384034 ], [ 77.6288703, 12.9382965 ], [ 77.6287795, 12.9382646 ], [ 77.6286878, 12.9382356 ], [ 77.6285411, 12.938179 ], [ 77.6284201, 12.9381191 ], [ 77.628305700000013, 12.9380641 ], [ 77.6281756, 12.9379981 ], [ 77.6279541, 12.9378841 ], [ 77.6277041, 12.937751 ], [ 77.6274688, 12.9376121 ], [ 77.6272877, 12.9374897 ], [ 77.6270752, 12.9373044 ], [ 77.6270563, 12.9372886 ], [ 77.6270053, 12.937249 ] ] } },
{ "type": "Feature", "properties": { "segment_id": "BLR_ORR_042_1", "corridor_id": "ORR", "corridor_name": "Outer Ring Road (Silk Board to Hebbal)", "road_name": "Inner Ring Road / Domlur Flyover", "road_type": "primary", "segment_length_m": 500.0, "start_lat": 12.946032, "start_lon": 77.640011, "end_lat": 12.949766, "end_lon": 77.639191, "lanes": 2.0, "lane_count_available": 1, "speed_limit_kph": null, "speed_limit_available": 0, "street_lighting": "unverified", "street_lighting_verified": 0, "junction_count": 2, "junction_density_per_km": 4.0, "crossing_count": 4, "bus_stop_count": 0, "btp_station": "Halasur Traffic PS", "btp_station_clean_name": "Halasur PS", "btp_overlap_ratio": 1.0, "btp_station_total_cases_2023": 67.0, "btp_station_fatal_cases_2023": 11.0, "btp_station_killed_people_2023": 11.0, "btp_station_nonfatal_cases_2023": 56.0, "btp_station_injuries_2023": 48.0, "btp_station_total_cases_2022": 76.0, "btp_station_fatal_cases_2022": 13.0, "btp_station_total_cases_2021": 47.0, "btp_station_fatal_cases_2021": 19.0 }, "geometry": { "type": "LineString", "coordinates": [ [ 77.640011, 12.9460321 ], [ 77.6400555, 12.9461078 ], [ 77.6403286, 12.9465737 ], [ 77.6406259, 12.947076 ], [ 77.6407094, 12.9472429 ], [ 77.6407322, 12.9473134 ], [ 77.6407665, 12.9474452 ], [ 77.6407765, 12.9475526 ], [ 77.6407665, 12.947791 ], [ 77.6407283, 12.9479742 ], [ 77.6406785, 12.9481526 ], [ 77.640608, 12.9482834 ], [ 77.6405618, 12.9483434 ], [ 77.6404694, 12.9484479 ], [ 77.6403386, 12.948576 ], [ 77.640002, 12.9488544 ], [ 77.639558, 12.9492636 ], [ 77.6394173, 12.9493974 ], [ 77.6392966, 12.9495483 ], [ 77.6391986, 12.9497451 ], [ 77.639191408197959, 12.94976559429233 ] ] } },
{ "type": "Feature", "properties": { "segment_id": "BLR_ORR_042_2", "corridor_id": "ORR", "corridor_name": "Outer Ring Road (Silk Board to Hebbal)", "road_name": "Inner Ring Road / Domlur Flyover", "road_type": "primary", "segment_length_m": 500.0, "start_lat": 12.949766, "start_lon": 77.639191, "end_lat": 12.953805, "end_lon": 77.641012, "lanes": 2.0, "lane_count_available": 1, "speed_limit_kph": null, "speed_limit_available": 0, "street_lighting": "unverified", "street_lighting_verified": 0, "junction_count": 2, "junction_density_per_km": 4.0, "crossing_count": 1, "bus_stop_count": 0, "btp_station": "Halasur Traffic PS", "btp_station_clean_name": "Halasur PS", "btp_overlap_ratio": 1.0, "btp_station_total_cases_2023": 67.0, "btp_station_fatal_cases_2023": 11.0, "btp_station_killed_people_2023": 11.0, "btp_station_nonfatal_cases_2023": 56.0, "btp_station_injuries_2023": 48.0, "btp_station_total_cases_2022": 76.0, "btp_station_fatal_cases_2022": 13.0, "btp_station_total_cases_2021": 47.0, "btp_station_fatal_cases_2021": 19.0 }, "geometry": { "type": "LineString", "coordinates": [ [ 77.639191408197959, 12.94976559429233 ], [ 77.6391527, 12.9498759 ], [ 77.6391189, 12.9500777 ], [ 77.6391251, 12.9502703 ], [ 77.6391602, 12.950468 ], [ 77.63933, 12.950852 ], [ 77.6396446, 12.9514557 ], [ 77.639806800000017, 12.9517297 ], [ 77.6401966, 12.9523878 ], [ 77.6403715, 12.9526756 ], [ 77.6405486, 12.9529792 ], [ 77.6406247, 12.9531098 ], [ 77.640693, 12.9532268 ], [ 77.6408344, 12.9534691 ], [ 77.641011800908885, 12.953805282984062 ] ] } },
{ "type": "Feature", "properties": { "segment_id": "BLR_ORR_042_3", "corridor_id": "ORR", "corridor_name": "Outer Ring Road (Silk Board to Hebbal)", "road_name": "Inner Ring Road / Domlur Flyover", "road_type": "primary", "segment_length_m": 500.0, "start_lat": 12.953805, "start_lon": 77.641012, "end_lat": 12.958263, "end_lon": 77.64134, "lanes": 2.0, "lane_count_available": 1, "speed_limit_kph": null, "speed_limit_available": 0, "street_lighting": "unverified", "street_lighting_verified": 0, "junction_count": 2, "junction_density_per_km": 4.0, "crossing_count": 6, "bus_stop_count": 0, "btp_station": "Halasur Traffic PS", "btp_station_clean_name": "Halasur PS", "btp_overlap_ratio": 1.0, "btp_station_total_cases_2023": 67.0, "btp_station_fatal_cases_2023": 11.0, "btp_station_killed_people_2023": 11.0, "btp_station_nonfatal_cases_2023": 56.0, "btp_station_injuries_2023": 48.0, "btp_station_total_cases_2022": 76.0, "btp_station_fatal_cases_2022": 13.0, "btp_station_total_cases_2021": 47.0, "btp_station_fatal_cases_2021": 19.0 }, "geometry": { "type": "LineString", "coordinates": [ [ 77.641011800908885, 12.953805282984062 ], [ 77.6411955, 12.9541534 ], [ 77.641259100000013, 12.9543926 ], [ 77.6412871, 12.9546887 ], [ 77.6413086, 12.9550654 ], [ 77.6413397, 12.9555613 ], [ 77.6413531, 12.9563938 ], [ 77.6413603, 12.9567428 ], [ 77.6413623, 12.9568407 ], [ 77.641363, 12.9569623 ], [ 77.6413469, 12.9571754 ], [ 77.6413026, 12.9578484 ], [ 77.6413115, 12.9580829 ], [ 77.6413211, 12.9581647 ], [ 77.641340355678295, 12.95826272011314 ] ] } },
{ "type": "Feature", "properties": { "segment_id": "BLR_ORR_042_4", "corridor_id": "ORR", "corridor_name": "Outer Ring Road (Silk Board to Hebbal)", "road_name": "Inner Ring Road / Domlur Flyover", "road_type": "primary", "segment_length_m": 312.13, "start_lat": 12.958263, "start_lon": 77.64134, "end_lat": 12.961053, "end_lon": 77.641713, "lanes": 2.0, "lane_count_available": 1, "speed_limit_kph": null, "speed_limit_available": 0, "street_lighting": "unverified", "street_lighting_verified": 0, "junction_count": 2, "junction_density_per_km": 6.41, "crossing_count": 7, "bus_stop_count": 0, "btp_station": "Halasur Traffic PS", "btp_station_clean_name": "Halasur PS", "btp_overlap_ratio": 1.0, "btp_station_total_cases_2023": 67.0, "btp_station_fatal_cases_2023": 11.0, "btp_station_killed_people_2023": 11.0, "btp_station_nonfatal_cases_2023": 56.0, "btp_station_injuries_2023": 48.0, "btp_station_total_cases_2022": 76.0, "btp_station_fatal_cases_2022": 13.0, "btp_station_total_cases_2021": 47.0, "btp_station_fatal_cases_2021": 19.0 }, "geometry": { "type": "LineString", "coordinates": [ [ 77.641340355678295, 12.95826272011314 ], [ 77.641341, 12.958266 ], [ 77.6413631, 12.9584028 ], [ 77.6414598, 12.9594035 ], [ 77.6415303, 12.9598578 ], [ 77.6415924, 12.960135 ], [ 77.6416755, 12.9604818 ], [ 77.6417173, 12.9608703 ], [ 77.6417129, 12.9610526 ] ] } },
{ "type": "Feature", "properties": { "segment_id": "BLR_ORR_043_1", "corridor_id": "ORR", "corridor_name": "Outer Ring Road (Silk Board to Hebbal)", "road_name": "Sarjapura Road Flyover / Sarjapura Road", "road_type": "primary", "segment_length_m": 500.0, "start_lat": 12.900802, "start_lon": 77.709199, "end_lat": 12.902857, "end_lon": 77.7051, "lanes": 2.0, "lane_count_available": 1, "speed_limit_kph": 50.0, "speed_limit_available": 1, "street_lighting": "unverified", "street_lighting_verified": 0, "junction_count": 2, "junction_density_per_km": 4.0, "crossing_count": 0, "bus_stop_count": 0, "btp_station": "Whitefield Traffic  PS", "btp_station_clean_name": "Whitefield PS", "btp_overlap_ratio": 0.6891, "btp_station_total_cases_2023": 316.0, "btp_station_fatal_cases_2023": 54.0, "btp_station_killed_people_2023": 56.0, "btp_station_nonfatal_cases_2023": 262.0, "btp_station_injuries_2023": 235.0, "btp_station_total_cases_2022": null, "btp_station_fatal_cases_2022": null, "btp_station_total_cases_2021": null, "btp_station_fatal_cases_2021": null }, "geometry": { "type": "LineString", "coordinates": [ [ 77.7091989, 12.9008017 ], [ 77.7085909, 12.901087 ], [ 77.707928, 12.9013955 ], [ 77.7078344, 12.9014411 ], [ 77.7069046, 12.9019162 ], [ 77.7063176, 12.9022162 ], [ 77.7060354, 12.9023674 ], [ 77.7055595, 12.9026166 ], [ 77.705100202724012, 12.90285706549127 ] ] } },
{ "type": "Feature", "properties": { "segment_id": "BLR_ORR_043_2", "corridor_id": "ORR", "corridor_name": "Outer Ring Road (Silk Board to Hebbal)", "road_name": "Sarjapura Road Flyover / Sarjapura Road", "road_type": "primary", "segment_length_m": 374.86, "start_lat": 12.902857, "start_lon": 77.7051, "end_lat": 12.904472, "end_lon": 77.702067, "lanes": 2.0, "lane_count_available": 1, "speed_limit_kph": 50.0, "speed_limit_available": 1, "street_lighting": "unverified", "street_lighting_verified": 0, "junction_count": 2, "junction_density_per_km": 5.34, "crossing_count": 0, "bus_stop_count": 0, "btp_station": "H.S.R.Layout Traffic PS", "btp_station_clean_name": "H.S.R.Layout PS", "btp_overlap_ratio": 1.0, "btp_station_total_cases_2023": 99.0, "btp_station_fatal_cases_2023": 25.0, "btp_station_killed_people_2023": 26.0, "btp_station_nonfatal_cases_2023": 74.0, "btp_station_injuries_2023": 90.0, "btp_station_total_cases_2022": 64.0, "btp_station_fatal_cases_2022": 14.0, "btp_station_total_cases_2021": 56.0, "btp_station_fatal_cases_2021": 15.0 }, "geometry": { "type": "LineString", "coordinates": [ [ 77.705100202724012, 12.90285706549127 ], [ 77.7047888, 12.9030201 ], [ 77.7046667, 12.9030785 ], [ 77.704624, 12.9030989 ], [ 77.704161900000017, 12.9033319 ], [ 77.7038758, 12.903487 ], [ 77.7036633, 12.903607 ], [ 77.703401, 12.903755 ], [ 77.7031994, 12.9038579 ], [ 77.702995700000017, 12.9039675 ], [ 77.7029028, 12.9040216 ], [ 77.702067, 12.904472 ] ] } },
{ "type": "Feature", "properties": { "segment_id": "BLR_ORR_044", "corridor_id": "ORR", "corridor_name": "Outer Ring Road (Silk Board to Hebbal)", "road_name": "Sarjapura Road Flyover / Sarjapura Road", "road_type": "primary", "segment_length_m": 518.33, "start_lat": 12.903515, "start_lon": 77.704042, "end_lat": 12.901314, "end_lon": 77.708253, "lanes": 2.0, "lane_count_available": 1, "speed_limit_kph": 50.0, "speed_limit_available": 1, "street_lighting": "unverified", "street_lighting_verified": 0, "junction_count": 2, "junction_density_per_km": 3.86, "crossing_count": 0, "bus_stop_count": 0, "btp_station": "H.S.R.Layout Traffic PS", "btp_station_clean_name": "H.S.R.Layout PS", "btp_overlap_ratio": 0.553, "btp_station_total_cases_2023": 99.0, "btp_station_fatal_cases_2023": 25.0, "btp_station_killed_people_2023": 26.0, "btp_station_nonfatal_cases_2023": 74.0, "btp_station_injuries_2023": 90.0, "btp_station_total_cases_2022": 64.0, "btp_station_fatal_cases_2022": 14.0, "btp_station_total_cases_2021": 56.0, "btp_station_fatal_cases_2021": 15.0 }, "geometry": { "type": "LineString", "coordinates": [ [ 77.7040415, 12.9035147 ], [ 77.7044423, 12.9032813 ], [ 77.7045941, 12.9032085 ], [ 77.7047589, 12.903126 ], [ 77.7055847, 12.9026809 ], [ 77.7067064, 12.9020763 ], [ 77.7069305, 12.9019654 ], [ 77.7078773, 12.9014967 ], [ 77.708061, 12.90141 ], [ 77.7082527, 12.9013138 ] ] } },
{ "type": "Feature", "properties": { "segment_id": "BLR_ORR_045", "corridor_id": "ORR", "corridor_name": "Outer Ring Road (Silk Board to Hebbal)", "road_name": "Outer Ring Road", "road_type": "trunk", "segment_length_m": 344.3, "start_lat": 12.922081, "start_lon": 77.644915, "end_lat": 12.924061, "end_lon": 77.647346, "lanes": 3.0, "lane_count_available": 1, "speed_limit_kph": 60.0, "speed_limit_available": 1, "street_lighting": "unverified", "street_lighting_verified": 0, "junction_count": 2, "junction_density_per_km": 5.81, "crossing_count": 4, "bus_stop_count": 0, "btp_station": "H.S.R.Layout Traffic PS", "btp_station_clean_name": "H.S.R.Layout PS", "btp_overlap_ratio": 1.0, "btp_station_total_cases_2023": 99.0, "btp_station_fatal_cases_2023": 25.0, "btp_station_killed_people_2023": 26.0, "btp_station_nonfatal_cases_2023": 74.0, "btp_station_injuries_2023": 90.0, "btp_station_total_cases_2022": 64.0, "btp_station_fatal_cases_2022": 14.0, "btp_station_total_cases_2021": 56.0, "btp_station_fatal_cases_2021": 15.0 }, "geometry": { "type": "LineString", "coordinates": [ [ 77.6449153, 12.9220812 ], [ 77.6461505, 12.9232131 ], [ 77.6463877, 12.9234243 ], [ 77.6466603, 12.9236461 ], [ 77.6473064, 12.9240365 ], [ 77.6473465, 12.9240607 ] ] } },
{ "type": "Feature", "properties": { "segment_id": "BLR_ORR_046", "corridor_id": "ORR", "corridor_name": "Outer Ring Road (Silk Board to Hebbal)", "road_name": "Outer Ring Road", "road_type": "trunk", "segment_length_m": 131.26, "start_lat": 12.920811, "start_lon": 77.664846, "end_lat": 12.921146, "end_lon": 77.665992, "lanes": 5.0, "lane_count_available": 1, "speed_limit_kph": 60.0, "speed_limit_available": 1, "street_lighting": "unverified", "street_lighting_verified": 0, "junction_count": 2, "junction_density_per_km": 15.24, "crossing_count": 3, "bus_stop_count": 0, "btp_station": "H.S.R.Layout Traffic PS", "btp_station_clean_name": "H.S.R.Layout PS", "btp_overlap_ratio": 1.0, "btp_station_total_cases_2023": 99.0, "btp_station_fatal_cases_2023": 25.0, "btp_station_killed_people_2023": 26.0, "btp_station_nonfatal_cases_2023": 74.0, "btp_station_injuries_2023": 90.0, "btp_station_total_cases_2022": 64.0, "btp_station_fatal_cases_2022": 14.0, "btp_station_total_cases_2021": 56.0, "btp_station_fatal_cases_2021": 15.0 }, "geometry": { "type": "LineString", "coordinates": [ [ 77.6648463, 12.9208114 ], [ 77.6649445, 12.9208265 ], [ 77.6650507, 12.9208412 ], [ 77.6651733, 12.9208528 ], [ 77.6652688, 12.9208738 ], [ 77.6653164, 12.9208872 ], [ 77.6654482, 12.9209153 ], [ 77.6655585, 12.9209342 ], [ 77.6659924, 12.9211461 ] ] } },
{ "type": "Feature", "properties": { "segment_id": "BLR_ORR_047_1", "corridor_id": "ORR", "corridor_name": "Outer Ring Road (Silk Board to Hebbal)", "road_name": "Outer Ring Road", "road_type": "trunk", "segment_length_m": 500.0, "start_lat": 12.927626, "start_lon": 77.680205, "end_lat": 12.925641, "end_lon": 77.676069, "lanes": 3.0, "lane_count_available": 1, "speed_limit_kph": 60.0, "speed_limit_available": 1, "street_lighting": "unverified", "street_lighting_verified": 0, "junction_count": 2, "junction_density_per_km": 4.0, "crossing_count": 1, "bus_stop_count": 2, "btp_station": "H.S.R.Layout Traffic PS", "btp_station_clean_name": "H.S.R.Layout PS", "btp_overlap_ratio": 1.0, "btp_station_total_cases_2023": 99.0, "btp_station_fatal_cases_2023": 25.0, "btp_station_killed_people_2023": 26.0, "btp_station_nonfatal_cases_2023": 74.0, "btp_station_injuries_2023": 90.0, "btp_station_total_cases_2022": 64.0, "btp_station_fatal_cases_2022": 14.0, "btp_station_total_cases_2021": 56.0, "btp_station_fatal_cases_2021": 15.0 }, "geometry": { "type": "LineString", "coordinates": [ [ 77.6802049, 12.9276259 ], [ 77.6796103, 12.927337 ], [ 77.6787585, 12.9269214 ], [ 77.6771438, 12.9261543 ], [ 77.6762528, 12.9257328 ], [ 77.676069089678435, 12.925640515836051 ] ] } },
{ "type": "Feature", "properties": { "segment_id": "BLR_ORR_047_2", "corridor_id": "ORR", "corridor_name": "Outer Ring Road (Silk Board to Hebbal)", "road_name": "Outer Ring Road", "road_type": "trunk", "segment_length_m": 248.42, "start_lat": 12.925641, "start_lon": 77.676069, "end_lat": 12.924633, "end_lon": 77.674026, "lanes": 3.0, "lane_count_available": 1, "speed_limit_kph": 60.0, "speed_limit_available": 1, "street_lighting": "unverified", "street_lighting_verified": 0, "junction_count": 2, "junction_density_per_km": 8.05, "crossing_count": 3, "bus_stop_count": 2, "btp_station": "H.S.R.Layout Traffic PS", "btp_station_clean_name": "H.S.R.Layout PS", "btp_overlap_ratio": 1.0, "btp_station_total_cases_2023": 99.0, "btp_station_fatal_cases_2023": 25.0, "btp_station_killed_people_2023": 26.0, "btp_station_nonfatal_cases_2023": 74.0, "btp_station_injuries_2023": 90.0, "btp_station_total_cases_2022": 64.0, "btp_station_fatal_cases_2022": 14.0, "btp_station_total_cases_2021": 56.0, "btp_station_fatal_cases_2021": 15.0 }, "geometry": { "type": "LineString", "coordinates": [ [ 77.676069089678435, 12.925640515836051 ], [ 77.6753544, 12.9252815 ], [ 77.6743673, 12.9247796 ], [ 77.6741772, 12.9247011 ], [ 77.6740256, 12.924633 ] ] } },
{ "type": "Feature", "properties": { "segment_id": "BLR_ORR_048_1", "corridor_id": "ORR", "corridor_name": "Outer Ring Road (Silk Board to Hebbal)", "road_name": "Outer Ring Road", "road_type": "trunk", "segment_length_m": 500.0, "start_lat": 12.916221, "start_lon": 77.634962, "end_lat": 12.916638, "end_lon": 77.630378, "lanes": 3.0, "lane_count_available": 1, "speed_limit_kph": 60.0, "speed_limit_available": 1, "street_lighting": "unverified", "street_lighting_verified": 0, "junction_count": 2, "junction_density_per_km": 4.0, "crossing_count": 0, "bus_stop_count": 0, "btp_station": "H.S.R.Layout Traffic PS", "btp_station_clean_name": "H.S.R.Layout PS", "btp_overlap_ratio": 1.0, "btp_station_total_cases_2023": 99.0, "btp_station_fatal_cases_2023": 25.0, "btp_station_killed_people_2023": 26.0, "btp_station_nonfatal_cases_2023": 74.0, "btp_station_injuries_2023": 90.0, "btp_station_total_cases_2022": 64.0, "btp_station_fatal_cases_2022": 14.0, "btp_station_total_cases_2021": 56.0, "btp_station_fatal_cases_2021": 15.0 }, "geometry": { "type": "LineString", "coordinates": [ [ 77.6349622, 12.916221 ], [ 77.6324797, 12.9164688 ], [ 77.632431, 12.9164748 ], [ 77.6323671, 12.9164827 ], [ 77.63229170000001, 12.9164911 ], [ 77.6317612, 12.9165405 ], [ 77.6309395, 12.9166138 ], [ 77.630378093416198, 12.916637590789039 ] ] } },
{ "type": "Feature", "properties": { "segment_id": "BLR_ORR_048_2", "corridor_id": "ORR", "corridor_name": "Outer Ring Road (Silk Board to Hebbal)", "road_name": "Outer Ring Road", "road_type": "trunk", "segment_length_m": 500.0, "start_lat": 12.916638, "start_lon": 77.630378, "end_lat": 12.917547, "end_lon": 77.625898, "lanes": 3.0, "lane_count_available": 1, "speed_limit_kph": 60.0, "speed_limit_available": 1, "street_lighting": "unverified", "street_lighting_verified": 0, "junction_count": 2, "junction_density_per_km": 4.0, "crossing_count": 0, "bus_stop_count": 0, "btp_station": "H.S.R.Layout Traffic PS", "btp_station_clean_name": "H.S.R.Layout PS", "btp_overlap_ratio": 1.0, "btp_station_total_cases_2023": 99.0, "btp_station_fatal_cases_2023": 25.0, "btp_station_killed_people_2023": 26.0, "btp_station_nonfatal_cases_2023": 74.0, "btp_station_injuries_2023": 90.0, "btp_station_total_cases_2022": 64.0, "btp_station_fatal_cases_2022": 14.0, "btp_station_total_cases_2021": 56.0, "btp_station_fatal_cases_2021": 15.0 }, "geometry": { "type": "LineString", "coordinates": [ [ 77.630378093416198, 12.916637590789039 ], [ 77.6299413, 12.9166561 ], [ 77.6293197, 12.9166887 ], [ 77.6292164, 12.9166941 ], [ 77.6287887, 12.9167297 ], [ 77.6285856, 12.9167498 ], [ 77.6283794, 12.9168049 ], [ 77.6259953, 12.9175253 ], [ 77.625897974486278, 12.917546774274209 ] ] } },
{ "type": "Feature", "properties": { "segment_id": "BLR_ORR_048_3", "corridor_id": "ORR", "corridor_name": "Outer Ring Road (Silk Board to Hebbal)", "road_name": "Outer Ring Road", "road_type": "trunk", "segment_length_m": 256.57, "start_lat": 12.917547, "start_lon": 77.625898, "end_lat": 12.917404, "end_lon": 77.623561, "lanes": 3.0, "lane_count_available": 1, "speed_limit_kph": 60.0, "speed_limit_available": 1, "street_lighting": "unverified", "street_lighting_verified": 0, "junction_count": 2, "junction_density_per_km": 7.8, "crossing_count": 0, "bus_stop_count": 0, "btp_station": "H.S.R.Layout Traffic PS", "btp_station_clean_name": "H.S.R.Layout PS", "btp_overlap_ratio": 1.0, "btp_station_total_cases_2023": 99.0, "btp_station_fatal_cases_2023": 25.0, "btp_station_killed_people_2023": 26.0, "btp_station_nonfatal_cases_2023": 74.0, "btp_station_injuries_2023": 90.0, "btp_station_total_cases_2022": 64.0, "btp_station_fatal_cases_2022": 14.0, "btp_station_total_cases_2021": 56.0, "btp_station_fatal_cases_2021": 15.0 }, "geometry": { "type": "LineString", "coordinates": [ [ 77.625897974486278, 12.917546774274209 ], [ 77.625756, 12.9175781 ], [ 77.625555, 12.9176102 ], [ 77.6253351, 12.9176182 ], [ 77.6251311, 12.9176224 ], [ 77.6249271, 12.9176164 ], [ 77.6247091, 12.9176109 ], [ 77.6244453, 12.9175581 ], [ 77.6244169, 12.9175524 ], [ 77.6242664, 12.9175302 ], [ 77.6238988, 12.9174761 ], [ 77.6238004, 12.9174551 ], [ 77.623561400000014, 12.9174042 ] ] } },
{ "type": "Feature", "properties": { "segment_id": "BLR_ORR_050", "corridor_id": "ORR", "corridor_name": "Outer Ring Road (Silk Board to Hebbal)", "road_name": "Outer Ring Road", "road_type": "trunk", "segment_length_m": 114.52, "start_lat": 12.996225, "start_lon": 77.667563, "end_lat": 12.996643, "end_lon": 77.668529, "lanes": 3.0, "lane_count_available": 1, "speed_limit_kph": 60.0, "speed_limit_available": 1, "street_lighting": "unverified", "street_lighting_verified": 0, "junction_count": 2, "junction_density_per_km": 17.46, "crossing_count": 0, "bus_stop_count": 0, "btp_station": "K.R. Puram Traffic  PS", "btp_station_clean_name": "K.R. Puram PS", "btp_overlap_ratio": 1.0, "btp_station_total_cases_2023": 254.0, "btp_station_fatal_cases_2023": 41.0, "btp_station_killed_people_2023": 42.0, "btp_station_nonfatal_cases_2023": 213.0, "btp_station_injuries_2023": 217.0, "btp_station_total_cases_2022": null, "btp_station_fatal_cases_2022": null, "btp_station_total_cases_2021": null, "btp_station_fatal_cases_2021": null }, "geometry": { "type": "LineString", "coordinates": [ [ 77.6675635, 12.9962255 ], [ 77.6685289, 12.9966426 ] ] } },
{ "type": "Feature", "properties": { "segment_id": "BLR_ORR_051", "corridor_id": "ORR", "corridor_name": "Outer Ring Road (Silk Board to Hebbal)", "road_name": "Outer Ring Road", "road_type": "trunk", "segment_length_m": 150.35, "start_lat": 12.916824, "start_lon": 77.629255, "end_lat": 12.91673, "end_lon": 77.630636, "lanes": 3.0, "lane_count_available": 1, "speed_limit_kph": 60.0, "speed_limit_available": 1, "street_lighting": "unverified", "street_lighting_verified": 0, "junction_count": 2, "junction_density_per_km": 13.3, "crossing_count": 0, "bus_stop_count": 0, "btp_station": "Madiwala Traffic PS", "btp_station_clean_name": "Madiwala PS", "btp_overlap_ratio": 1.0, "btp_station_total_cases_2023": 73.0, "btp_station_fatal_cases_2023": 14.0, "btp_station_killed_people_2023": 14.0, "btp_station_nonfatal_cases_2023": 59.0, "btp_station_injuries_2023": 53.0, "btp_station_total_cases_2022": 45.0, "btp_station_fatal_cases_2022": 13.0, "btp_station_total_cases_2021": 54.0, "btp_station_fatal_cases_2021": 8.0 }, "geometry": { "type": "LineString", "coordinates": [ [ 77.629255, 12.9168241 ], [ 77.6298974, 12.9167787 ], [ 77.6306363, 12.91673 ] ] } },
{ "type": "Feature", "properties": { "segment_id": "BLR_ORR_052", "corridor_id": "ORR", "corridor_name": "Outer Ring Road (Silk Board to Hebbal)", "road_name": "Outer Ring Road", "road_type": "trunk", "segment_length_m": 278.78, "start_lat": 12.967009, "start_lon": 77.702172, "end_lat": 12.964504, "end_lon": 77.702079, "lanes": 3.0, "lane_count_available": 1, "speed_limit_kph": 40.0, "speed_limit_available": 1, "street_lighting": "unverified", "street_lighting_verified": 0, "junction_count": 2, "junction_density_per_km": 7.17, "crossing_count": 1, "bus_stop_count": 0, "btp_station": "H.A.L Airport Traffic PS", "btp_station_clean_name": "H.A.L. PS", "btp_overlap_ratio": 1.0, "btp_station_total_cases_2023": 97.0, "btp_station_fatal_cases_2023": 17.0, "btp_station_killed_people_2023": 17.0, "btp_station_nonfatal_cases_2023": 80.0, "btp_station_injuries_2023": 80.0, "btp_station_total_cases_2022": 83.0, "btp_station_fatal_cases_2022": 18.0, "btp_station_total_cases_2021": 143.0, "btp_station_fatal_cases_2021": 34.0 }, "geometry": { "type": "LineString", "coordinates": [ [ 77.7021721, 12.967009 ], [ 77.7021829, 12.9669762 ], [ 77.7022221, 12.9667348 ], [ 77.7022413, 12.9665093 ], [ 77.702243, 12.9662449 ], [ 77.7022052, 12.9657474 ], [ 77.7021537, 12.9651486 ], [ 77.7021137, 12.9647664 ], [ 77.702084, 12.9645394 ], [ 77.7020788, 12.964504 ] ] } },
{ "type": "Feature", "properties": { "segment_id": "BLR_ORR_053", "corridor_id": "ORR", "corridor_name": "Outer Ring Road (Silk Board to Hebbal)", "road_name": "Ramamurthy Nagar Bridge / Ramamurthinagar Main Road", "road_type": "secondary", "segment_length_m": 79.57, "start_lat": 13.013221, "start_lon": 77.662814, "end_lat": 13.01337, "end_lon": 77.663526, "lanes": null, "lane_count_available": 0, "speed_limit_kph": null, "speed_limit_available": 0, "street_lighting": "unverified", "street_lighting_verified": 0, "junction_count": 2, "junction_density_per_km": 25.14, "crossing_count": 0, "bus_stop_count": 0, "btp_station": "K.R. Puram Traffic  PS", "btp_station_clean_name": "K.R. Puram PS", "btp_overlap_ratio": 1.0, "btp_station_total_cases_2023": 254.0, "btp_station_fatal_cases_2023": 41.0, "btp_station_killed_people_2023": 42.0, "btp_station_nonfatal_cases_2023": 213.0, "btp_station_injuries_2023": 217.0, "btp_station_total_cases_2022": null, "btp_station_fatal_cases_2022": null, "btp_station_total_cases_2021": null, "btp_station_fatal_cases_2021": null }, "geometry": { "type": "LineString", "coordinates": [ [ 77.6628144, 13.0132212 ], [ 77.6628821, 13.0132141 ], [ 77.6629164, 13.0132234 ], [ 77.6629895, 13.0132556 ], [ 77.6635262, 13.01337 ] ] } },
{ "type": "Feature", "properties": { "segment_id": "BLR_ORR_055", "corridor_id": "ORR", "corridor_name": "Outer Ring Road (Silk Board to Hebbal)", "road_name": "Sarjapura Road", "road_type": "primary", "segment_length_m": 68.7, "start_lat": 12.920694, "start_lon": 77.664948, "end_lat": 12.920514, "end_lon": 77.665537, "lanes": 2.0, "lane_count_available": 1, "speed_limit_kph": 40.0, "speed_limit_available": 1, "street_lighting": "unverified", "street_lighting_verified": 0, "junction_count": 2, "junction_density_per_km": 29.11, "crossing_count": 4, "bus_stop_count": 0, "btp_station": "H.S.R.Layout Traffic PS", "btp_station_clean_name": "H.S.R.Layout PS", "btp_overlap_ratio": 1.0, "btp_station_total_cases_2023": 99.0, "btp_station_fatal_cases_2023": 25.0, "btp_station_killed_people_2023": 26.0, "btp_station_nonfatal_cases_2023": 74.0, "btp_station_injuries_2023": 90.0, "btp_station_total_cases_2022": 64.0, "btp_station_fatal_cases_2022": 14.0, "btp_station_total_cases_2021": 56.0, "btp_station_fatal_cases_2021": 15.0 }, "geometry": { "type": "LineString", "coordinates": [ [ 77.6649477, 12.9206943 ], [ 77.6650296, 12.9206681 ], [ 77.6651215, 12.9206603 ], [ 77.6651968, 12.9206601 ], [ 77.6653098, 12.9206436 ], [ 77.6653726, 12.9206256 ], [ 77.6654081, 12.9206 ], [ 77.6654255, 12.9205875 ], [ 77.6655365, 12.9205145 ] ] } },
{ "type": "Feature", "properties": { "segment_id": "BLR_ORR_058_1", "corridor_id": "ORR", "corridor_name": "Outer Ring Road (Silk Board to Hebbal)", "road_name": "Sarjapura Road", "road_type": "primary", "segment_length_m": 500.0, "start_lat": 12.927561, "start_lon": 77.621032, "end_lat": 12.925768, "end_lon": 77.625258, "lanes": 3.0, "lane_count_available": 1, "speed_limit_kph": null, "speed_limit_available": 0, "street_lighting": "unverified", "street_lighting_verified": 0, "junction_count": 2, "junction_density_per_km": 4.0, "crossing_count": 5, "bus_stop_count": 0, "btp_station": "Adugodi Traffic PS", "btp_station_clean_name": "Adugodi PS", "btp_overlap_ratio": 1.0, "btp_station_total_cases_2023": 63.0, "btp_station_fatal_cases_2023": 10.0, "btp_station_killed_people_2023": 10.0, "btp_station_nonfatal_cases_2023": 53.0, "btp_station_injuries_2023": 67.0, "btp_station_total_cases_2022": 42.0, "btp_station_fatal_cases_2022": 6.0, "btp_station_total_cases_2021": 19.0, "btp_station_fatal_cases_2021": 2.0 }, "geometry": { "type": "LineString", "coordinates": [ [ 77.6210315, 12.9275608 ], [ 77.6211292, 12.9275183 ], [ 77.622064, 12.9271202 ], [ 77.6223418, 12.9270019 ], [ 77.6227986, 12.9268106 ], [ 77.623379, 12.9265612 ], [ 77.6251691, 12.9258055 ], [ 77.6251869, 12.9257981 ], [ 77.625258248293008, 12.925768483349136 ] ] } },
{ "type": "Feature", "properties": { "segment_id": "BLR_ORR_058_2", "corridor_id": "ORR", "corridor_name": "Outer Ring Road (Silk Board to Hebbal)", "road_name": "Sarjapura Road", "road_type": "primary", "segment_length_m": 208.4, "start_lat": 12.925768, "start_lon": 77.625258, "end_lat": 12.925029, "end_lon": 77.627023, "lanes": 3.0, "lane_count_available": 1, "speed_limit_kph": null, "speed_limit_available": 0, "street_lighting": "unverified", "street_lighting_verified": 0, "junction_count": 2, "junction_density_per_km": 9.6, "crossing_count": 0, "bus_stop_count": 0, "btp_station": "Adugodi Traffic PS", "btp_station_clean_name": "Adugodi PS", "btp_overlap_ratio": 1.0, "btp_station_total_cases_2023": 63.0, "btp_station_fatal_cases_2023": 10.0, "btp_station_killed_people_2023": 10.0, "btp_station_nonfatal_cases_2023": 53.0, "btp_station_injuries_2023": 67.0, "btp_station_total_cases_2022": 42.0, "btp_station_fatal_cases_2022": 6.0, "btp_station_total_cases_2021": 19.0, "btp_station_fatal_cases_2021": 2.0 }, "geometry": { "type": "LineString", "coordinates": [ [ 77.625258248293008, 12.925768483349136 ], [ 77.626535, 12.9252385 ], [ 77.6270231, 12.9250287 ] ] } },
{ "type": "Feature", "properties": { "segment_id": "BLR_ORR_060_1", "corridor_id": "ORR", "corridor_name": "Outer Ring Road (Silk Board to Hebbal)", "road_name": "Sarjapura Road", "road_type": "primary", "segment_length_m": 500.0, "start_lat": 12.907263, "start_lon": 77.695569, "end_lat": 12.905783, "end_lon": 77.699902, "lanes": 3.0, "lane_count_available": 1, "speed_limit_kph": 50.0, "speed_limit_available": 1, "street_lighting": "unverified", "street_lighting_verified": 0, "junction_count": 2, "junction_density_per_km": 4.0, "crossing_count": 2, "bus_stop_count": 0, "btp_station": "H.S.R.Layout Traffic PS", "btp_station_clean_name": "H.S.R.Layout PS", "btp_overlap_ratio": 1.0, "btp_station_total_cases_2023": 99.0, "btp_station_fatal_cases_2023": 25.0, "btp_station_killed_people_2023": 26.0, "btp_station_nonfatal_cases_2023": 74.0, "btp_station_injuries_2023": 90.0, "btp_station_total_cases_2022": 64.0, "btp_station_fatal_cases_2022": 14.0, "btp_station_total_cases_2021": 56.0, "btp_station_fatal_cases_2021": 15.0 }, "geometry": { "type": "LineString", "coordinates": [ [ 77.6955693, 12.9072635 ], [ 77.6959134, 12.9071622 ], [ 77.695955200000014, 12.9071499 ], [ 77.6961893, 12.9070818 ], [ 77.6965565, 12.9069769 ], [ 77.696805, 12.9069089 ], [ 77.6971928, 12.9067937 ], [ 77.6973972, 12.9067322 ], [ 77.6975218, 12.9066992 ], [ 77.697673, 12.906658 ], [ 77.6977687, 12.9066321 ], [ 77.697859, 12.9066077 ], [ 77.6980787, 12.9065474 ], [ 77.6983526, 12.9064716 ], [ 77.6987274, 12.9063516 ], [ 77.6989663, 12.9062634 ], [ 77.6991775, 12.9061674 ], [ 77.6995247, 12.9059892 ], [ 77.6997927, 12.9058448 ], [ 77.69990167670916, 12.905782514006544 ] ] } },
{ "type": "Feature", "properties": { "segment_id": "BLR_ORR_060_2", "corridor_id": "ORR", "corridor_name": "Outer Ring Road (Silk Board to Hebbal)", "road_name": "Sarjapura Road", "road_type": "primary", "segment_length_m": 276.61, "start_lat": 12.905783, "start_lon": 77.699902, "end_lat": 12.904568, "end_lon": 77.702127, "lanes": 3.0, "lane_count_available": 1, "speed_limit_kph": 50.0, "speed_limit_available": 1, "street_lighting": "unverified", "street_lighting_verified": 0, "junction_count": 2, "junction_density_per_km": 7.23, "crossing_count": 0, "bus_stop_count": 0, "btp_station": "H.S.R.Layout Traffic PS", "btp_station_clean_name": "H.S.R.Layout PS", "btp_overlap_ratio": 1.0, "btp_station_total_cases_2023": 99.0, "btp_station_fatal_cases_2023": 25.0, "btp_station_killed_people_2023": 26.0, "btp_station_nonfatal_cases_2023": 74.0, "btp_station_injuries_2023": 90.0, "btp_station_total_cases_2022": 64.0, "btp_station_fatal_cases_2022": 14.0, "btp_station_total_cases_2021": 56.0, "btp_station_fatal_cases_2021": 15.0 }, "geometry": { "type": "LineString", "coordinates": [ [ 77.69990167670916, 12.905782514006544 ], [ 77.7000212, 12.9057142 ], [ 77.7004092, 12.9055051 ], [ 77.7008296, 12.9052825 ], [ 77.7009106, 12.9052364 ], [ 77.7010653, 12.9051491 ], [ 77.701113400000011, 12.9051242 ], [ 77.7013548, 12.9049921 ], [ 77.7014944, 12.9049111 ], [ 77.7017716, 12.904761 ], [ 77.7019094, 12.9046895 ], [ 77.7021271, 12.9045675 ] ] } },
{ "type": "Feature", "properties": { "segment_id": "BLR_ORR_062", "corridor_id": "ORR", "corridor_name": "Outer Ring Road (Silk Board to Hebbal)", "road_name": "Sarjapura Road", "road_type": "primary", "segment_length_m": 337.4, "start_lat": 12.911349, "start_lon": 77.68292, "end_lat": 12.912772, "end_lon": 77.680173, "lanes": 3.0, "lane_count_available": 1, "speed_limit_kph": 50.0, "speed_limit_available": 1, "street_lighting": "unverified", "street_lighting_verified": 0, "junction_count": 2, "junction_density_per_km": 5.93, "crossing_count": 0, "bus_stop_count": 0, "btp_station": "H.S.R.Layout Traffic PS", "btp_station_clean_name": "H.S.R.Layout PS", "btp_overlap_ratio": 1.0, "btp_station_total_cases_2023": 99.0, "btp_station_fatal_cases_2023": 25.0, "btp_station_killed_people_2023": 26.0, "btp_station_nonfatal_cases_2023": 74.0, "btp_station_injuries_2023": 90.0, "btp_station_total_cases_2022": 64.0, "btp_station_fatal_cases_2022": 14.0, "btp_station_total_cases_2021": 56.0, "btp_station_fatal_cases_2021": 15.0 }, "geometry": { "type": "LineString", "coordinates": [ [ 77.6829203, 12.9113494 ], [ 77.6826252, 12.9115154 ], [ 77.6820527, 12.9118053 ], [ 77.6819181, 12.9118729 ], [ 77.6817689, 12.9119524 ], [ 77.6812051, 12.9122428 ], [ 77.6806399, 12.9125316 ], [ 77.6802159, 12.9127511 ], [ 77.6801727, 12.9127717 ] ] } },
{ "type": "Feature", "properties": { "segment_id": "BLR_ORR_063", "corridor_id": "ORR", "corridor_name": "Outer Ring Road (Silk Board to Hebbal)", "road_name": "Sarjapur Road / Sarjapura Road", "road_type": "primary", "segment_length_m": 59.97, "start_lat": 12.920387, "start_lon": 77.665435, "end_lat": 12.920522, "end_lon": 77.6649, "lanes": 2.0, "lane_count_available": 1, "speed_limit_kph": 50.0, "speed_limit_available": 1, "street_lighting": "unverified", "street_lighting_verified": 0, "junction_count": 2, "junction_density_per_km": 33.35, "crossing_count": 1, "bus_stop_count": 0, "btp_station": "H.S.R.Layout Traffic PS", "btp_station_clean_name": "H.S.R.Layout PS", "btp_overlap_ratio": 1.0, "btp_station_total_cases_2023": 99.0, "btp_station_fatal_cases_2023": 25.0, "btp_station_killed_people_2023": 26.0, "btp_station_nonfatal_cases_2023": 74.0, "btp_station_injuries_2023": 90.0, "btp_station_total_cases_2022": 64.0, "btp_station_fatal_cases_2022": 14.0, "btp_station_total_cases_2021": 56.0, "btp_station_fatal_cases_2021": 15.0 }, "geometry": { "type": "LineString", "coordinates": [ [ 77.6654346, 12.9203873 ], [ 77.6653207, 12.920419 ], [ 77.6651699, 12.9204555 ], [ 77.6648998, 12.9205222 ] ] } },
{ "type": "Feature", "properties": { "segment_id": "BLR_ORR_064_1", "corridor_id": "ORR", "corridor_name": "Outer Ring Road (Silk Board to Hebbal)", "road_name": "Sarjapura Road", "road_type": "primary", "segment_length_m": 500.0, "start_lat": 12.920515, "start_lon": 77.665537, "end_lat": 12.918663, "end_lon": 77.669721, "lanes": 3.0, "lane_count_available": 1, "speed_limit_kph": 50.0, "speed_limit_available": 1, "street_lighting": "unverified", "street_lighting_verified": 0, "junction_count": 2, "junction_density_per_km": 4.0, "crossing_count": 2, "bus_stop_count": 0, "btp_station": "H.S.R.Layout Traffic PS", "btp_station_clean_name": "H.S.R.Layout PS", "btp_overlap_ratio": 1.0, "btp_station_total_cases_2023": 99.0, "btp_station_fatal_cases_2023": 25.0, "btp_station_killed_people_2023": 26.0, "btp_station_nonfatal_cases_2023": 74.0, "btp_station_injuries_2023": 90.0, "btp_station_total_cases_2022": 64.0, "btp_station_fatal_cases_2022": 14.0, "btp_station_total_cases_2021": 56.0, "btp_station_fatal_cases_2021": 15.0 }, "geometry": { "type": "LineString", "coordinates": [ [ 77.6655365, 12.9205145 ], [ 77.665646, 12.9204611 ], [ 77.6661174, 12.9202676 ], [ 77.6664963, 12.9200863 ], [ 77.6668194, 12.9199412 ], [ 77.6669822, 12.9198603 ], [ 77.6670935, 12.919805 ], [ 77.6671698, 12.9197657 ], [ 77.6672551, 12.9197231 ], [ 77.6672927, 12.9197047 ], [ 77.6675508, 12.91957 ], [ 77.6677991, 12.9194391 ], [ 77.6680792, 12.9192865 ], [ 77.6682994, 12.9191645 ], [ 77.6684564, 12.9190784 ], [ 77.6684825, 12.9190611 ], [ 77.668555500000011, 12.9190265 ], [ 77.6686529, 12.9189905 ], [ 77.6689104, 12.9189097 ], [ 77.66903090000001, 12.9188739 ], [ 77.6695743, 12.9187095 ], [ 77.669720858439902, 12.918662661058143 ] ] } },
{ "type": "Feature", "properties": { "segment_id": "BLR_ORR_064_2", "corridor_id": "ORR", "corridor_name": "Outer Ring Road (Silk Board to Hebbal)", "road_name": "Sarjapura Road", "road_type": "primary", "segment_length_m": 444.36, "start_lat": 12.918663, "start_lon": 77.669721, "end_lat": 12.916953, "end_lon": 77.673416, "lanes": 3.0, "lane_count_available": 1, "speed_limit_kph": 50.0, "speed_limit_available": 1, "street_lighting": "unverified", "street_lighting_verified": 0, "junction_count": 2, "junction_density_per_km": 4.5, "crossing_count": 5, "bus_stop_count": 0, "btp_station": "H.S.R.Layout Traffic PS", "btp_station_clean_name": "H.S.R.Layout PS", "btp_overlap_ratio": 1.0, "btp_station_total_cases_2023": 99.0, "btp_station_fatal_cases_2023": 25.0, "btp_station_killed_people_2023": 26.0, "btp_station_nonfatal_cases_2023": 74.0, "btp_station_injuries_2023": 90.0, "btp_station_total_cases_2022": 64.0, "btp_station_fatal_cases_2022": 14.0, "btp_station_total_cases_2021": 56.0, "btp_station_fatal_cases_2021": 15.0 }, "geometry": { "type": "LineString", "coordinates": [ [ 77.669720858439902, 12.918662661058143 ], [ 77.6697902, 12.9186405 ], [ 77.6703071, 12.918459 ], [ 77.6705507, 12.9183701 ], [ 77.6707882, 12.9182699 ], [ 77.6708356, 12.9182499 ], [ 77.6708845, 12.9182292 ], [ 77.6709242, 12.9182088 ], [ 77.6709745, 12.9181866 ], [ 77.671159, 12.9180964 ], [ 77.6715879, 12.9178795 ], [ 77.6717371, 12.9178084 ], [ 77.6719623, 12.917701 ], [ 77.672245, 12.9175459 ], [ 77.6726315, 12.9173569 ], [ 77.6727453, 12.9172984 ], [ 77.6727545, 12.9172937 ], [ 77.6731985, 12.9170649 ], [ 77.6733725, 12.9169762 ], [ 77.6734164, 12.9169535 ] ] } },
{ "type": "Feature", "properties": { "segment_id": "BLR_ORR_065", "corridor_id": "ORR", "corridor_name": "Outer Ring Road (Silk Board to Hebbal)", "road_name": "Sarjapura Road", "road_type": "primary", "segment_length_m": 305.14, "start_lat": 12.912772, "start_lon": 77.680173, "end_lat": 12.913915, "end_lon": 77.677625, "lanes": 3.0, "lane_count_available": 1, "speed_limit_kph": 50.0, "speed_limit_available": 1, "street_lighting": "unverified", "street_lighting_verified": 0, "junction_count": 1, "junction_density_per_km": 3.28, "crossing_count": 4, "bus_stop_count": 0, "btp_station": "H.S.R.Layout Traffic PS", "btp_station_clean_name": "H.S.R.Layout PS", "btp_overlap_ratio": 1.0, "btp_station_total_cases_2023": 99.0, "btp_station_fatal_cases_2023": 25.0, "btp_station_killed_people_2023": 26.0, "btp_station_nonfatal_cases_2023": 74.0, "btp_station_injuries_2023": 90.0, "btp_station_total_cases_2022": 64.0, "btp_station_fatal_cases_2022": 14.0, "btp_station_total_cases_2021": 56.0, "btp_station_fatal_cases_2021": 15.0 }, "geometry": { "type": "LineString", "coordinates": [ [ 77.6801727, 12.9127717 ], [ 77.6793388, 12.9132325 ], [ 77.6790808, 12.9133629 ], [ 77.6788139, 12.9134808 ], [ 77.6787608, 12.9135042 ], [ 77.6781701, 12.9137383 ], [ 77.6778758, 12.9138257 ], [ 77.677757, 12.913875 ], [ 77.6776252, 12.9139155 ] ] } },
{ "type": "Feature", "properties": { "segment_id": "BLR_ORR_066", "corridor_id": "ORR", "corridor_name": "Outer Ring Road (Silk Board to Hebbal)", "road_name": "Sarjapura Road", "road_type": "primary", "segment_length_m": 419.45, "start_lat": 12.918797, "start_lon": 77.668929, "end_lat": 12.920387, "end_lon": 77.665435, "lanes": 2.0, "lane_count_available": 1, "speed_limit_kph": 50.0, "speed_limit_available": 1, "street_lighting": "unverified", "street_lighting_verified": 0, "junction_count": 2, "junction_density_per_km": 4.77, "crossing_count": 1, "bus_stop_count": 0, "btp_station": "H.S.R.Layout Traffic PS", "btp_station_clean_name": "H.S.R.Layout PS", "btp_overlap_ratio": 1.0, "btp_station_total_cases_2023": 99.0, "btp_station_fatal_cases_2023": 25.0, "btp_station_killed_people_2023": 26.0, "btp_station_nonfatal_cases_2023": 74.0, "btp_station_injuries_2023": 90.0, "btp_station_total_cases_2022": 64.0, "btp_station_fatal_cases_2022": 14.0, "btp_station_total_cases_2021": 56.0, "btp_station_fatal_cases_2021": 15.0 }, "geometry": { "type": "LineString", "coordinates": [ [ 77.6689288, 12.9187966 ], [ 77.6688863, 12.918813 ], [ 77.6688366, 12.9188322 ], [ 77.6687125, 12.9188802 ], [ 77.6685027, 12.9189662 ], [ 77.6681842, 12.9191415 ], [ 77.668113, 12.9191808 ], [ 77.6680194, 12.9192325 ], [ 77.6678101, 12.9193461 ], [ 77.6676429, 12.9194283 ], [ 77.6676094, 12.9194448 ], [ 77.6674568, 12.9195245 ], [ 77.6671398, 12.919686 ], [ 77.666985, 12.9197731 ], [ 77.6668582, 12.9198365 ], [ 77.6667954, 12.9198679 ], [ 77.6667793, 12.9198759 ], [ 77.6665738, 12.9199759 ], [ 77.6664593, 12.9200271 ], [ 77.666417, 12.9200461 ], [ 77.6663922, 12.9200572 ], [ 77.6660675, 12.9201931 ], [ 77.6657561, 12.920298 ], [ 77.6657051, 12.9203128 ], [ 77.6656618, 12.9203253 ], [ 77.6655505, 12.920357 ], [ 77.6654346, 12.9203873 ] ] } },
{ "type": "Feature", "properties": { "segment_id": "BLR_ORR_068", "corridor_id": "ORR", "corridor_name": "Outer Ring Road (Silk Board to Hebbal)", "road_name": "Sarjapur Road / Sarjapura Road", "road_type": "primary", "segment_length_m": 419.66, "start_lat": 12.923848, "start_lon": 77.639927, "end_lat": 12.925174, "end_lon": 77.636388, "lanes": 3.0, "lane_count_available": 1, "speed_limit_kph": null, "speed_limit_available": 0, "street_lighting": "unverified", "street_lighting_verified": 0, "junction_count": 2, "junction_density_per_km": 4.77, "crossing_count": 0, "bus_stop_count": 0, "btp_station": "Adugodi Traffic PS", "btp_station_clean_name": "Adugodi PS", "btp_overlap_ratio": 0.9734, "btp_station_total_cases_2023": 63.0, "btp_station_fatal_cases_2023": 10.0, "btp_station_killed_people_2023": 10.0, "btp_station_nonfatal_cases_2023": 53.0, "btp_station_injuries_2023": 67.0, "btp_station_total_cases_2022": 42.0, "btp_station_fatal_cases_2022": 6.0, "btp_station_total_cases_2021": 19.0, "btp_station_fatal_cases_2021": 2.0 }, "geometry": { "type": "LineString", "coordinates": [ [ 77.6399269, 12.9238482 ], [ 77.6394662, 12.9240289 ], [ 77.6391844, 12.9241332 ], [ 77.638604, 12.9243521 ], [ 77.6384252, 12.9244592 ], [ 77.638424, 12.9244599 ], [ 77.6383216, 12.9245212 ], [ 77.6381526, 12.9246321 ], [ 77.6379823, 12.9247557 ], [ 77.6379409, 12.9247783 ], [ 77.6378675, 12.9248185 ], [ 77.6377633, 12.9248756 ], [ 77.6377274, 12.9248952 ], [ 77.6375786, 12.924974 ], [ 77.6373698, 12.9250709 ], [ 77.6371461, 12.9251429 ], [ 77.6369691, 12.9251913 ], [ 77.6368055, 12.9252213 ], [ 77.6367015, 12.9252241 ], [ 77.6365189, 12.9251952 ], [ 77.6363876, 12.9251744 ] ] } },
{ "type": "Feature", "properties": { "segment_id": "BLR_ORR_070_1", "corridor_id": "ORR", "corridor_name": "Outer Ring Road (Silk Board to Hebbal)", "road_name": "Inner Ring Road", "road_type": "primary", "segment_length_m": 500.0, "start_lat": 12.937333, "start_lon": 77.626937, "end_lat": 12.938569, "end_lon": 77.631217, "lanes": 2.0, "lane_count_available": 1, "speed_limit_kph": null, "speed_limit_available": 0, "street_lighting": "unverified", "street_lighting_verified": 0, "junction_count": 2, "junction_density_per_km": 4.0, "crossing_count": 4, "bus_stop_count": 0, "btp_station": "Ashokanagara Traffic PS", "btp_station_clean_name": "Ashokanagara  PS", "btp_overlap_ratio": 0.5846, "btp_station_total_cases_2023": 38.0, "btp_station_fatal_cases_2023": 6.0, "btp_station_killed_people_2023": 6.0, "btp_station_nonfatal_cases_2023": 32.0, "btp_station_injuries_2023": 30.0, "btp_station_total_cases_2022": 35.0, "btp_station_fatal_cases_2022": 4.0, "btp_station_total_cases_2021": 42.0, "btp_station_fatal_cases_2021": 5.0 }, "geometry": { "type": "LineString", "coordinates": [ [ 77.6269369, 12.9373325 ], [ 77.6269885, 12.9373785 ], [ 77.627084, 12.9374592 ], [ 77.62723, 12.9375825 ], [ 77.62739830000001, 12.9377023 ], [ 77.6274367, 12.9377256 ], [ 77.6276162, 12.9378348 ], [ 77.6278228, 12.9379459 ], [ 77.6278873, 12.9379776 ], [ 77.6282821, 12.9381715 ], [ 77.6285082, 12.9382733 ], [ 77.6287044, 12.9383498 ], [ 77.6291682, 12.9384931 ], [ 77.6293771, 12.938538 ], [ 77.62954, 12.938548 ], [ 77.6296832, 12.9385483 ], [ 77.6303164, 12.9385257 ], [ 77.6305721, 12.9385254 ], [ 77.6308242, 12.9385597 ], [ 77.6311049, 12.9385683 ], [ 77.631216725411761, 12.938569431064659 ] ] } },
{ "type": "Feature", "properties": { "segment_id": "BLR_ORR_070_2", "corridor_id": "ORR", "corridor_name": "Outer Ring Road (Silk Board to Hebbal)", "road_name": "Inner Ring Road", "road_type": "primary", "segment_length_m": 500.0, "start_lat": 12.938569, "start_lon": 77.631217, "end_lat": 12.939304, "end_lon": 77.63564, "lanes": 2.0, "lane_count_available": 1, "speed_limit_kph": null, "speed_limit_available": 0, "street_lighting": "unverified", "street_lighting_verified": 0, "junction_count": 2, "junction_density_per_km": 4.0, "crossing_count": 0, "bus_stop_count": 0, "btp_station": "Ashokanagara Traffic PS", "btp_station_clean_name": "Ashokanagara  PS", "btp_overlap_ratio": 1.0, "btp_station_total_cases_2023": 38.0, "btp_station_fatal_cases_2023": 6.0, "btp_station_killed_people_2023": 6.0, "btp_station_nonfatal_cases_2023": 32.0, "btp_station_injuries_2023": 30.0, "btp_station_total_cases_2022": 35.0, "btp_station_fatal_cases_2022": 4.0, "btp_station_total_cases_2021": 42.0, "btp_station_fatal_cases_2021": 5.0 }, "geometry": { "type": "LineString", "coordinates": [ [ 77.631216725411761, 12.938569431064659 ], [ 77.6313323, 12.9385706 ], [ 77.6315238, 12.9385772 ], [ 77.6317897, 12.9385825 ], [ 77.6320374, 12.9385822 ], [ 77.6325141, 12.9385742 ], [ 77.6325528, 12.9385736 ], [ 77.632689, 12.9385725 ], [ 77.6331222, 12.9385691 ], [ 77.6333035, 12.9385672 ], [ 77.6336129, 12.938565 ], [ 77.6338946, 12.9385721 ], [ 77.6340192, 12.9385817 ], [ 77.6341669, 12.9386109 ], [ 77.6342789, 12.9386348 ], [ 77.6346476, 12.9387473 ], [ 77.6349106, 12.9388525 ], [ 77.6351774, 12.9389824 ], [ 77.635324900000015, 12.9390661 ], [ 77.6354529, 12.9391574 ], [ 77.635640493148273, 12.939303882021543 ] ] } },
{ "type": "Feature", "properties": { "segment_id": "BLR_ORR_070_3", "corridor_id": "ORR", "corridor_name": "Outer Ring Road (Silk Board to Hebbal)", "road_name": "Inner Ring Road", "road_type": "primary", "segment_length_m": 500.0, "start_lat": 12.939304, "start_lon": 77.63564, "end_lat": 12.943051, "end_lon": 77.638177, "lanes": 2.0, "lane_count_available": 1, "speed_limit_kph": null, "speed_limit_available": 0, "street_lighting": "unverified", "street_lighting_verified": 0, "junction_count": 2, "junction_density_per_km": 4.0, "crossing_count": 0, "bus_stop_count": 0, "btp_station": "Ashokanagara Traffic PS", "btp_station_clean_name": "Ashokanagara  PS", "btp_overlap_ratio": 1.0, "btp_station_total_cases_2023": 38.0, "btp_station_fatal_cases_2023": 6.0, "btp_station_killed_people_2023": 6.0, "btp_station_nonfatal_cases_2023": 32.0, "btp_station_injuries_2023": 30.0, "btp_station_total_cases_2022": 35.0, "btp_station_fatal_cases_2022": 4.0, "btp_station_total_cases_2021": 42.0, "btp_station_fatal_cases_2021": 5.0 }, "geometry": { "type": "LineString", "coordinates": [ [ 77.635640493148273, 12.939303882021543 ], [ 77.6357568, 12.9393947 ], [ 77.6360208, 12.9396511 ], [ 77.6361014, 12.9397536 ], [ 77.6362744, 12.9399797 ], [ 77.6364934, 12.9403073 ], [ 77.6368526, 12.9408989 ], [ 77.6378354, 12.9424905 ], [ 77.638176979462941, 12.943051442423958 ] ] } },
{ "type": "Feature", "properties": { "segment_id": "BLR_ORR_070_4", "corridor_id": "ORR", "corridor_name": "Outer Ring Road (Silk Board to Hebbal)", "road_name": "Inner Ring Road", "road_type": "primary", "segment_length_m": 385.39, "start_lat": 12.943051, "start_lon": 77.638177, "end_lat": 12.946032, "end_lon": 77.640011, "lanes": 2.0, "lane_count_available": 1, "speed_limit_kph": null, "speed_limit_available": 0, "street_lighting": "unverified", "street_lighting_verified": 0, "junction_count": 2, "junction_density_per_km": 5.19, "crossing_count": 4, "bus_stop_count": 0, "btp_station": "Ashokanagara Traffic PS", "btp_station_clean_name": "Ashokanagara  PS", "btp_overlap_ratio": 0.9385, "btp_station_total_cases_2023": 38.0, "btp_station_fatal_cases_2023": 6.0, "btp_station_killed_people_2023": 6.0, "btp_station_nonfatal_cases_2023": 32.0, "btp_station_injuries_2023": 30.0, "btp_station_total_cases_2022": 35.0, "btp_station_fatal_cases_2022": 4.0, "btp_station_total_cases_2021": 42.0, "btp_station_fatal_cases_2021": 5.0 }, "geometry": { "type": "LineString", "coordinates": [ [ 77.638176979462941, 12.943051442423958 ], [ 77.6388024, 12.9440785 ], [ 77.6394005, 12.9450353 ], [ 77.6399778, 12.9459778 ], [ 77.6399851, 12.9459899 ], [ 77.640011, 12.9460321 ] ] } },
{ "type": "Feature", "properties": { "segment_id": "BLR_ORR_072", "corridor_id": "ORR", "corridor_name": "Outer Ring Road (Silk Board to Hebbal)", "road_name": "Sarjapura Road", "road_type": "primary", "segment_length_m": 424.74, "start_lat": 12.912872, "start_lon": 77.68022, "end_lat": 12.911129, "end_lon": 77.683702, "lanes": 3.0, "lane_count_available": 1, "speed_limit_kph": 50.0, "speed_limit_available": 1, "street_lighting": "unverified", "street_lighting_verified": 0, "junction_count": 2, "junction_density_per_km": 4.71, "crossing_count": 2, "bus_stop_count": 0, "btp_station": "H.S.R.Layout Traffic PS", "btp_station_clean_name": "H.S.R.Layout PS", "btp_overlap_ratio": 1.0, "btp_station_total_cases_2023": 99.0, "btp_station_fatal_cases_2023": 25.0, "btp_station_killed_people_2023": 26.0, "btp_station_nonfatal_cases_2023": 74.0, "btp_station_injuries_2023": 90.0, "btp_station_total_cases_2022": 64.0, "btp_station_fatal_cases_2022": 14.0, "btp_station_total_cases_2021": 56.0, "btp_station_fatal_cases_2021": 15.0 }, "geometry": { "type": "LineString", "coordinates": [ [ 77.6802197, 12.9128723 ], [ 77.680436, 12.9127608 ], [ 77.6806252, 12.912664 ], [ 77.6808723, 12.9125339 ], [ 77.6812482, 12.9123437 ], [ 77.6815677, 12.9121848 ], [ 77.6819693, 12.9119738 ], [ 77.6824189, 12.9117383 ], [ 77.6826399, 12.9116286 ], [ 77.6832147, 12.9113331 ], [ 77.6834558, 12.9112274 ], [ 77.6836307, 12.9111568 ], [ 77.6836675, 12.9111422 ], [ 77.6837023, 12.9111295 ] ] } },
{ "type": "Feature", "properties": { "segment_id": "BLR_ORR_074", "corridor_id": "ORR", "corridor_name": "Outer Ring Road (Silk Board to Hebbal)", "road_name": "Madiwala Sarjapura Road", "road_type": "primary", "segment_length_m": 501.55, "start_lat": 12.923118, "start_lon": 77.624256, "end_lat": 12.924191, "end_lon": 77.628729, "lanes": null, "lane_count_available": 0, "speed_limit_kph": null, "speed_limit_available": 0, "street_lighting": "unverified", "street_lighting_verified": 0, "junction_count": 2, "junction_density_per_km": 3.99, "crossing_count": 1, "bus_stop_count": 0, "btp_station": "Madiwala Traffic PS", "btp_station_clean_name": "Madiwala PS", "btp_overlap_ratio": 0.9991, "btp_station_total_cases_2023": 73.0, "btp_station_fatal_cases_2023": 14.0, "btp_station_killed_people_2023": 14.0, "btp_station_nonfatal_cases_2023": 59.0, "btp_station_injuries_2023": 53.0, "btp_station_total_cases_2022": 45.0, "btp_station_fatal_cases_2022": 13.0, "btp_station_total_cases_2021": 54.0, "btp_station_fatal_cases_2021": 8.0 }, "geometry": { "type": "LineString", "coordinates": [ [ 77.624256, 12.9231182 ], [ 77.6248792, 12.9232583 ], [ 77.6269752, 12.9237296 ], [ 77.6283741, 12.9240423 ], [ 77.6286029, 12.9240947 ], [ 77.6287288, 12.9241909 ] ] } },
{ "type": "Feature", "properties": { "segment_id": "BLR_ORR_075", "corridor_id": "ORR", "corridor_name": "Outer Ring Road (Silk Board to Hebbal)", "road_name": "Madiwala Sarjapura Road", "road_type": "primary", "segment_length_m": 480.85, "start_lat": 12.923024, "start_lon": 77.624295, "end_lat": 12.921081, "end_lon": 77.620374, "lanes": null, "lane_count_available": 0, "speed_limit_kph": null, "speed_limit_available": 0, "street_lighting": "unverified", "street_lighting_verified": 0, "junction_count": 2, "junction_density_per_km": 4.16, "crossing_count": 1, "bus_stop_count": 0, "btp_station": "Madiwala Traffic PS", "btp_station_clean_name": "Madiwala PS", "btp_overlap_ratio": 1.0, "btp_station_total_cases_2023": 73.0, "btp_station_fatal_cases_2023": 14.0, "btp_station_killed_people_2023": 14.0, "btp_station_nonfatal_cases_2023": 59.0, "btp_station_injuries_2023": 53.0, "btp_station_total_cases_2022": 45.0, "btp_station_fatal_cases_2022": 13.0, "btp_station_total_cases_2021": 54.0, "btp_station_fatal_cases_2021": 8.0 }, "geometry": { "type": "LineString", "coordinates": [ [ 77.6242948, 12.9230244 ], [ 77.6236503, 12.92289 ], [ 77.6235996, 12.9228794 ], [ 77.6232282, 12.9227511 ], [ 77.6231013, 12.922675 ], [ 77.6220184, 12.9220258 ], [ 77.6217106, 12.9218412 ], [ 77.6210995, 12.9214902 ], [ 77.6207556, 12.9212926 ], [ 77.6205247, 12.92116 ], [ 77.6204844, 12.9211388 ], [ 77.6204297, 12.9211101 ], [ 77.620374, 12.9210808 ] ] } },
{ "type": "Feature", "properties": { "segment_id": "BLR_ORR_076", "corridor_id": "ORR", "corridor_name": "Outer Ring Road (Silk Board to Hebbal)", "road_name": "Sarjapura Road", "road_type": "primary", "segment_length_m": 519.01, "start_lat": 12.92476, "start_lon": 77.633578, "end_lat": 12.924142, "end_lon": 77.628862, "lanes": 3.0, "lane_count_available": 1, "speed_limit_kph": null, "speed_limit_available": 0, "street_lighting": "unverified", "street_lighting_verified": 0, "junction_count": 2, "junction_density_per_km": 3.85, "crossing_count": 6, "bus_stop_count": 0, "btp_station": "Adugodi Traffic PS", "btp_station_clean_name": "Adugodi PS", "btp_overlap_ratio": 0.9909, "btp_station_total_cases_2023": 63.0, "btp_station_fatal_cases_2023": 10.0, "btp_station_killed_people_2023": 10.0, "btp_station_nonfatal_cases_2023": 53.0, "btp_station_injuries_2023": 67.0, "btp_station_total_cases_2022": 42.0, "btp_station_fatal_cases_2022": 6.0, "btp_station_total_cases_2021": 19.0, "btp_station_fatal_cases_2021": 2.0 }, "geometry": { "type": "LineString", "coordinates": [ [ 77.6335782, 12.9247598 ], [ 77.6334998, 12.9247488 ], [ 77.6331556, 12.9246883 ], [ 77.6330743, 12.9246625 ], [ 77.63155, 12.9244195 ], [ 77.6313815, 12.9243926 ], [ 77.6308631, 12.9243036 ], [ 77.6299687, 12.9241479 ], [ 77.629579, 12.92408 ], [ 77.6291454, 12.9241089 ], [ 77.6291239, 12.9241103 ], [ 77.6290168, 12.9241175 ], [ 77.6288623, 12.9241419 ] ] } },
{ "type": "Feature", "properties": { "segment_id": "BLR_ORR_077", "corridor_id": "ORR", "corridor_name": "Outer Ring Road (Silk Board to Hebbal)", "road_name": "Outer Ring Road", "road_type": "trunk", "segment_length_m": 272.91, "start_lat": 13.000272, "start_lon": 77.678924, "end_lat": 12.999982, "end_lon": 77.676439, "lanes": 2.0, "lane_count_available": 1, "speed_limit_kph": null, "speed_limit_available": 0, "street_lighting": "unverified", "street_lighting_verified": 0, "junction_count": 2, "junction_density_per_km": 7.33, "crossing_count": 2, "bus_stop_count": 0, "btp_station": "K.R. Puram Traffic  PS", "btp_station_clean_name": "K.R. Puram PS", "btp_overlap_ratio": 1.0, "btp_station_total_cases_2023": 254.0, "btp_station_fatal_cases_2023": 41.0, "btp_station_killed_people_2023": 42.0, "btp_station_nonfatal_cases_2023": 213.0, "btp_station_injuries_2023": 217.0, "btp_station_total_cases_2022": null, "btp_station_fatal_cases_2022": null, "btp_station_total_cases_2021": null, "btp_station_fatal_cases_2021": null }, "geometry": { "type": "LineString", "coordinates": [ [ 77.6789239, 13.0002725 ], [ 77.6787434, 13.000203 ], [ 77.678342, 13.0001767 ], [ 77.6778982, 13.0001579 ], [ 77.6774043, 13.0001203 ], [ 77.6770903, 13.0001013 ], [ 77.6770627, 13.0000996 ], [ 77.6768288, 13.0000667 ], [ 77.6767175, 13.000051 ], [ 77.6766736, 13.0000452 ], [ 77.6764394, 12.9999818 ] ] } },
{ "type": "Feature", "properties": { "segment_id": "BLR_ORR_078", "corridor_id": "ORR", "corridor_name": "Outer Ring Road (Silk Board to Hebbal)", "road_name": "Outer Ring Road", "road_type": "trunk", "segment_length_m": 279.47, "start_lat": 13.000272, "start_lon": 77.678924, "end_lat": 12.999982, "end_lon": 77.676439, "lanes": 2.0, "lane_count_available": 1, "speed_limit_kph": 60.0, "speed_limit_available": 1, "street_lighting": "unverified", "street_lighting_verified": 0, "junction_count": 2, "junction_density_per_km": 7.16, "crossing_count": 3, "bus_stop_count": 0, "btp_station": "K.R. Puram Traffic  PS", "btp_station_clean_name": "K.R. Puram PS", "btp_overlap_ratio": 1.0, "btp_station_total_cases_2023": 254.0, "btp_station_fatal_cases_2023": 41.0, "btp_station_killed_people_2023": 42.0, "btp_station_nonfatal_cases_2023": 213.0, "btp_station_injuries_2023": 217.0, "btp_station_total_cases_2022": null, "btp_station_fatal_cases_2022": null, "btp_station_total_cases_2021": null, "btp_station_fatal_cases_2021": null }, "geometry": { "type": "LineString", "coordinates": [ [ 77.6789239, 13.0002725 ], [ 77.6787633, 13.0002695 ], [ 77.6786586, 13.0002788 ], [ 77.678369, 13.00026 ], [ 77.6781505, 13.0002569 ], [ 77.677647, 13.0002742 ], [ 77.6771804, 13.0002716 ], [ 77.6770342, 13.000254 ], [ 77.6768984, 13.0002205 ], [ 77.6768064, 13.000214 ], [ 77.6766873, 13.0001853 ], [ 77.6766285, 13.0001628 ], [ 77.6764394, 12.9999818 ] ] } },
{ "type": "Feature", "properties": { "segment_id": "BLR_ORR_079", "corridor_id": "ORR", "corridor_name": "Outer Ring Road (Silk Board to Hebbal)", "road_name": "Outer Ring Road", "road_type": "trunk", "segment_length_m": 321.02, "start_lat": 12.98396, "start_lon": 77.691934, "end_lat": 12.986444, "end_lon": 77.690409, "lanes": 3.0, "lane_count_available": 1, "speed_limit_kph": null, "speed_limit_available": 0, "street_lighting": "unverified", "street_lighting_verified": 0, "junction_count": 2, "junction_density_per_km": 6.23, "crossing_count": 0, "bus_stop_count": 0, "btp_station": "K.R. Puram Traffic  PS", "btp_station_clean_name": "K.R. Puram PS", "btp_overlap_ratio": 1.0, "btp_station_total_cases_2023": 254.0, "btp_station_fatal_cases_2023": 41.0, "btp_station_killed_people_2023": 42.0, "btp_station_nonfatal_cases_2023": 213.0, "btp_station_injuries_2023": 217.0, "btp_station_total_cases_2022": null, "btp_station_fatal_cases_2022": null, "btp_station_total_cases_2021": null, "btp_station_fatal_cases_2021": null }, "geometry": { "type": "LineString", "coordinates": [ [ 77.6919341, 12.9839601 ], [ 77.6914589, 12.984739 ], [ 77.6904086, 12.9864442 ] ] } },
{ "type": "Feature", "properties": { "segment_id": "BLR_ORR_080_1", "corridor_id": "ORR", "corridor_name": "Outer Ring Road (Silk Board to Hebbal)", "road_name": "Sarjapura Road", "road_type": "primary", "segment_length_m": 500.0, "start_lat": 12.924932, "start_lon": 77.62698, "end_lat": 12.926714, "end_lon": 77.622749, "lanes": 2.0, "lane_count_available": 1, "speed_limit_kph": null, "speed_limit_available": 0, "street_lighting": "unverified", "street_lighting_verified": 0, "junction_count": 2, "junction_density_per_km": 4.0, "crossing_count": 0, "bus_stop_count": 0, "btp_station": "Adugodi Traffic PS", "btp_station_clean_name": "Adugodi PS", "btp_overlap_ratio": 1.0, "btp_station_total_cases_2023": 63.0, "btp_station_fatal_cases_2023": 10.0, "btp_station_killed_people_2023": 10.0, "btp_station_nonfatal_cases_2023": 53.0, "btp_station_injuries_2023": 67.0, "btp_station_total_cases_2022": 42.0, "btp_station_fatal_cases_2022": 6.0, "btp_station_total_cases_2021": 19.0, "btp_station_fatal_cases_2021": 2.0 }, "geometry": { "type": "LineString", "coordinates": [ [ 77.6269803, 12.9249321 ], [ 77.6253416, 12.9256193 ], [ 77.6251884, 12.9256836 ], [ 77.6251492, 12.9257 ], [ 77.624579, 12.9259489 ], [ 77.6240841, 12.9261499 ], [ 77.6239618, 12.9262016 ], [ 77.6237777, 12.9262794 ], [ 77.622749057893273, 12.92671394353405 ] ] } },
{ "type": "Feature", "properties": { "segment_id": "BLR_ORR_080_2", "corridor_id": "ORR", "corridor_name": "Outer Ring Road (Silk Board to Hebbal)", "road_name": "Sarjapura Road", "road_type": "primary", "segment_length_m": 208.21, "start_lat": 12.926714, "start_lon": 77.622749, "end_lat": 12.927464, "end_lon": 77.620991, "lanes": 2.0, "lane_count_available": 1, "speed_limit_kph": null, "speed_limit_available": 0, "street_lighting": "unverified", "street_lighting_verified": 0, "junction_count": 2, "junction_density_per_km": 9.61, "crossing_count": 6, "bus_stop_count": 0, "btp_station": "Adugodi Traffic PS", "btp_station_clean_name": "Adugodi PS", "btp_overlap_ratio": 1.0, "btp_station_total_cases_2023": 63.0, "btp_station_fatal_cases_2023": 10.0, "btp_station_killed_people_2023": 10.0, "btp_station_nonfatal_cases_2023": 53.0, "btp_station_injuries_2023": 67.0, "btp_station_total_cases_2022": 42.0, "btp_station_fatal_cases_2022": 6.0, "btp_station_total_cases_2021": 19.0, "btp_station_fatal_cases_2021": 2.0 }, "geometry": { "type": "LineString", "coordinates": [ [ 77.622749057893273, 12.92671394353405 ], [ 77.6227449, 12.9267157 ], [ 77.6226928, 12.9267373 ], [ 77.6222171, 12.9269392 ], [ 77.6211127, 12.9274069 ], [ 77.6210876, 12.9274187 ], [ 77.6209908, 12.9274643 ] ] } },
{ "type": "Feature", "properties": { "segment_id": "BLR_ORR_081", "corridor_id": "ORR", "corridor_name": "Outer Ring Road (Silk Board to Hebbal)", "road_name": "Sarjapura Road", "road_type": "primary", "segment_length_m": 209.09, "start_lat": 12.925029, "start_lon": 77.627023, "end_lat": 12.924283, "end_lon": 77.628792, "lanes": 3.0, "lane_count_available": 1, "speed_limit_kph": 25.0, "speed_limit_available": 1, "street_lighting": "unverified", "street_lighting_verified": 0, "junction_count": 2, "junction_density_per_km": 9.57, "crossing_count": 2, "bus_stop_count": 0, "btp_station": "Adugodi Traffic PS", "btp_station_clean_name": "Adugodi PS", "btp_overlap_ratio": 1.0, "btp_station_total_cases_2023": 63.0, "btp_station_fatal_cases_2023": 10.0, "btp_station_killed_people_2023": 10.0, "btp_station_nonfatal_cases_2023": 53.0, "btp_station_injuries_2023": 67.0, "btp_station_total_cases_2022": 42.0, "btp_station_fatal_cases_2022": 6.0, "btp_station_total_cases_2021": 19.0, "btp_station_fatal_cases_2021": 2.0 }, "geometry": { "type": "LineString", "coordinates": [ [ 77.6270231, 12.9250287 ], [ 77.6282817, 12.9244971 ], [ 77.6284461, 12.9244249 ], [ 77.6284733, 12.9244159 ], [ 77.628792, 12.9242826 ] ] } },
{ "type": "Feature", "properties": { "segment_id": "BLR_ORR_082_1", "corridor_id": "ORR", "corridor_name": "Outer Ring Road (Silk Board to Hebbal)", "road_name": "Sarjapur Road", "road_type": "primary", "segment_length_m": 500.0, "start_lat": 12.92447, "start_lon": 77.649974, "end_lat": 12.924448, "end_lon": 77.645449, "lanes": 2.0, "lane_count_available": 1, "speed_limit_kph": null, "speed_limit_available": 0, "street_lighting": "unverified", "street_lighting_verified": 0, "junction_count": 2, "junction_density_per_km": 4.0, "crossing_count": 0, "bus_stop_count": 0, "btp_station": "H.S.R.Layout Traffic PS", "btp_station_clean_name": "H.S.R.Layout PS", "btp_overlap_ratio": 0.9382, "btp_station_total_cases_2023": 99.0, "btp_station_fatal_cases_2023": 25.0, "btp_station_killed_people_2023": 26.0, "btp_station_nonfatal_cases_2023": 74.0, "btp_station_injuries_2023": 90.0, "btp_station_total_cases_2022": 64.0, "btp_station_fatal_cases_2022": 14.0, "btp_station_total_cases_2021": 56.0, "btp_station_fatal_cases_2021": 15.0 }, "geometry": { "type": "LineString", "coordinates": [ [ 77.649974, 12.9244696 ], [ 77.649937, 12.9245563 ], [ 77.6498925, 12.9245823 ], [ 77.6498537, 12.924589 ], [ 77.6497268, 12.924611 ], [ 77.6495523, 12.9246176 ], [ 77.6493442, 12.9246511 ], [ 77.6492644, 12.9246573 ], [ 77.6491711, 12.9246646 ], [ 77.6490252, 12.9246613 ], [ 77.648397, 12.9246072 ], [ 77.6479885, 12.9245819 ], [ 77.64762970000001, 12.9245581 ], [ 77.6474318, 12.9245443 ], [ 77.6466324, 12.9244807 ], [ 77.645449128669014, 12.924447941941898 ] ] } },
{ "type": "Feature", "properties": { "segment_id": "BLR_ORR_082_2", "corridor_id": "ORR", "corridor_name": "Outer Ring Road (Silk Board to Hebbal)", "road_name": "Sarjapur Road", "road_type": "primary", "segment_length_m": 255.23, "start_lat": 12.924448, "start_lon": 77.645449, "end_lat": 12.923828, "end_lon": 77.643192, "lanes": 2.0, "lane_count_available": 1, "speed_limit_kph": null, "speed_limit_available": 0, "street_lighting": "unverified", "street_lighting_verified": 0, "junction_count": 2, "junction_density_per_km": 7.84, "crossing_count": 0, "bus_stop_count": 0, "btp_station": "H.S.R.Layout Traffic PS", "btp_station_clean_name": "H.S.R.Layout PS", "btp_overlap_ratio": 1.0, "btp_station_total_cases_2023": 99.0, "btp_station_fatal_cases_2023": 25.0, "btp_station_killed_people_2023": 26.0, "btp_station_nonfatal_cases_2023": 74.0, "btp_station_injuries_2023": 90.0, "btp_station_total_cases_2022": 64.0, "btp_station_fatal_cases_2022": 14.0, "btp_station_total_cases_2021": 56.0, "btp_station_fatal_cases_2021": 15.0 }, "geometry": { "type": "LineString", "coordinates": [ [ 77.645449128669014, 12.924447941941898 ], [ 77.6453212, 12.9244444 ], [ 77.6451601, 12.924424 ], [ 77.6449262, 12.9243563 ], [ 77.6435221, 12.9239186 ], [ 77.6431918, 12.9238283 ] ] } },
{ "type": "Feature", "properties": { "segment_id": "BLR_ORR_083", "corridor_id": "ORR", "corridor_name": "Outer Ring Road (Silk Board to Hebbal)", "road_name": "Outer Ring Road", "road_type": "primary", "segment_length_m": 52.2, "start_lat": 12.92447, "start_lon": 77.649974, "end_lat": 12.924483, "end_lon": 77.650454, "lanes": 1.0, "lane_count_available": 1, "speed_limit_kph": 40.0, "speed_limit_available": 1, "street_lighting": "unverified", "street_lighting_verified": 0, "junction_count": 2, "junction_density_per_km": 38.31, "crossing_count": 0, "bus_stop_count": 0, "btp_station": "Adugodi Traffic PS", "btp_station_clean_name": "Adugodi PS", "btp_overlap_ratio": 0.8341, "btp_station_total_cases_2023": 63.0, "btp_station_fatal_cases_2023": 10.0, "btp_station_killed_people_2023": 10.0, "btp_station_nonfatal_cases_2023": 53.0, "btp_station_injuries_2023": 67.0, "btp_station_total_cases_2022": 42.0, "btp_station_fatal_cases_2022": 6.0, "btp_station_total_cases_2021": 19.0, "btp_station_fatal_cases_2021": 2.0 }, "geometry": { "type": "LineString", "coordinates": [ [ 77.649974, 12.9244696 ], [ 77.6503058, 12.9244812 ], [ 77.6504545, 12.9244834 ] ] } },
{ "type": "Feature", "properties": { "segment_id": "BLR_ORR_084", "corridor_id": "ORR", "corridor_name": "Outer Ring Road (Silk Board to Hebbal)", "road_name": "Outer Ring Road", "road_type": "trunk", "segment_length_m": 251.28, "start_lat": 12.967376, "start_lon": 77.701909, "end_lat": 12.969368, "end_lon": 77.700809, "lanes": 3.0, "lane_count_available": 1, "speed_limit_kph": 60.0, "speed_limit_available": 1, "street_lighting": "unverified", "street_lighting_verified": 0, "junction_count": 2, "junction_density_per_km": 7.96, "crossing_count": 2, "bus_stop_count": 0, "btp_station": "H.A.L Airport Traffic PS", "btp_station_clean_name": "H.A.L. PS", "btp_overlap_ratio": 1.0, "btp_station_total_cases_2023": 97.0, "btp_station_fatal_cases_2023": 17.0, "btp_station_killed_people_2023": 17.0, "btp_station_nonfatal_cases_2023": 80.0, "btp_station_injuries_2023": 80.0, "btp_station_total_cases_2022": 83.0, "btp_station_fatal_cases_2022": 18.0, "btp_station_total_cases_2021": 143.0, "btp_station_fatal_cases_2021": 34.0 }, "geometry": { "type": "LineString", "coordinates": [ [ 77.7019091, 12.967376 ], [ 77.7018715, 12.967487 ], [ 77.7017788, 12.9677092 ], [ 77.7016021, 12.9680489 ], [ 77.701542, 12.9681628 ], [ 77.701339, 12.9685056 ], [ 77.7009667, 12.9691119 ], [ 77.7008094, 12.9693681 ] ] } },
{ "type": "Feature", "properties": { "segment_id": "BLR_ORR_085_1", "corridor_id": "ORR", "corridor_name": "Outer Ring Road (Silk Board to Hebbal)", "road_name": "Marathahalli Underpass / Outer Ring Road", "road_type": "trunk", "segment_length_m": 500.0, "start_lat": 12.944643, "start_lon": 77.697903, "end_lat": 12.948955, "end_lon": 77.699259, "lanes": 3.0, "lane_count_available": 1, "speed_limit_kph": 60.0, "speed_limit_available": 1, "street_lighting": "unverified", "street_lighting_verified": 0, "junction_count": 2, "junction_density_per_km": 4.0, "crossing_count": 1, "bus_stop_count": 0, "btp_station": "H.A.L Airport Traffic PS", "btp_station_clean_name": "H.A.L. PS", "btp_overlap_ratio": 1.0, "btp_station_total_cases_2023": 97.0, "btp_station_fatal_cases_2023": 17.0, "btp_station_killed_people_2023": 17.0, "btp_station_nonfatal_cases_2023": 80.0, "btp_station_injuries_2023": 80.0, "btp_station_total_cases_2022": 83.0, "btp_station_fatal_cases_2022": 18.0, "btp_station_total_cases_2021": 143.0, "btp_station_fatal_cases_2021": 34.0 }, "geometry": { "type": "LineString", "coordinates": [ [ 77.6979027, 12.9446434 ], [ 77.6979945, 12.944896 ], [ 77.6982555, 12.9456419 ], [ 77.6983099, 12.9457975 ], [ 77.6983397, 12.9458825 ], [ 77.6984464, 12.9461947 ], [ 77.6986454, 12.9468495 ], [ 77.6988799, 12.9475122 ], [ 77.6989918, 12.9478403 ], [ 77.6990227, 12.9479427 ], [ 77.6990541, 12.9480686 ], [ 77.6991376, 12.9484036 ], [ 77.6991982, 12.9486586 ], [ 77.6992246, 12.94877 ], [ 77.699259431262035, 12.948954833384414 ] ] } },
{ "type": "Feature", "properties": { "segment_id": "BLR_ORR_085_2", "corridor_id": "ORR", "corridor_name": "Outer Ring Road (Silk Board to Hebbal)", "road_name": "Marathahalli Underpass / Outer Ring Road", "road_type": "trunk", "segment_length_m": 500.0, "start_lat": 12.948955, "start_lon": 77.699259, "end_lat": 12.953386, "end_lon": 77.700138, "lanes": 3.0, "lane_count_available": 1, "speed_limit_kph": 60.0, "speed_limit_available": 1, "street_lighting": "unverified", "street_lighting_verified": 0, "junction_count": 2, "junction_density_per_km": 4.0, "crossing_count": 3, "bus_stop_count": 0, "btp_station": "H.A.L Airport Traffic PS", "btp_station_clean_name": "H.A.L. PS", "btp_overlap_ratio": 1.0, "btp_station_total_cases_2023": 97.0, "btp_station_fatal_cases_2023": 17.0, "btp_station_killed_people_2023": 17.0, "btp_station_nonfatal_cases_2023": 80.0, "btp_station_injuries_2023": 80.0, "btp_station_total_cases_2022": 83.0, "btp_station_fatal_cases_2022": 18.0, "btp_station_total_cases_2021": 143.0, "btp_station_fatal_cases_2021": 34.0 }, "geometry": { "type": "LineString", "coordinates": [ [ 77.699259431262035, 12.948954833384414 ], [ 77.6992843, 12.9490868 ], [ 77.6994257, 12.9499234 ], [ 77.6997166, 12.9516441 ], [ 77.699806, 12.9520254 ], [ 77.700024, 12.9529057 ], [ 77.7000909, 12.9531761 ], [ 77.70013818483541, 12.953385805644894 ] ] } },
{ "type": "Feature", "properties": { "segment_id": "BLR_ORR_085_3", "corridor_id": "ORR", "corridor_name": "Outer Ring Road (Silk Board to Hebbal)", "road_name": "Marathahalli Underpass / Outer Ring Road", "road_type": "trunk", "segment_length_m": 500.0, "start_lat": 12.953386, "start_lon": 77.700138, "end_lat": 12.957778, "end_lon": 77.701155, "lanes": 3.0, "lane_count_available": 1, "speed_limit_kph": 60.0, "speed_limit_available": 1, "street_lighting": "unverified", "street_lighting_verified": 0, "junction_count": 2, "junction_density_per_km": 4.0, "crossing_count": 7, "bus_stop_count": 0, "btp_station": "H.A.L Airport Traffic PS", "btp_station_clean_name": "H.A.L. PS", "btp_overlap_ratio": 1.0, "btp_station_total_cases_2023": 97.0, "btp_station_fatal_cases_2023": 17.0, "btp_station_killed_people_2023": 17.0, "btp_station_nonfatal_cases_2023": 80.0, "btp_station_injuries_2023": 80.0, "btp_station_total_cases_2022": 83.0, "btp_station_fatal_cases_2022": 18.0, "btp_station_total_cases_2021": 143.0, "btp_station_fatal_cases_2021": 34.0 }, "geometry": { "type": "LineString", "coordinates": [ [ 77.70013818483541, 12.953385805644894 ], [ 77.7001447, 12.9534147 ], [ 77.7002819, 12.9539913 ], [ 77.7003591, 12.954278 ], [ 77.7005975, 12.9552616 ], [ 77.7006431, 12.9554367 ], [ 77.7006887, 12.9555883 ], [ 77.7007423, 12.955753 ], [ 77.7008432, 12.9560428 ], [ 77.70093540000002, 12.9563176 ], [ 77.7009998, 12.9565607 ], [ 77.701043, 12.9567742 ], [ 77.7011116, 12.9571351 ], [ 77.7011248, 12.9572987 ], [ 77.7011436, 12.9575326 ], [ 77.701154926610158, 12.957777812799476 ] ] } },
{ "type": "Feature", "properties": { "segment_id": "BLR_ORR_085_4", "corridor_id": "ORR", "corridor_name": "Outer Ring Road (Silk Board to Hebbal)", "road_name": "Marathahalli Underpass / Outer Ring Road", "road_type": "trunk", "segment_length_m": 274.06, "start_lat": 12.957778, "start_lon": 77.701155, "end_lat": 12.960244, "end_lon": 77.701314, "lanes": 3.0, "lane_count_available": 1, "speed_limit_kph": 60.0, "speed_limit_available": 1, "street_lighting": "unverified", "street_lighting_verified": 0, "junction_count": 2, "junction_density_per_km": 7.3, "crossing_count": 1, "bus_stop_count": 0, "btp_station": "H.A.L Airport Traffic PS", "btp_station_clean_name": "H.A.L. PS", "btp_overlap_ratio": 1.0, "btp_station_total_cases_2023": 97.0, "btp_station_fatal_cases_2023": 17.0, "btp_station_killed_people_2023": 17.0, "btp_station_nonfatal_cases_2023": 80.0, "btp_station_injuries_2023": 80.0, "btp_station_total_cases_2022": 83.0, "btp_station_fatal_cases_2022": 18.0, "btp_station_total_cases_2021": 143.0, "btp_station_fatal_cases_2021": 34.0 }, "geometry": { "type": "LineString", "coordinates": [ [ 77.701154926610158, 12.957777812799476 ], [ 77.701157, 12.9578227 ], [ 77.701165, 12.9581443 ], [ 77.701151600000017, 12.958667 ], [ 77.701157, 12.958918 ], [ 77.7012244, 12.9596219 ], [ 77.7012724, 12.9599701 ], [ 77.7012808, 12.9600388 ], [ 77.7012871, 12.9600779 ], [ 77.7013137, 12.9602438 ] ] } },
{ "type": "Feature", "properties": { "segment_id": "BLR_ORR_086", "corridor_id": "ORR", "corridor_name": "Outer Ring Road (Silk Board to Hebbal)", "road_name": "Sarjapura Road", "road_type": "primary", "segment_length_m": 263.2, "start_lat": 12.925174, "start_lon": 77.636388, "end_lat": 12.924812, "end_lon": 77.633992, "lanes": 3.0, "lane_count_available": 1, "speed_limit_kph": null, "speed_limit_available": 0, "street_lighting": "unverified", "street_lighting_verified": 0, "junction_count": 2, "junction_density_per_km": 7.6, "crossing_count": 3, "bus_stop_count": 0, "btp_station": "Adugodi Traffic PS", "btp_station_clean_name": "Adugodi PS", "btp_overlap_ratio": 1.0, "btp_station_total_cases_2023": 63.0, "btp_station_fatal_cases_2023": 10.0, "btp_station_killed_people_2023": 10.0, "btp_station_nonfatal_cases_2023": 53.0, "btp_station_injuries_2023": 67.0, "btp_station_total_cases_2022": 42.0, "btp_station_fatal_cases_2022": 6.0, "btp_station_total_cases_2021": 19.0, "btp_station_fatal_cases_2021": 2.0 }, "geometry": { "type": "LineString", "coordinates": [ [ 77.6363876, 12.9251744 ], [ 77.6360881, 12.9251318 ], [ 77.6354542, 12.9250415 ], [ 77.6354027, 12.9250325 ], [ 77.6350856, 12.9249774 ], [ 77.634244, 12.9248491 ], [ 77.6342272, 12.9248465 ], [ 77.6342055, 12.9248432 ], [ 77.6340832, 12.9248246 ], [ 77.6340011, 12.9248127 ], [ 77.6339922, 12.9248115 ] ] } },
{ "type": "Feature", "properties": { "segment_id": "BLR_ORR_087", "corridor_id": "ORR", "corridor_name": "Outer Ring Road (Silk Board to Hebbal)", "road_name": "Inner Peripheral Ring Road", "road_type": "primary", "segment_length_m": 403.93, "start_lat": 12.904598, "start_lon": 77.709865, "end_lat": 12.901255, "end_lon": 77.708375, "lanes": 3.0, "lane_count_available": 1, "speed_limit_kph": null, "speed_limit_available": 0, "street_lighting": "unverified", "street_lighting_verified": 0, "junction_count": 1, "junction_density_per_km": 2.48, "crossing_count": 0, "bus_stop_count": 0, "btp_station": "Whitefield Traffic  PS", "btp_station_clean_name": "Whitefield PS", "btp_overlap_ratio": 1.0, "btp_station_total_cases_2023": 316.0, "btp_station_fatal_cases_2023": 54.0, "btp_station_killed_people_2023": 56.0, "btp_station_nonfatal_cases_2023": 262.0, "btp_station_injuries_2023": 235.0, "btp_station_total_cases_2022": null, "btp_station_fatal_cases_2022": null, "btp_station_total_cases_2021": null, "btp_station_fatal_cases_2021": null }, "geometry": { "type": "LineString", "coordinates": [ [ 77.7098646, 12.904598 ], [ 77.708978, 12.9025763 ], [ 77.7083745, 12.901255 ] ] } },
{ "type": "Feature", "properties": { "segment_id": "BLR_ORR_088", "corridor_id": "ORR", "corridor_name": "Outer Ring Road (Silk Board to Hebbal)", "road_name": "Sarjapura Road", "road_type": "primary", "segment_length_m": 101.48, "start_lat": 12.901255, "start_lon": 77.708375, "end_lat": 12.900884, "end_lon": 77.709229, "lanes": 2.0, "lane_count_available": 1, "speed_limit_kph": 50.0, "speed_limit_available": 1, "street_lighting": "unverified", "street_lighting_verified": 0, "junction_count": 2, "junction_density_per_km": 19.71, "crossing_count": 0, "bus_stop_count": 0, "btp_station": "Whitefield Traffic  PS", "btp_station_clean_name": "Whitefield PS", "btp_overlap_ratio": 1.0, "btp_station_total_cases_2023": 316.0, "btp_station_fatal_cases_2023": 54.0, "btp_station_killed_people_2023": 56.0, "btp_station_nonfatal_cases_2023": 262.0, "btp_station_injuries_2023": 235.0, "btp_station_total_cases_2022": null, "btp_station_fatal_cases_2022": null, "btp_station_total_cases_2021": null, "btp_station_fatal_cases_2021": null }, "geometry": { "type": "LineString", "coordinates": [ [ 77.7083745, 12.901255 ], [ 77.7085199, 12.9011877 ], [ 77.7085518, 12.9011731 ], [ 77.7088176, 12.9010664 ], [ 77.7089212, 12.9010246 ], [ 77.7091346, 12.9009302 ], [ 77.7092288, 12.9008843 ] ] } },
{ "type": "Feature", "properties": { "segment_id": "BLR_ORR_089", "corridor_id": "ORR", "corridor_name": "Outer Ring Road (Silk Board to Hebbal)", "road_name": "Outer Ring Road", "road_type": "trunk", "segment_length_m": 554.43, "start_lat": 12.941349, "start_lon": 77.696481, "end_lat": 12.937413, "end_lon": 77.69339, "lanes": 3.0, "lane_count_available": 1, "speed_limit_kph": 40.0, "speed_limit_available": 1, "street_lighting": "unverified", "street_lighting_verified": 0, "junction_count": 2, "junction_density_per_km": 3.61, "crossing_count": 5, "bus_stop_count": 0, "btp_station": "H.A.L Airport Traffic PS", "btp_station_clean_name": "H.A.L. PS", "btp_overlap_ratio": 1.0, "btp_station_total_cases_2023": 97.0, "btp_station_fatal_cases_2023": 17.0, "btp_station_killed_people_2023": 17.0, "btp_station_nonfatal_cases_2023": 80.0, "btp_station_injuries_2023": 80.0, "btp_station_total_cases_2022": 83.0, "btp_station_fatal_cases_2022": 18.0, "btp_station_total_cases_2021": 143.0, "btp_station_fatal_cases_2021": 34.0 }, "geometry": { "type": "LineString", "coordinates": [ [ 77.6964809, 12.9413486 ], [ 77.6963964, 12.9412043 ], [ 77.696385, 12.9411823 ], [ 77.6962272, 12.9408868 ], [ 77.6960019, 12.9404921 ], [ 77.6955381, 12.9397457 ], [ 77.6951759, 12.9392056 ], [ 77.6949622, 12.9389359 ], [ 77.6947172, 12.9386544 ], [ 77.6943202, 12.9382675 ], [ 77.6937945, 12.9377708 ], [ 77.6936575, 12.9376496 ], [ 77.6933901, 12.9374131 ] ] } },
{ "type": "Feature", "properties": { "segment_id": "BLR_ORR_090_1", "corridor_id": "ORR", "corridor_name": "Outer Ring Road (Silk Board to Hebbal)", "road_name": "Outer Ring Road", "road_type": "trunk", "segment_length_m": 500.0, "start_lat": 12.969368, "start_lon": 77.700809, "end_lat": 12.973252, "end_lon": 77.69846, "lanes": 3.0, "lane_count_available": 1, "speed_limit_kph": 60.0, "speed_limit_available": 1, "street_lighting": "unverified", "street_lighting_verified": 0, "junction_count": 2, "junction_density_per_km": 4.0, "crossing_count": 0, "bus_stop_count": 0, "btp_station": "H.A.L Airport Traffic PS", "btp_station_clean_name": "H.A.L. PS", "btp_overlap_ratio": 0.9522, "btp_station_total_cases_2023": 97.0, "btp_station_fatal_cases_2023": 17.0, "btp_station_killed_people_2023": 17.0, "btp_station_nonfatal_cases_2023": 80.0, "btp_station_injuries_2023": 80.0, "btp_station_total_cases_2022": 83.0, "btp_station_fatal_cases_2022": 18.0, "btp_station_total_cases_2021": 143.0, "btp_station_fatal_cases_2021": 34.0 }, "geometry": { "type": "LineString", "coordinates": [ [ 77.7008094, 12.9693681 ], [ 77.6999326, 12.9707958 ], [ 77.6990133, 12.9723167 ], [ 77.698707500000012, 12.9728336 ], [ 77.698459653073556, 12.973252451343271 ] ] } },
{ "type": "Feature", "properties": { "segment_id": "BLR_ORR_090_2", "corridor_id": "ORR", "corridor_name": "Outer Ring Road (Silk Board to Hebbal)", "road_name": "Outer Ring Road", "road_type": "trunk", "segment_length_m": 330.51, "start_lat": 12.973252, "start_lon": 77.69846, "end_lat": 12.975834, "end_lon": 77.696932, "lanes": 3.0, "lane_count_available": 1, "speed_limit_kph": 60.0, "speed_limit_available": 1, "street_lighting": "unverified", "street_lighting_verified": 0, "junction_count": 2, "junction_density_per_km": 6.05, "crossing_count": 0, "bus_stop_count": 0, "btp_station": "K.R. Puram Traffic  PS", "btp_station_clean_name": "K.R. Puram PS", "btp_overlap_ratio": 1.0, "btp_station_total_cases_2023": 254.0, "btp_station_fatal_cases_2023": 41.0, "btp_station_killed_people_2023": 42.0, "btp_station_nonfatal_cases_2023": 213.0, "btp_station_injuries_2023": 217.0, "btp_station_total_cases_2022": null, "btp_station_fatal_cases_2022": null, "btp_station_total_cases_2021": null, "btp_station_fatal_cases_2021": null }, "geometry": { "type": "LineString", "coordinates": [ [ 77.698459653073556, 12.973252451343271 ], [ 77.6984356, 12.9732931 ], [ 77.6974744, 12.9749177 ], [ 77.6973993, 12.9750546 ], [ 77.6973056, 12.9752096 ], [ 77.6970527, 12.9756585 ], [ 77.6969318, 12.975834 ] ] } },
{ "type": "Feature", "properties": { "segment_id": "BLR_ORR_091", "corridor_id": "ORR", "corridor_name": "Outer Ring Road (Silk Board to Hebbal)", "road_name": "Outer Ring Road", "road_type": "trunk", "segment_length_m": 111.69, "start_lat": 12.928109, "start_lon": 77.68079, "end_lat": 12.928531, "end_lon": 77.681724, "lanes": 3.0, "lane_count_available": 1, "speed_limit_kph": 60.0, "speed_limit_available": 1, "street_lighting": "unverified", "street_lighting_verified": 0, "junction_count": 2, "junction_density_per_km": 17.91, "crossing_count": 0, "bus_stop_count": 2, "btp_station": "H.S.R.Layout Traffic PS", "btp_station_clean_name": "H.S.R.Layout PS", "btp_overlap_ratio": 0.7103, "btp_station_total_cases_2023": 99.0, "btp_station_fatal_cases_2023": 25.0, "btp_station_killed_people_2023": 26.0, "btp_station_nonfatal_cases_2023": 74.0, "btp_station_injuries_2023": 90.0, "btp_station_total_cases_2022": 64.0, "btp_station_fatal_cases_2022": 14.0, "btp_station_total_cases_2021": 56.0, "btp_station_fatal_cases_2021": 15.0 }, "geometry": { "type": "LineString", "coordinates": [ [ 77.6807901, 12.928109 ], [ 77.6813432, 12.9283711 ], [ 77.6817242, 12.9285307 ] ] } },
{ "type": "Feature", "properties": { "segment_id": "BLR_ORR_092", "corridor_id": "ORR", "corridor_name": "Outer Ring Road (Silk Board to Hebbal)", "road_name": "Outer Ring Road", "road_type": "trunk", "segment_length_m": 168.13, "start_lat": 12.969259, "start_lon": 77.70102, "end_lat": 12.967948, "end_lon": 77.701801, "lanes": 3.0, "lane_count_available": 1, "speed_limit_kph": 40.0, "speed_limit_available": 1, "street_lighting": "unverified", "street_lighting_verified": 0, "junction_count": 2, "junction_density_per_km": 11.9, "crossing_count": 2, "bus_stop_count": 0, "btp_station": "H.A.L Airport Traffic PS", "btp_station_clean_name": "H.A.L. PS", "btp_overlap_ratio": 1.0, "btp_station_total_cases_2023": 97.0, "btp_station_fatal_cases_2023": 17.0, "btp_station_killed_people_2023": 17.0, "btp_station_nonfatal_cases_2023": 80.0, "btp_station_injuries_2023": 80.0, "btp_station_total_cases_2022": 83.0, "btp_station_fatal_cases_2022": 18.0, "btp_station_total_cases_2021": 143.0, "btp_station_fatal_cases_2021": 34.0 }, "geometry": { "type": "LineString", "coordinates": [ [ 77.7010195, 12.9692593 ], [ 77.7015439, 12.9683939 ], [ 77.7016515, 12.9682077 ], [ 77.7017731, 12.9679972 ], [ 77.7018011, 12.9679483 ] ] } },
{ "type": "Feature", "properties": { "segment_id": "BLR_ORR_093", "corridor_id": "ORR", "corridor_name": "Outer Ring Road (Silk Board to Hebbal)", "road_name": "Outer Ring Road", "road_type": "trunk", "segment_length_m": 63.02, "start_lat": 12.967948, "start_lon": 77.701801, "end_lat": 12.967438, "end_lon": 77.702056, "lanes": 3.0, "lane_count_available": 1, "speed_limit_kph": 40.0, "speed_limit_available": 1, "street_lighting": "unverified", "street_lighting_verified": 0, "junction_count": 2, "junction_density_per_km": 31.74, "crossing_count": 0, "bus_stop_count": 0, "btp_station": "H.A.L Airport Traffic PS", "btp_station_clean_name": "H.A.L. PS", "btp_overlap_ratio": 1.0, "btp_station_total_cases_2023": 97.0, "btp_station_fatal_cases_2023": 17.0, "btp_station_killed_people_2023": 17.0, "btp_station_nonfatal_cases_2023": 80.0, "btp_station_injuries_2023": 80.0, "btp_station_total_cases_2022": 83.0, "btp_station_fatal_cases_2022": 18.0, "btp_station_total_cases_2021": 143.0, "btp_station_fatal_cases_2021": 34.0 }, "geometry": { "type": "LineString", "coordinates": [ [ 77.7018011, 12.9679483 ], [ 77.7019297, 12.9677238 ], [ 77.7020147, 12.9675504 ], [ 77.7020565, 12.9674383 ] ] } },
{ "type": "Feature", "properties": { "segment_id": "BLR_ORR_094", "corridor_id": "ORR", "corridor_name": "Outer Ring Road (Silk Board to Hebbal)", "road_name": "Outer Ring Road", "road_type": "trunk", "segment_length_m": 60.87, "start_lat": 12.924633, "start_lon": 77.674026, "end_lat": 12.924416, "end_lon": 77.673511, "lanes": 3.0, "lane_count_available": 1, "speed_limit_kph": 60.0, "speed_limit_available": 1, "street_lighting": "unverified", "street_lighting_verified": 0, "junction_count": 2, "junction_density_per_km": 32.86, "crossing_count": 2, "bus_stop_count": 2, "btp_station": "H.S.R.Layout Traffic PS", "btp_station_clean_name": "H.S.R.Layout PS", "btp_overlap_ratio": 1.0, "btp_station_total_cases_2023": 99.0, "btp_station_fatal_cases_2023": 25.0, "btp_station_killed_people_2023": 26.0, "btp_station_nonfatal_cases_2023": 74.0, "btp_station_injuries_2023": 90.0, "btp_station_total_cases_2022": 64.0, "btp_station_fatal_cases_2022": 14.0, "btp_station_total_cases_2021": 56.0, "btp_station_fatal_cases_2021": 15.0 }, "geometry": { "type": "LineString", "coordinates": [ [ 77.6740256, 12.924633 ], [ 77.673894, 12.9245828 ], [ 77.6737739, 12.924529 ], [ 77.6735108, 12.9244158 ] ] } },
{ "type": "Feature", "properties": { "segment_id": "BLR_ORR_095", "corridor_id": "ORR", "corridor_name": "Outer Ring Road (Silk Board to Hebbal)", "road_name": "Outer Ring Road", "road_type": "trunk", "segment_length_m": 486.81, "start_lat": 12.99671, "start_lon": 77.68339, "end_lat": 13.000269, "end_lon": 77.680856, "lanes": 3.0, "lane_count_available": 1, "speed_limit_kph": 60.0, "speed_limit_available": 1, "street_lighting": "unverified", "street_lighting_verified": 0, "junction_count": 2, "junction_density_per_km": 4.11, "crossing_count": 0, "bus_stop_count": 0, "btp_station": "K.R. Puram Traffic  PS", "btp_station_clean_name": "K.R. Puram PS", "btp_overlap_ratio": 1.0, "btp_station_total_cases_2023": 254.0, "btp_station_fatal_cases_2023": 41.0, "btp_station_killed_people_2023": 42.0, "btp_station_nonfatal_cases_2023": 213.0, "btp_station_injuries_2023": 217.0, "btp_station_total_cases_2022": null, "btp_station_fatal_cases_2022": null, "btp_station_total_cases_2021": null, "btp_station_fatal_cases_2021": null }, "geometry": { "type": "LineString", "coordinates": [ [ 77.68339, 12.9967099 ], [ 77.6832623, 12.9969071 ], [ 77.681801, 12.9992642 ], [ 77.68174, 12.9993649 ], [ 77.6814787, 12.9997852 ], [ 77.6813683, 12.9999341 ], [ 77.681275, 13.0000227 ], [ 77.6812176, 13.0000784 ], [ 77.6811371, 13.0001409 ], [ 77.680958, 13.0002346 ], [ 77.6808562, 13.000269 ] ] } },
{ "type": "Feature", "properties": { "segment_id": "BLR_ORR_097", "corridor_id": "ORR", "corridor_name": "Outer Ring Road (Silk Board to Hebbal)", "road_name": "Hennur Main Road", "road_type": "secondary", "segment_length_m": 278.93, "start_lat": 13.014542, "start_lon": 77.627184, "end_lat": 13.015871, "end_lon": 77.629139, "lanes": null, "lane_count_available": 0, "speed_limit_kph": null, "speed_limit_available": 0, "street_lighting": "unverified", "street_lighting_verified": 0, "junction_count": 2, "junction_density_per_km": 7.17, "crossing_count": 0, "bus_stop_count": 0, "btp_station": "Banaswadi Traffic PS", "btp_station_clean_name": "Banaswadi PS", "btp_overlap_ratio": 0.9291, "btp_station_total_cases_2023": 194.0, "btp_station_fatal_cases_2023": 37.0, "btp_station_killed_people_2023": 39.0, "btp_station_nonfatal_cases_2023": 157.0, "btp_station_injuries_2023": 166.0, "btp_station_total_cases_2022": 116.0, "btp_station_fatal_cases_2022": 22.0, "btp_station_total_cases_2021": 99.0, "btp_station_fatal_cases_2021": 20.0 }, "geometry": { "type": "LineString", "coordinates": [ [ 77.6271839, 13.0145416 ], [ 77.6273607, 13.014561 ], [ 77.6275692, 13.0146066 ], [ 77.6276745, 13.0146297 ], [ 77.6278671, 13.0146747 ], [ 77.6280089, 13.0147112 ], [ 77.6282888, 13.0147878 ], [ 77.6284259, 13.0148683 ], [ 77.6285453, 13.0149437 ], [ 77.6285669, 13.0149574 ], [ 77.6287371, 13.0150962 ], [ 77.6290395, 13.0156756 ], [ 77.62911, 13.0158144 ], [ 77.6291387, 13.0158708 ] ] } },
{ "type": "Feature", "properties": { "segment_id": "BLR_ORR_101", "corridor_id": "ORR", "corridor_name": "Outer Ring Road (Silk Board to Hebbal)", "road_name": "Inner Peripheral Ring Road", "road_type": "primary", "segment_length_m": 404.57, "start_lat": 12.901314, "start_lon": 77.708253, "end_lat": 12.904598, "end_lon": 77.709865, "lanes": 3.0, "lane_count_available": 1, "speed_limit_kph": null, "speed_limit_available": 0, "street_lighting": "unverified", "street_lighting_verified": 0, "junction_count": 1, "junction_density_per_km": 2.47, "crossing_count": 0, "bus_stop_count": 0, "btp_station": "Whitefield Traffic  PS", "btp_station_clean_name": "Whitefield PS", "btp_overlap_ratio": 1.0, "btp_station_total_cases_2023": 316.0, "btp_station_fatal_cases_2023": 54.0, "btp_station_killed_people_2023": 56.0, "btp_station_nonfatal_cases_2023": 262.0, "btp_station_injuries_2023": 235.0, "btp_station_total_cases_2022": null, "btp_station_fatal_cases_2022": null, "btp_station_total_cases_2021": null, "btp_station_fatal_cases_2021": null }, "geometry": { "type": "LineString", "coordinates": [ [ 77.7082527, 12.9013138 ], [ 77.7089305, 12.9027398 ], [ 77.7095519, 12.9041683 ], [ 77.7098646, 12.904598 ] ] } },
{ "type": "Feature", "properties": { "segment_id": "BLR_ORR_102", "corridor_id": "ORR", "corridor_name": "Outer Ring Road (Silk Board to Hebbal)", "road_name": "Outer Ring Road", "road_type": "trunk", "segment_length_m": 220.83, "start_lat": 12.986018, "start_lon": 77.690813, "end_lat": 12.984307, "end_lon": 77.691859, "lanes": 3.0, "lane_count_available": 1, "speed_limit_kph": 40.0, "speed_limit_available": 1, "street_lighting": "unverified", "street_lighting_verified": 0, "junction_count": 2, "junction_density_per_km": 9.06, "crossing_count": 0, "bus_stop_count": 0, "btp_station": "K.R. Puram Traffic  PS", "btp_station_clean_name": "K.R. Puram PS", "btp_overlap_ratio": 1.0, "btp_station_total_cases_2023": 254.0, "btp_station_fatal_cases_2023": 41.0, "btp_station_killed_people_2023": 42.0, "btp_station_nonfatal_cases_2023": 213.0, "btp_station_injuries_2023": 217.0, "btp_station_total_cases_2022": null, "btp_station_fatal_cases_2022": null, "btp_station_total_cases_2021": null, "btp_station_fatal_cases_2021": null }, "geometry": { "type": "LineString", "coordinates": [ [ 77.6908133, 12.986018 ], [ 77.6915905, 12.9847487 ], [ 77.6918593, 12.9843072 ] ] } },
{ "type": "Feature", "properties": { "segment_id": "BLR_ORR_104_1", "corridor_id": "ORR", "corridor_name": "Outer Ring Road (Silk Board to Hebbal)", "road_name": "Outer Ring Road", "road_type": "trunk", "segment_length_m": 500.0, "start_lat": 12.924864, "start_lon": 77.674113, "end_lat": 12.926892, "end_lon": 77.678228, "lanes": 3.0, "lane_count_available": 1, "speed_limit_kph": 60.0, "speed_limit_available": 1, "street_lighting": "unverified", "street_lighting_verified": 0, "junction_count": 2, "junction_density_per_km": 4.0, "crossing_count": 1, "bus_stop_count": 1, "btp_station": "H.S.R.Layout Traffic PS", "btp_station_clean_name": "H.S.R.Layout PS", "btp_overlap_ratio": 1.0, "btp_station_total_cases_2023": 99.0, "btp_station_fatal_cases_2023": 25.0, "btp_station_killed_people_2023": 26.0, "btp_station_nonfatal_cases_2023": 74.0, "btp_station_injuries_2023": 90.0, "btp_station_total_cases_2022": 64.0, "btp_station_fatal_cases_2022": 14.0, "btp_station_total_cases_2021": 56.0, "btp_station_fatal_cases_2021": 15.0 }, "geometry": { "type": "LineString", "coordinates": [ [ 77.6741134, 12.9248645 ], [ 77.674278, 12.9249455 ], [ 77.6747506, 12.9251913 ], [ 77.6752903, 12.9254641 ], [ 77.6756063, 12.92562 ], [ 77.6763224, 12.9259834 ], [ 77.6770573, 12.9263389 ], [ 77.678227782107896, 12.926891530766914 ] ] } },
{ "type": "Feature", "properties": { "segment_id": "BLR_ORR_104_2", "corridor_id": "ORR", "corridor_name": "Outer Ring Road (Silk Board to Hebbal)", "road_name": "Outer Ring Road", "road_type": "trunk", "segment_length_m": 309.16, "start_lat": 12.926892, "start_lon": 77.678228, "end_lat": 12.928109, "end_lon": 77.68079, "lanes": 3.0, "lane_count_available": 1, "speed_limit_kph": 60.0, "speed_limit_available": 1, "street_lighting": "unverified", "street_lighting_verified": 0, "junction_count": 2, "junction_density_per_km": 6.47, "crossing_count": 0, "bus_stop_count": 0, "btp_station": "H.S.R.Layout Traffic PS", "btp_station_clean_name": "H.S.R.Layout PS", "btp_overlap_ratio": 1.0, "btp_station_total_cases_2023": 99.0, "btp_station_fatal_cases_2023": 25.0, "btp_station_killed_people_2023": 26.0, "btp_station_nonfatal_cases_2023": 74.0, "btp_station_injuries_2023": 90.0, "btp_station_total_cases_2022": 64.0, "btp_station_fatal_cases_2022": 14.0, "btp_station_total_cases_2021": 56.0, "btp_station_fatal_cases_2021": 15.0 }, "geometry": { "type": "LineString", "coordinates": [ [ 77.678227782107896, 12.926891530766914 ], [ 77.6786437, 12.9270879 ], [ 77.6795192, 12.927507 ], [ 77.679761, 12.9276205 ], [ 77.680202, 12.9278304 ], [ 77.6805921, 12.9280152 ], [ 77.6807901, 12.928109 ] ] } },
{ "type": "Feature", "properties": { "segment_id": "BLR_ORR_106_1", "corridor_id": "ORR", "corridor_name": "Outer Ring Road (Silk Board to Hebbal)", "road_name": "Sarjapura Road", "road_type": "primary", "segment_length_m": 500.0, "start_lat": 12.911094, "start_lon": 77.683786, "end_lat": 12.909415, "end_lon": 77.68806, "lanes": 3.0, "lane_count_available": 1, "speed_limit_kph": 50.0, "speed_limit_available": 1, "street_lighting": "unverified", "street_lighting_verified": 0, "junction_count": 2, "junction_density_per_km": 4.0, "crossing_count": 6, "bus_stop_count": 0, "btp_station": "H.S.R.Layout Traffic PS", "btp_station_clean_name": "H.S.R.Layout PS", "btp_overlap_ratio": 1.0, "btp_station_total_cases_2023": 99.0, "btp_station_fatal_cases_2023": 25.0, "btp_station_killed_people_2023": 26.0, "btp_station_nonfatal_cases_2023": 74.0, "btp_station_injuries_2023": 90.0, "btp_station_total_cases_2022": 64.0, "btp_station_fatal_cases_2022": 14.0, "btp_station_total_cases_2021": 56.0, "btp_station_fatal_cases_2021": 15.0 }, "geometry": { "type": "LineString", "coordinates": [ [ 77.6837857, 12.911094 ], [ 77.6839292, 12.9110381 ], [ 77.6843854, 12.9108646 ], [ 77.6845104, 12.910818 ], [ 77.6846829, 12.9107534 ], [ 77.685209200000017, 12.9105457 ], [ 77.6856733, 12.9103543 ], [ 77.6862885, 12.9101085 ], [ 77.687179900000018, 12.9097513 ], [ 77.6873084, 12.909704 ], [ 77.687342, 12.909693 ], [ 77.6877, 12.9095524 ], [ 77.6878466, 12.9094982 ], [ 77.6879446, 12.9094597 ], [ 77.688059586597134, 12.909414703448382 ] ] } },
{ "type": "Feature", "properties": { "segment_id": "BLR_ORR_106_2", "corridor_id": "ORR", "corridor_name": "Outer Ring Road (Silk Board to Hebbal)", "road_name": "Sarjapura Road", "road_type": "primary", "segment_length_m": 398.64, "start_lat": 12.909415, "start_lon": 77.68806, "end_lat": 12.908319, "end_lon": 77.691552, "lanes": 3.0, "lane_count_available": 1, "speed_limit_kph": 50.0, "speed_limit_available": 1, "street_lighting": "unverified", "street_lighting_verified": 0, "junction_count": 2, "junction_density_per_km": 5.02, "crossing_count": 0, "bus_stop_count": 0, "btp_station": "H.S.R.Layout Traffic PS", "btp_station_clean_name": "H.S.R.Layout PS", "btp_overlap_ratio": 1.0, "btp_station_total_cases_2023": 99.0, "btp_station_fatal_cases_2023": 25.0, "btp_station_killed_people_2023": 26.0, "btp_station_nonfatal_cases_2023": 74.0, "btp_station_injuries_2023": 90.0, "btp_station_total_cases_2022": 64.0, "btp_station_fatal_cases_2022": 14.0, "btp_station_total_cases_2021": 56.0, "btp_station_fatal_cases_2021": 15.0 }, "geometry": { "type": "LineString", "coordinates": [ [ 77.688059586597134, 12.909414703448382 ], [ 77.6882165, 12.9093533 ], [ 77.6883228, 12.9093098 ], [ 77.6885871, 12.9092013 ], [ 77.6889851, 12.9090541 ], [ 77.6891849, 12.9089829 ], [ 77.689502, 12.9088767 ], [ 77.6897782, 12.9088018 ], [ 77.689868, 12.9087785 ], [ 77.690634, 12.908571 ], [ 77.6910821, 12.9084513 ], [ 77.6915517, 12.9083186 ] ] } },
{ "type": "Feature", "properties": { "segment_id": "BLR_ORR_107", "corridor_id": "ORR", "corridor_name": "Outer Ring Road (Silk Board to Hebbal)", "road_name": "Outer Ring Road", "road_type": "trunk", "segment_length_m": 134.63, "start_lat": 12.928349, "start_lon": 77.681697, "end_lat": 12.927812, "end_lon": 77.680585, "lanes": 3.0, "lane_count_available": 1, "speed_limit_kph": 60.0, "speed_limit_available": 1, "street_lighting": "unverified", "street_lighting_verified": 0, "junction_count": 2, "junction_density_per_km": 14.86, "crossing_count": 1, "bus_stop_count": 2, "btp_station": "H.S.R.Layout Traffic PS", "btp_station_clean_name": "H.S.R.Layout PS", "btp_overlap_ratio": 0.821, "btp_station_total_cases_2023": 99.0, "btp_station_fatal_cases_2023": 25.0, "btp_station_killed_people_2023": 26.0, "btp_station_nonfatal_cases_2023": 74.0, "btp_station_injuries_2023": 90.0, "btp_station_total_cases_2022": 64.0, "btp_station_fatal_cases_2022": 14.0, "btp_station_total_cases_2021": 56.0, "btp_station_fatal_cases_2021": 15.0 }, "geometry": { "type": "LineString", "coordinates": [ [ 77.6816974, 12.9283494 ], [ 77.6814491, 12.9282322 ], [ 77.6805853, 12.9278118 ] ] } },
{ "type": "Feature", "properties": { "segment_id": "BLR_ORR_108", "corridor_id": "ORR", "corridor_name": "Outer Ring Road (Silk Board to Hebbal)", "road_name": "Outer Ring Road", "road_type": "trunk", "segment_length_m": 115.12, "start_lat": 12.953448, "start_lon": 77.700304, "end_lat": 12.952438, "end_lon": 77.700054, "lanes": 3.0, "lane_count_available": 1, "speed_limit_kph": 60.0, "speed_limit_available": 1, "street_lighting": "unverified", "street_lighting_verified": 0, "junction_count": 2, "junction_density_per_km": 17.37, "crossing_count": 1, "bus_stop_count": 0, "btp_station": "H.A.L Airport Traffic PS", "btp_station_clean_name": "H.A.L. PS", "btp_overlap_ratio": 1.0, "btp_station_total_cases_2023": 97.0, "btp_station_fatal_cases_2023": 17.0, "btp_station_killed_people_2023": 17.0, "btp_station_nonfatal_cases_2023": 80.0, "btp_station_injuries_2023": 80.0, "btp_station_total_cases_2022": 83.0, "btp_station_fatal_cases_2022": 18.0, "btp_station_total_cases_2021": 143.0, "btp_station_fatal_cases_2021": 34.0 }, "geometry": { "type": "LineString", "coordinates": [ [ 77.7003042, 12.9534482 ], [ 77.7000543, 12.9524376 ] ] } },
{ "type": "Feature", "properties": { "segment_id": "BLR_ORR_109", "corridor_id": "ORR", "corridor_name": "Outer Ring Road (Silk Board to Hebbal)", "road_name": "Outer Ring Road", "road_type": "trunk", "segment_length_m": 124.89, "start_lat": 12.936862, "start_lon": 77.692744, "end_lat": 12.936089, "end_lon": 77.691907, "lanes": 3.0, "lane_count_available": 1, "speed_limit_kph": 60.0, "speed_limit_available": 1, "street_lighting": "unverified", "street_lighting_verified": 0, "junction_count": 2, "junction_density_per_km": 16.01, "crossing_count": 0, "bus_stop_count": 0, "btp_station": "H.A.L Airport Traffic PS", "btp_station_clean_name": "H.A.L. PS", "btp_overlap_ratio": 1.0, "btp_station_total_cases_2023": 97.0, "btp_station_fatal_cases_2023": 17.0, "btp_station_killed_people_2023": 17.0, "btp_station_nonfatal_cases_2023": 80.0, "btp_station_injuries_2023": 80.0, "btp_station_total_cases_2022": 83.0, "btp_station_fatal_cases_2022": 18.0, "btp_station_total_cases_2021": 143.0, "btp_station_fatal_cases_2021": 34.0 }, "geometry": { "type": "LineString", "coordinates": [ [ 77.6927441, 12.9368624 ], [ 77.6925884, 12.9367296 ], [ 77.6922522, 12.9364193 ], [ 77.6919069, 12.9360892 ] ] } },
{ "type": "Feature", "properties": { "segment_id": "BLR_ORR_110", "corridor_id": "ORR", "corridor_name": "Outer Ring Road (Silk Board to Hebbal)", "road_name": "Outer Ring Road", "road_type": "trunk", "segment_length_m": 516.79, "start_lat": 12.936089, "start_lon": 77.691907, "end_lat": 12.932898, "end_lon": 77.688434, "lanes": 3.0, "lane_count_available": 1, "speed_limit_kph": 60.0, "speed_limit_available": 1, "street_lighting": "unverified", "street_lighting_verified": 0, "junction_count": 2, "junction_density_per_km": 3.87, "crossing_count": 2, "bus_stop_count": 2, "btp_station": "H.A.L Airport Traffic PS", "btp_station_clean_name": "H.A.L. PS", "btp_overlap_ratio": 1.0, "btp_station_total_cases_2023": 97.0, "btp_station_fatal_cases_2023": 17.0, "btp_station_killed_people_2023": 17.0, "btp_station_nonfatal_cases_2023": 80.0, "btp_station_injuries_2023": 80.0, "btp_station_total_cases_2022": 83.0, "btp_station_fatal_cases_2022": 18.0, "btp_station_total_cases_2021": 143.0, "btp_station_fatal_cases_2021": 34.0 }, "geometry": { "type": "LineString", "coordinates": [ [ 77.6919069, 12.9360892 ], [ 77.6917455, 12.93594 ], [ 77.6912039, 12.9354307 ], [ 77.6910678, 12.9353086 ], [ 77.690477, 12.9347802 ], [ 77.6904559, 12.9347613 ], [ 77.6900523, 12.9343866 ], [ 77.6897702, 12.9341247 ], [ 77.688613, 12.933062 ], [ 77.6884336, 12.9328978 ] ] } },
{ "type": "Feature", "properties": { "segment_id": "BLR_ORR_111_1", "corridor_id": "ORR", "corridor_name": "Outer Ring Road (Silk Board to Hebbal)", "road_name": "Outer Ring Road", "road_type": "trunk", "segment_length_m": 500.0, "start_lat": 12.933959, "start_lon": 77.689409, "end_lat": 12.937056, "end_lon": 77.69276, "lanes": 3.0, "lane_count_available": 1, "speed_limit_kph": 60.0, "speed_limit_available": 1, "street_lighting": "unverified", "street_lighting_verified": 0, "junction_count": 2, "junction_density_per_km": 4.0, "crossing_count": 0, "bus_stop_count": 2, "btp_station": "H.A.L Airport Traffic PS", "btp_station_clean_name": "H.A.L. PS", "btp_overlap_ratio": 1.0, "btp_station_total_cases_2023": 97.0, "btp_station_fatal_cases_2023": 17.0, "btp_station_killed_people_2023": 17.0, "btp_station_nonfatal_cases_2023": 80.0, "btp_station_injuries_2023": 80.0, "btp_station_total_cases_2022": 83.0, "btp_station_fatal_cases_2022": 18.0, "btp_station_total_cases_2021": 143.0, "btp_station_fatal_cases_2021": 34.0 }, "geometry": { "type": "LineString", "coordinates": [ [ 77.6894086, 12.9339593 ], [ 77.6896834, 12.9342068 ], [ 77.6899563, 12.9344583 ], [ 77.6903922, 12.9348599 ], [ 77.6904581, 12.9349227 ], [ 77.6910068, 12.9354262 ], [ 77.6911134, 12.9355201 ], [ 77.6924183, 12.9367277 ], [ 77.692760408946796, 12.937055999121821 ] ] } },
{ "type": "Feature", "properties": { "segment_id": "BLR_ORR_111_2", "corridor_id": "ORR", "corridor_name": "Outer Ring Road (Silk Board to Hebbal)", "road_name": "Outer Ring Road", "road_type": "trunk", "segment_length_m": 617.5, "start_lat": 12.937056, "start_lon": 77.69276, "end_lat": 12.941359, "end_lon": 77.696321, "lanes": 3.0, "lane_count_available": 1, "speed_limit_kph": 60.0, "speed_limit_available": 1, "street_lighting": "unverified", "street_lighting_verified": 0, "junction_count": 2, "junction_density_per_km": 3.24, "crossing_count": 4, "bus_stop_count": 0, "btp_station": "H.A.L Airport Traffic PS", "btp_station_clean_name": "H.A.L. PS", "btp_overlap_ratio": 1.0, "btp_station_total_cases_2023": 97.0, "btp_station_fatal_cases_2023": 17.0, "btp_station_killed_people_2023": 17.0, "btp_station_nonfatal_cases_2023": 80.0, "btp_station_injuries_2023": 80.0, "btp_station_total_cases_2022": 83.0, "btp_station_fatal_cases_2022": 18.0, "btp_station_total_cases_2021": 143.0, "btp_station_fatal_cases_2021": 34.0 }, "geometry": { "type": "LineString", "coordinates": [ [ 77.692760408946796, 12.937055999121821 ], [ 77.6931763, 12.9374551 ], [ 77.6943844, 12.9385968 ], [ 77.6946419, 12.9388739 ], [ 77.6948818, 12.9391416 ], [ 77.695249, 12.9396463 ], [ 77.6960769, 12.9409927 ], [ 77.6962219, 12.9412314 ], [ 77.6963206, 12.9413591 ] ] } },
{ "type": "Feature", "properties": { "segment_id": "BLR_ORR_113", "corridor_id": "ORR", "corridor_name": "Outer Ring Road (Silk Board to Hebbal)", "road_name": "Sarjapura Road", "road_type": "primary", "segment_length_m": 261.98, "start_lat": 12.924936, "start_lon": 77.633992, "end_lat": 12.925301, "end_lon": 77.636376, "lanes": 2.0, "lane_count_available": 1, "speed_limit_kph": null, "speed_limit_available": 0, "street_lighting": "unverified", "street_lighting_verified": 0, "junction_count": 2, "junction_density_per_km": 7.63, "crossing_count": 3, "bus_stop_count": 0, "btp_station": "Adugodi Traffic PS", "btp_station_clean_name": "Adugodi PS", "btp_overlap_ratio": 1.0, "btp_station_total_cases_2023": 63.0, "btp_station_fatal_cases_2023": 10.0, "btp_station_killed_people_2023": 10.0, "btp_station_nonfatal_cases_2023": 53.0, "btp_station_injuries_2023": 67.0, "btp_station_total_cases_2022": 42.0, "btp_station_fatal_cases_2022": 6.0, "btp_station_total_cases_2021": 19.0, "btp_station_fatal_cases_2021": 2.0 }, "geometry": { "type": "LineString", "coordinates": [ [ 77.6339922, 12.9249363 ], [ 77.634089, 12.9249494 ], [ 77.6341867, 12.9249656 ], [ 77.6348395, 12.9250739 ], [ 77.6353253, 12.9251496 ], [ 77.636068, 12.9252565 ], [ 77.636376, 12.9253009 ] ] } },
{ "type": "Feature", "properties": { "segment_id": "BLR_ORR_114_1", "corridor_id": "ORR", "corridor_name": "Outer Ring Road (Silk Board to Hebbal)", "road_name": "Outer Ring Road", "road_type": "trunk", "segment_length_m": 500.0, "start_lat": 12.928531, "start_lon": 77.681724, "end_lat": 12.930699, "end_lon": 77.685745, "lanes": 3.0, "lane_count_available": 1, "speed_limit_kph": 60.0, "speed_limit_available": 1, "street_lighting": "unverified", "street_lighting_verified": 0, "junction_count": 2, "junction_density_per_km": 4.0, "crossing_count": 0, "bus_stop_count": 0, "btp_station": "H.A.L Airport Traffic PS", "btp_station_clean_name": "H.A.L. PS", "btp_overlap_ratio": 1.0, "btp_station_total_cases_2023": 97.0, "btp_station_fatal_cases_2023": 17.0, "btp_station_killed_people_2023": 17.0, "btp_station_nonfatal_cases_2023": 80.0, "btp_station_injuries_2023": 80.0, "btp_station_total_cases_2022": 83.0, "btp_station_fatal_cases_2022": 18.0, "btp_station_total_cases_2021": 143.0, "btp_station_fatal_cases_2021": 34.0 }, "geometry": { "type": "LineString", "coordinates": [ [ 77.6817242, 12.9285307 ], [ 77.6819101, 12.9286159 ], [ 77.6825992, 12.9289641 ], [ 77.6833531, 12.9293316 ], [ 77.6843262, 12.9297729 ], [ 77.6844937, 12.9298535 ], [ 77.6846554, 12.9299371 ], [ 77.6848208, 12.9300291 ], [ 77.6849769, 12.9301226 ], [ 77.6852379, 12.9302977 ], [ 77.685388, 12.9304048 ], [ 77.6856706, 12.9306355 ], [ 77.685744585549514, 12.930699253532731 ] ] } },
{ "type": "Feature", "properties": { "segment_id": "BLR_ORR_114_2", "corridor_id": "ORR", "corridor_name": "Outer Ring Road (Silk Board to Hebbal)", "road_name": "Outer Ring Road", "road_type": "trunk", "segment_length_m": 231.18, "start_lat": 12.930699, "start_lon": 77.685745, "end_lat": 12.932093, "end_lon": 77.68733, "lanes": 3.0, "lane_count_available": 1, "speed_limit_kph": 60.0, "speed_limit_available": 1, "street_lighting": "unverified", "street_lighting_verified": 0, "junction_count": 2, "junction_density_per_km": 8.65, "crossing_count": 0, "bus_stop_count": 2, "btp_station": "H.A.L Airport Traffic PS", "btp_station_clean_name": "H.A.L. PS", "btp_overlap_ratio": 1.0, "btp_station_total_cases_2023": 97.0, "btp_station_fatal_cases_2023": 17.0, "btp_station_killed_people_2023": 17.0, "btp_station_nonfatal_cases_2023": 80.0, "btp_station_injuries_2023": 80.0, "btp_station_total_cases_2022": 83.0, "btp_station_fatal_cases_2022": 18.0, "btp_station_total_cases_2021": 143.0, "btp_station_fatal_cases_2021": 34.0 }, "geometry": { "type": "LineString", "coordinates": [ [ 77.685744585549514, 12.930699253532731 ], [ 77.6858116, 12.930757 ], [ 77.6862527, 12.9311544 ], [ 77.6864838, 12.9313583 ], [ 77.686987, 12.9317954 ], [ 77.6872753, 12.9320458 ], [ 77.68733, 12.9320929 ] ] } },
{ "type": "Feature", "properties": { "segment_id": "BLR_ORR_115", "corridor_id": "ORR", "corridor_name": "Outer Ring Road (Silk Board to Hebbal)", "road_name": "Outer Ring Road", "road_type": "trunk", "segment_length_m": 306.03, "start_lat": 12.932093, "start_lon": 77.68733, "end_lat": 12.933959, "end_lon": 77.689409, "lanes": 3.0, "lane_count_available": 1, "speed_limit_kph": 60.0, "speed_limit_available": 1, "street_lighting": "unverified", "street_lighting_verified": 0, "junction_count": 2, "junction_density_per_km": 6.54, "crossing_count": 0, "bus_stop_count": 1, "btp_station": "H.A.L Airport Traffic PS", "btp_station_clean_name": "H.A.L. PS", "btp_overlap_ratio": 1.0, "btp_station_total_cases_2023": 97.0, "btp_station_fatal_cases_2023": 17.0, "btp_station_killed_people_2023": 17.0, "btp_station_nonfatal_cases_2023": 80.0, "btp_station_injuries_2023": 80.0, "btp_station_total_cases_2022": 83.0, "btp_station_fatal_cases_2022": 18.0, "btp_station_total_cases_2021": 143.0, "btp_station_fatal_cases_2021": 34.0 }, "geometry": { "type": "LineString", "coordinates": [ [ 77.68733, 12.9320929 ], [ 77.6880915, 12.9327487 ], [ 77.6894086, 12.9339593 ] ] } },
{ "type": "Feature", "properties": { "segment_id": "BLR_ORR_116_1", "corridor_id": "ORR", "corridor_name": "Outer Ring Road (Silk Board to Hebbal)", "road_name": "Outer Ring Road", "road_type": "trunk", "segment_length_m": 500.0, "start_lat": 12.975834, "start_lon": 77.696932, "end_lat": 12.979699, "end_lon": 77.69455, "lanes": 3.0, "lane_count_available": 1, "speed_limit_kph": 60.0, "speed_limit_available": 1, "street_lighting": "unverified", "street_lighting_verified": 0, "junction_count": 2, "junction_density_per_km": 4.0, "crossing_count": 0, "bus_stop_count": 0, "btp_station": "K.R. Puram Traffic  PS", "btp_station_clean_name": "K.R. Puram PS", "btp_overlap_ratio": 1.0, "btp_station_total_cases_2023": 254.0, "btp_station_fatal_cases_2023": 41.0, "btp_station_killed_people_2023": 42.0, "btp_station_nonfatal_cases_2023": 213.0, "btp_station_injuries_2023": 217.0, "btp_station_total_cases_2022": null, "btp_station_fatal_cases_2022": null, "btp_station_total_cases_2021": null, "btp_station_fatal_cases_2021": null }, "geometry": { "type": "LineString", "coordinates": [ [ 77.6969318, 12.975834 ], [ 77.6963668, 12.9767005 ], [ 77.695573, 12.9780153 ], [ 77.6946899, 12.9794714 ], [ 77.694549797929596, 12.979699055705201 ] ] } },
{ "type": "Feature", "properties": { "segment_id": "BLR_ORR_116_2", "corridor_id": "ORR", "corridor_name": "Outer Ring Road (Silk Board to Hebbal)", "road_name": "Outer Ring Road", "road_type": "trunk", "segment_length_m": 550.65, "start_lat": 12.979699, "start_lon": 77.69455, "end_lat": 12.98396, "end_lon": 77.691934, "lanes": 3.0, "lane_count_available": 1, "speed_limit_kph": 60.0, "speed_limit_available": 1, "street_lighting": "unverified", "street_lighting_verified": 0, "junction_count": 2, "junction_density_per_km": 3.63, "crossing_count": 2, "bus_stop_count": 0, "btp_station": "K.R. Puram Traffic  PS", "btp_station_clean_name": "K.R. Puram PS", "btp_overlap_ratio": 1.0, "btp_station_total_cases_2023": 254.0, "btp_station_fatal_cases_2023": 41.0, "btp_station_killed_people_2023": 42.0, "btp_station_nonfatal_cases_2023": 213.0, "btp_station_injuries_2023": 217.0, "btp_station_total_cases_2022": null, "btp_station_fatal_cases_2022": null, "btp_station_total_cases_2021": null, "btp_station_fatal_cases_2021": null }, "geometry": { "type": "LineString", "coordinates": [ [ 77.694549797929596, 12.979699055705201 ], [ 77.6941972, 12.980272 ], [ 77.693946, 12.9806782 ], [ 77.6933241, 12.9816707 ], [ 77.6930993, 12.9820642 ], [ 77.6929132, 12.9823901 ], [ 77.6926963, 12.9827317 ], [ 77.6926578, 12.982789 ], [ 77.6923206, 12.9833394 ], [ 77.6922662, 12.9834281 ], [ 77.6921805, 12.9835672 ], [ 77.6919341, 12.9839601 ] ] } },
{ "type": "Feature", "properties": { "segment_id": "BLR_ORR_118", "corridor_id": "ORR", "corridor_name": "Outer Ring Road (Silk Board to Hebbal)", "road_name": "Sarjapura Road", "road_type": "primary", "segment_length_m": 206.86, "start_lat": 12.924191, "start_lon": 77.628729, "end_lat": 12.924932, "end_lon": 77.62698, "lanes": 2.0, "lane_count_available": 1, "speed_limit_kph": null, "speed_limit_available": 0, "street_lighting": "unverified", "street_lighting_verified": 0, "junction_count": 2, "junction_density_per_km": 9.67, "crossing_count": 2, "bus_stop_count": 0, "btp_station": "Adugodi Traffic PS", "btp_station_clean_name": "Adugodi PS", "btp_overlap_ratio": 1.0, "btp_station_total_cases_2023": 63.0, "btp_station_fatal_cases_2023": 10.0, "btp_station_killed_people_2023": 10.0, "btp_station_nonfatal_cases_2023": 53.0, "btp_station_injuries_2023": 67.0, "btp_station_total_cases_2022": 42.0, "btp_station_fatal_cases_2022": 6.0, "btp_station_total_cases_2021": 19.0, "btp_station_fatal_cases_2021": 2.0 }, "geometry": { "type": "LineString", "coordinates": [ [ 77.6287288, 12.9241909 ], [ 77.6284284, 12.9243272 ], [ 77.628217, 12.9244232 ], [ 77.6271089, 12.9248823 ], [ 77.6269803, 12.9249321 ] ] } },
{ "type": "Feature", "properties": { "segment_id": "BLR_ORR_120_1", "corridor_id": "ORR", "corridor_name": "Outer Ring Road (Silk Board to Hebbal)", "road_name": "Outer Ring Road", "road_type": "trunk", "segment_length_m": 500.0, "start_lat": 12.921281, "start_lon": 77.662394, "end_lat": 12.922605, "end_lon": 77.657998, "lanes": 3.0, "lane_count_available": 1, "speed_limit_kph": 60.0, "speed_limit_available": 1, "street_lighting": "unverified", "street_lighting_verified": 0, "junction_count": 2, "junction_density_per_km": 4.0, "crossing_count": 2, "bus_stop_count": 0, "btp_station": "H.S.R.Layout Traffic PS", "btp_station_clean_name": "H.S.R.Layout PS", "btp_overlap_ratio": 1.0, "btp_station_total_cases_2023": 99.0, "btp_station_fatal_cases_2023": 25.0, "btp_station_killed_people_2023": 26.0, "btp_station_nonfatal_cases_2023": 74.0, "btp_station_injuries_2023": 90.0, "btp_station_total_cases_2022": 64.0, "btp_station_fatal_cases_2022": 14.0, "btp_station_total_cases_2021": 56.0, "btp_station_fatal_cases_2021": 15.0 }, "geometry": { "type": "LineString", "coordinates": [ [ 77.662394, 12.9212807 ], [ 77.66226, 12.9213196 ], [ 77.6620564, 12.9213728 ], [ 77.6602077, 12.9218173 ], [ 77.6599561, 12.9218994 ], [ 77.657998450233862, 12.922604855296029 ] ] } },
{ "type": "Feature", "properties": { "segment_id": "BLR_ORR_120_2", "corridor_id": "ORR", "corridor_name": "Outer Ring Road (Silk Board to Hebbal)", "road_name": "Outer Ring Road", "road_type": "trunk", "segment_length_m": 500.0, "start_lat": 12.922605, "start_lon": 77.657998, "end_lat": 12.923805, "end_lon": 77.653572, "lanes": 3.0, "lane_count_available": 1, "speed_limit_kph": 60.0, "speed_limit_available": 1, "street_lighting": "unverified", "street_lighting_verified": 0, "junction_count": 2, "junction_density_per_km": 4.0, "crossing_count": 0, "bus_stop_count": 0, "btp_station": "H.S.R.Layout Traffic PS", "btp_station_clean_name": "H.S.R.Layout PS", "btp_overlap_ratio": 1.0, "btp_station_total_cases_2023": 99.0, "btp_station_fatal_cases_2023": 25.0, "btp_station_killed_people_2023": 26.0, "btp_station_nonfatal_cases_2023": 74.0, "btp_station_injuries_2023": 90.0, "btp_station_total_cases_2022": 64.0, "btp_station_fatal_cases_2022": 14.0, "btp_station_total_cases_2021": 56.0, "btp_station_fatal_cases_2021": 15.0 }, "geometry": { "type": "LineString", "coordinates": [ [ 77.657998450233862, 12.922604855296029 ], [ 77.6571955, 12.9228942 ], [ 77.6564713, 12.9231438 ], [ 77.6559408, 12.9233113 ], [ 77.6556263, 12.9234122 ], [ 77.655362, 12.923474 ], [ 77.6549903, 12.9235456 ], [ 77.6548266, 12.9235804 ], [ 77.6543682, 12.9236679 ], [ 77.6540371, 12.9237179 ], [ 77.653572115320486, 12.923805158845438 ] ] } },
{ "type": "Feature", "properties": { "segment_id": "BLR_ORR_120_3", "corridor_id": "ORR", "corridor_name": "Outer Ring Road (Silk Board to Hebbal)", "road_name": "Outer Ring Road", "road_type": "trunk", "segment_length_m": 500.0, "start_lat": 12.923805, "start_lon": 77.653572, "end_lat": 12.924299, "end_lon": 77.649024, "lanes": 3.0, "lane_count_available": 1, "speed_limit_kph": 60.0, "speed_limit_available": 1, "street_lighting": "unverified", "street_lighting_verified": 0, "junction_count": 2, "junction_density_per_km": 4.0, "crossing_count": 1, "bus_stop_count": 0, "btp_station": "H.S.R.Layout Traffic PS", "btp_station_clean_name": "H.S.R.Layout PS", "btp_overlap_ratio": 0.9776, "btp_station_total_cases_2023": 99.0, "btp_station_fatal_cases_2023": 25.0, "btp_station_killed_people_2023": 26.0, "btp_station_nonfatal_cases_2023": 74.0, "btp_station_injuries_2023": 90.0, "btp_station_total_cases_2022": 64.0, "btp_station_fatal_cases_2022": 14.0, "btp_station_total_cases_2021": 56.0, "btp_station_fatal_cases_2021": 15.0 }, "geometry": { "type": "LineString", "coordinates": [ [ 77.653572115320486, 12.923805158845438 ], [ 77.6530518, 12.9239028 ], [ 77.6519362, 12.9241272 ], [ 77.650785, 12.9243372 ], [ 77.6505067, 12.9243654 ], [ 77.6501883, 12.9243697 ], [ 77.6498746, 12.924356 ], [ 77.649023653743768, 12.924298698218857 ] ] } },
{ "type": "Feature", "properties": { "segment_id": "BLR_ORR_120_4", "corridor_id": "ORR", "corridor_name": "Outer Ring Road (Silk Board to Hebbal)", "road_name": "Outer Ring Road", "road_type": "trunk", "segment_length_m": 520.8, "start_lat": 12.924299, "start_lon": 77.649024, "end_lat": 12.922026, "end_lon": 77.644977, "lanes": 3.0, "lane_count_available": 1, "speed_limit_kph": 60.0, "speed_limit_available": 1, "street_lighting": "unverified", "street_lighting_verified": 0, "junction_count": 2, "junction_density_per_km": 3.84, "crossing_count": 4, "bus_stop_count": 0, "btp_station": "H.S.R.Layout Traffic PS", "btp_station_clean_name": "H.S.R.Layout PS", "btp_overlap_ratio": 1.0, "btp_station_total_cases_2023": 99.0, "btp_station_fatal_cases_2023": 25.0, "btp_station_killed_people_2023": 26.0, "btp_station_nonfatal_cases_2023": 74.0, "btp_station_injuries_2023": 90.0, "btp_station_total_cases_2022": 64.0, "btp_station_fatal_cases_2022": 14.0, "btp_station_total_cases_2021": 56.0, "btp_station_fatal_cases_2021": 15.0 }, "geometry": { "type": "LineString", "coordinates": [ [ 77.649023653743768, 12.924298698218857 ], [ 77.6487252, 12.9242786 ], [ 77.6484417, 12.9242385 ], [ 77.648086, 12.9241695 ], [ 77.6478897, 12.9240974 ], [ 77.6475028, 12.9239539 ], [ 77.6474406, 12.9239272 ], [ 77.6472923, 12.9238729 ], [ 77.6470719, 12.9237689 ], [ 77.6468667, 12.9236504 ], [ 77.6466165, 12.9234869 ], [ 77.6464274, 12.9233333 ], [ 77.6450577, 12.922103 ], [ 77.6449766, 12.9220264 ] ] } },
{ "type": "Feature", "properties": { "segment_id": "BLR_ORR_121_1", "corridor_id": "ORR", "corridor_name": "Outer Ring Road (Silk Board to Hebbal)", "road_name": "Outer Ring Road", "road_type": "trunk", "segment_length_m": 500.0, "start_lat": 12.984307, "start_lon": 77.691859, "end_lat": 12.980472, "end_lon": 77.694292, "lanes": 3.0, "lane_count_available": 1, "speed_limit_kph": 30.0, "speed_limit_available": 1, "street_lighting": "unverified", "street_lighting_verified": 0, "junction_count": 2, "junction_density_per_km": 4.0, "crossing_count": 2, "bus_stop_count": 0, "btp_station": "K.R. Puram Traffic  PS", "btp_station_clean_name": "K.R. Puram PS", "btp_overlap_ratio": 1.0, "btp_station_total_cases_2023": 254.0, "btp_station_fatal_cases_2023": 41.0, "btp_station_killed_people_2023": 42.0, "btp_station_nonfatal_cases_2023": 213.0, "btp_station_injuries_2023": 217.0, "btp_station_total_cases_2022": null, "btp_station_fatal_cases_2022": null, "btp_station_total_cases_2021": null, "btp_station_fatal_cases_2021": null }, "geometry": { "type": "LineString", "coordinates": [ [ 77.6918593, 12.9843072 ], [ 77.6920312, 12.9840248 ], [ 77.6922813, 12.9836172 ], [ 77.6922958, 12.9835935 ], [ 77.6928132, 12.9827889 ], [ 77.6930477, 12.9824291 ], [ 77.693056, 12.982416 ], [ 77.6934824, 12.9817435 ], [ 77.693507, 12.9817047 ], [ 77.69384, 12.9811796 ], [ 77.6938873, 12.9811049 ], [ 77.6940909, 12.9807759 ], [ 77.694291698911499, 12.980472193663097 ] ] } },
{ "type": "Feature", "properties": { "segment_id": "BLR_ORR_121_2", "corridor_id": "ORR", "corridor_name": "Outer Ring Road (Silk Board to Hebbal)", "road_name": "Outer Ring Road", "road_type": "trunk", "segment_length_m": 500.0, "start_lat": 12.980472, "start_lon": 77.694292, "end_lat": 12.976582, "end_lon": 77.69663, "lanes": 3.0, "lane_count_available": 1, "speed_limit_kph": 30.0, "speed_limit_available": 1, "street_lighting": "unverified", "street_lighting_verified": 0, "junction_count": 2, "junction_density_per_km": 4.0, "crossing_count": 0, "bus_stop_count": 0, "btp_station": "K.R. Puram Traffic  PS", "btp_station_clean_name": "K.R. Puram PS", "btp_overlap_ratio": 1.0, "btp_station_total_cases_2023": 254.0, "btp_station_fatal_cases_2023": 41.0, "btp_station_killed_people_2023": 42.0, "btp_station_nonfatal_cases_2023": 213.0, "btp_station_injuries_2023": 217.0, "btp_station_total_cases_2022": null, "btp_station_fatal_cases_2022": null, "btp_station_total_cases_2021": null, "btp_station_fatal_cases_2021": null }, "geometry": { "type": "LineString", "coordinates": [ [ 77.694291698911499, 12.980472193663097 ], [ 77.6943551, 12.9803763 ], [ 77.695739, 12.9780872 ], [ 77.6963956, 12.9769655 ], [ 77.6965209, 12.9767568 ], [ 77.696630356056019, 12.976581517951727 ] ] } },
{ "type": "Feature", "properties": { "segment_id": "BLR_ORR_121_3", "corridor_id": "ORR", "corridor_name": "Outer Ring Road (Silk Board to Hebbal)", "road_name": "Outer Ring Road", "road_type": "trunk", "segment_length_m": 229.63, "start_lat": 12.976582, "start_lon": 77.69663, "end_lat": 12.974787, "end_lon": 77.69769, "lanes": 3.0, "lane_count_available": 1, "speed_limit_kph": 30.0, "speed_limit_available": 1, "street_lighting": "unverified", "street_lighting_verified": 0, "junction_count": 2, "junction_density_per_km": 8.71, "crossing_count": 0, "bus_stop_count": 0, "btp_station": "K.R. Puram Traffic  PS", "btp_station_clean_name": "K.R. Puram PS", "btp_overlap_ratio": 1.0, "btp_station_total_cases_2023": 254.0, "btp_station_fatal_cases_2023": 41.0, "btp_station_killed_people_2023": 42.0, "btp_station_nonfatal_cases_2023": 213.0, "btp_station_injuries_2023": 217.0, "btp_station_total_cases_2022": null, "btp_station_fatal_cases_2022": null, "btp_station_total_cases_2021": null, "btp_station_fatal_cases_2021": null }, "geometry": { "type": "LineString", "coordinates": [ [ 77.696630356056019, 12.976581517951727 ], [ 77.6970081, 12.9759766 ], [ 77.6976897, 12.9747865 ] ] } },
{ "type": "Feature", "properties": { "segment_id": "BLR_ORR_122", "corridor_id": "ORR", "corridor_name": "Outer Ring Road (Silk Board to Hebbal)", "road_name": "Outer Ring Road", "road_type": "trunk", "segment_length_m": 447.88, "start_lat": 12.923652, "start_lon": 77.671752, "end_lat": 12.921903, "end_lon": 77.668032, "lanes": 3.0, "lane_count_available": 1, "speed_limit_kph": 60.0, "speed_limit_available": 1, "street_lighting": "unverified", "street_lighting_verified": 0, "junction_count": 2, "junction_density_per_km": 4.47, "crossing_count": 3, "bus_stop_count": 2, "btp_station": "H.S.R.Layout Traffic PS", "btp_station_clean_name": "H.S.R.Layout PS", "btp_overlap_ratio": 1.0, "btp_station_total_cases_2023": 99.0, "btp_station_fatal_cases_2023": 25.0, "btp_station_killed_people_2023": 26.0, "btp_station_nonfatal_cases_2023": 74.0, "btp_station_injuries_2023": 90.0, "btp_station_total_cases_2022": 64.0, "btp_station_fatal_cases_2022": 14.0, "btp_station_total_cases_2021": 56.0, "btp_station_fatal_cases_2021": 15.0 }, "geometry": { "type": "LineString", "coordinates": [ [ 77.6717518, 12.9236517 ], [ 77.6704761, 12.9230635 ], [ 77.6698691, 12.9227855 ], [ 77.6686777, 12.9222205 ], [ 77.6680325, 12.9219032 ] ] } },
{ "type": "Feature", "properties": { "segment_id": "BLR_ORR_123_1", "corridor_id": "ORR", "corridor_name": "Outer Ring Road (Silk Board to Hebbal)", "road_name": "Outer Ring Road", "road_type": "trunk", "segment_length_m": 500.0, "start_lat": 12.986444, "start_lon": 77.690409, "end_lat": 12.990306, "end_lon": 77.688024, "lanes": 3.0, "lane_count_available": 1, "speed_limit_kph": 60.0, "speed_limit_available": 1, "street_lighting": "unverified", "street_lighting_verified": 0, "junction_count": 2, "junction_density_per_km": 4.0, "crossing_count": 4, "bus_stop_count": 0, "btp_station": "K.R. Puram Traffic  PS", "btp_station_clean_name": "K.R. Puram PS", "btp_overlap_ratio": 1.0, "btp_station_total_cases_2023": 254.0, "btp_station_fatal_cases_2023": 41.0, "btp_station_killed_people_2023": 42.0, "btp_station_nonfatal_cases_2023": 213.0, "btp_station_injuries_2023": 217.0, "btp_station_total_cases_2022": null, "btp_station_fatal_cases_2022": null, "btp_station_total_cases_2021": null, "btp_station_fatal_cases_2021": null }, "geometry": { "type": "LineString", "coordinates": [ [ 77.6904086, 12.9864442 ], [ 77.6899642, 12.9871978 ], [ 77.6896245, 12.987777 ], [ 77.6894992, 12.9879907 ], [ 77.6893446, 12.9882449 ], [ 77.6892454, 12.9883925 ], [ 77.688987, 12.9887772 ], [ 77.6888008, 12.989069 ], [ 77.688428, 12.9897156 ], [ 77.6881617, 12.9901138 ], [ 77.688023664980904, 12.990305616789055 ] ] } },
{ "type": "Feature", "properties": { "segment_id": "BLR_ORR_123_2", "corridor_id": "ORR", "corridor_name": "Outer Ring Road (Silk Board to Hebbal)", "road_name": "Outer Ring Road", "road_type": "trunk", "segment_length_m": 385.71, "start_lat": 12.990306, "start_lon": 77.688024, "end_lat": 12.99314, "end_lon": 77.685961, "lanes": 3.0, "lane_count_available": 1, "speed_limit_kph": 60.0, "speed_limit_available": 1, "street_lighting": "unverified", "street_lighting_verified": 0, "junction_count": 2, "junction_density_per_km": 5.19, "crossing_count": 0, "bus_stop_count": 0, "btp_station": "K.R. Puram Traffic  PS", "btp_station_clean_name": "K.R. Puram PS", "btp_overlap_ratio": 1.0, "btp_station_total_cases_2023": 254.0, "btp_station_fatal_cases_2023": 41.0, "btp_station_killed_people_2023": 42.0, "btp_station_nonfatal_cases_2023": 213.0, "btp_station_injuries_2023": 217.0, "btp_station_total_cases_2022": null, "btp_station_fatal_cases_2022": null, "btp_station_total_cases_2021": null, "btp_station_fatal_cases_2021": null }, "geometry": { "type": "LineString", "coordinates": [ [ 77.688023664980904, 12.990305616789055 ], [ 77.6878437, 12.9905557 ], [ 77.687503, 12.991006 ], [ 77.6869837, 12.9916945 ], [ 77.6863519, 12.9925148 ], [ 77.6859612, 12.9931398 ] ] } },
{ "type": "Feature", "properties": { "segment_id": "BLR_ORR_125_1", "corridor_id": "ORR", "corridor_name": "Outer Ring Road (Silk Board to Hebbal)", "road_name": "Outer Ring Road", "road_type": "trunk", "segment_length_m": 500.0, "start_lat": 12.917503, "start_lon": 77.641042, "end_lat": 12.92099, "end_lon": 77.643957, "lanes": 3.0, "lane_count_available": 1, "speed_limit_kph": 60.0, "speed_limit_available": 1, "street_lighting": "unverified", "street_lighting_verified": 0, "junction_count": 2, "junction_density_per_km": 4.0, "crossing_count": 2, "bus_stop_count": 0, "btp_station": "H.S.R.Layout Traffic PS", "btp_station_clean_name": "H.S.R.Layout PS", "btp_overlap_ratio": 1.0, "btp_station_total_cases_2023": 99.0, "btp_station_fatal_cases_2023": 25.0, "btp_station_killed_people_2023": 26.0, "btp_station_nonfatal_cases_2023": 74.0, "btp_station_injuries_2023": 90.0, "btp_station_total_cases_2022": 64.0, "btp_station_fatal_cases_2022": 14.0, "btp_station_total_cases_2021": 56.0, "btp_station_fatal_cases_2021": 15.0 }, "geometry": { "type": "LineString", "coordinates": [ [ 77.6410422, 12.9175032 ], [ 77.64108, 12.9175322 ], [ 77.6415843, 12.9180354 ], [ 77.6417881, 12.9182535 ], [ 77.6420024, 12.9184929 ], [ 77.6421682, 12.9187062 ], [ 77.6429105, 12.9197116 ], [ 77.643033700000018, 12.9198785 ], [ 77.643956893056554, 12.920990327104915 ] ] } },
{ "type": "Feature", "properties": { "segment_id": "BLR_ORR_125_2", "corridor_id": "ORR", "corridor_name": "Outer Ring Road (Silk Board to Hebbal)", "road_name": "Outer Ring Road", "road_type": "trunk", "segment_length_m": 159.61, "start_lat": 12.92099, "start_lon": 77.643957, "end_lat": 12.922081, "end_lon": 77.644915, "lanes": 3.0, "lane_count_available": 1, "speed_limit_kph": 60.0, "speed_limit_available": 1, "street_lighting": "unverified", "street_lighting_verified": 0, "junction_count": 2, "junction_density_per_km": 12.53, "crossing_count": 4, "bus_stop_count": 0, "btp_station": "H.S.R.Layout Traffic PS", "btp_station_clean_name": "H.S.R.Layout PS", "btp_overlap_ratio": 1.0, "btp_station_total_cases_2023": 99.0, "btp_station_fatal_cases_2023": 25.0, "btp_station_killed_people_2023": 26.0, "btp_station_nonfatal_cases_2023": 74.0, "btp_station_injuries_2023": 90.0, "btp_station_total_cases_2022": 64.0, "btp_station_fatal_cases_2022": 14.0, "btp_station_total_cases_2021": 56.0, "btp_station_fatal_cases_2021": 15.0 }, "geometry": { "type": "LineString", "coordinates": [ [ 77.643956893056554, 12.920990327104915 ], [ 77.6446581, 12.9218348 ], [ 77.6447993, 12.9219722 ], [ 77.6448627, 12.9220342 ], [ 77.6449153, 12.9220812 ] ] } },
{ "type": "Feature", "properties": { "segment_id": "BLR_ORR_126", "corridor_id": "ORR", "corridor_name": "Outer Ring Road (Silk Board to Hebbal)", "road_name": "Outer Ring Road", "road_type": "trunk", "segment_length_m": 200.65, "start_lat": 13.017635, "start_lon": 77.659019, "end_lat": 13.016919, "end_lon": 77.660717, "lanes": 3.0, "lane_count_available": 1, "speed_limit_kph": 60.0, "speed_limit_available": 1, "street_lighting": "unverified", "street_lighting_verified": 0, "junction_count": 1, "junction_density_per_km": 4.98, "crossing_count": 0, "bus_stop_count": 0, "btp_station": "K.R. Puram Traffic  PS", "btp_station_clean_name": "K.R. Puram PS", "btp_overlap_ratio": 1.0, "btp_station_total_cases_2023": 254.0, "btp_station_fatal_cases_2023": 41.0, "btp_station_killed_people_2023": 42.0, "btp_station_nonfatal_cases_2023": 213.0, "btp_station_injuries_2023": 217.0, "btp_station_total_cases_2022": null, "btp_station_fatal_cases_2022": null, "btp_station_total_cases_2021": null, "btp_station_fatal_cases_2021": null }, "geometry": { "type": "LineString", "coordinates": [ [ 77.6590192, 13.0176349 ], [ 77.6590266, 13.0176314 ], [ 77.6607173, 13.0169188 ] ] } },
{ "type": "Feature", "properties": { "segment_id": "BLR_ORR_128", "corridor_id": "ORR", "corridor_name": "Outer Ring Road (Silk Board to Hebbal)", "road_name": "Outer Ring Road", "road_type": "trunk", "segment_length_m": 131.12, "start_lat": 12.964504, "start_lon": 77.702079, "end_lat": 12.963331, "end_lon": 77.701909, "lanes": 3.0, "lane_count_available": 1, "speed_limit_kph": 40.0, "speed_limit_available": 1, "street_lighting": "unverified", "street_lighting_verified": 0, "junction_count": 2, "junction_density_per_km": 15.25, "crossing_count": 0, "bus_stop_count": 0, "btp_station": "H.A.L Airport Traffic PS", "btp_station_clean_name": "H.A.L. PS", "btp_overlap_ratio": 1.0, "btp_station_total_cases_2023": 97.0, "btp_station_fatal_cases_2023": 17.0, "btp_station_killed_people_2023": 17.0, "btp_station_nonfatal_cases_2023": 80.0, "btp_station_injuries_2023": 80.0, "btp_station_total_cases_2022": 83.0, "btp_station_fatal_cases_2022": 18.0, "btp_station_total_cases_2021": 143.0, "btp_station_fatal_cases_2021": 34.0 }, "geometry": { "type": "LineString", "coordinates": [ [ 77.7020788, 12.964504 ], [ 77.7019095, 12.9633313 ] ] } },
{ "type": "Feature", "properties": { "segment_id": "BLR_ORR_129", "corridor_id": "ORR", "corridor_name": "Outer Ring Road (Silk Board to Hebbal)", "road_name": "Madiwala Sarjapura Road", "road_type": "primary", "segment_length_m": 483.34, "start_lat": 12.92121, "start_lon": 77.620296, "end_lat": 12.923118, "end_lon": 77.624256, "lanes": null, "lane_count_available": 0, "speed_limit_kph": null, "speed_limit_available": 0, "street_lighting": "unverified", "street_lighting_verified": 0, "junction_count": 2, "junction_density_per_km": 4.14, "crossing_count": 2, "bus_stop_count": 0, "btp_station": "Madiwala Traffic PS", "btp_station_clean_name": "Madiwala PS", "btp_overlap_ratio": 1.0, "btp_station_total_cases_2023": 73.0, "btp_station_fatal_cases_2023": 14.0, "btp_station_killed_people_2023": 14.0, "btp_station_nonfatal_cases_2023": 59.0, "btp_station_injuries_2023": 53.0, "btp_station_total_cases_2022": 45.0, "btp_station_fatal_cases_2022": 13.0, "btp_station_total_cases_2021": 54.0, "btp_station_fatal_cases_2021": 8.0 }, "geometry": { "type": "LineString", "coordinates": [ [ 77.6202961, 12.9212099 ], [ 77.6204326, 12.9212646 ], [ 77.6206183, 12.9213614 ], [ 77.6208375, 12.9214785 ], [ 77.6209598, 12.9215439 ], [ 77.6219277, 12.9221108 ], [ 77.6228023, 12.9226377 ], [ 77.6229131, 12.9227043 ], [ 77.6230178, 12.9227661 ], [ 77.6232206, 12.9228858 ], [ 77.624256, 12.9231182 ] ] } },
{ "type": "Feature", "properties": { "segment_id": "BLR_ORR_130_1", "corridor_id": "ORR", "corridor_name": "Outer Ring Road (Silk Board to Hebbal)", "road_name": "Outer Ring Road", "road_type": "trunk", "segment_length_m": 500.0, "start_lat": 12.916339, "start_lon": 77.635067, "end_lat": 12.916449, "end_lon": 77.639586, "lanes": 3.0, "lane_count_available": 1, "speed_limit_kph": 60.0, "speed_limit_available": 1, "street_lighting": "unverified", "street_lighting_verified": 0, "junction_count": 2, "junction_density_per_km": 4.0, "crossing_count": 6, "bus_stop_count": 0, "btp_station": "H.S.R.Layout Traffic PS", "btp_station_clean_name": "H.S.R.Layout PS", "btp_overlap_ratio": 1.0, "btp_station_total_cases_2023": 99.0, "btp_station_fatal_cases_2023": 25.0, "btp_station_killed_people_2023": 26.0, "btp_station_nonfatal_cases_2023": 74.0, "btp_station_injuries_2023": 90.0, "btp_station_total_cases_2022": 64.0, "btp_station_fatal_cases_2022": 14.0, "btp_station_total_cases_2021": 56.0, "btp_station_fatal_cases_2021": 15.0 }, "geometry": { "type": "LineString", "coordinates": [ [ 77.6350673, 12.9163386 ], [ 77.6355548, 12.9163178 ], [ 77.636598800000016, 12.9162034 ], [ 77.6371129, 12.9161384 ], [ 77.6376676, 12.916066 ], [ 77.6378503, 12.9160405 ], [ 77.6380362, 12.9160363 ], [ 77.6383271, 12.9160513 ], [ 77.6386278, 12.9161044 ], [ 77.6388181, 12.9161633 ], [ 77.6393214, 12.9163443 ], [ 77.6395229, 12.916419 ], [ 77.639585700782732, 12.916448977445357 ] ] } },
{ "type": "Feature", "properties": { "segment_id": "BLR_ORR_130_2", "corridor_id": "ORR", "corridor_name": "Outer Ring Road (Silk Board to Hebbal)", "road_name": "Outer Ring Road", "road_type": "trunk", "segment_length_m": 197.33, "start_lat": 12.916449, "start_lon": 77.639586, "end_lat": 12.917503, "end_lon": 77.641042, "lanes": 3.0, "lane_count_available": 1, "speed_limit_kph": 60.0, "speed_limit_available": 1, "street_lighting": "unverified", "street_lighting_verified": 0, "junction_count": 2, "junction_density_per_km": 10.14, "crossing_count": 0, "bus_stop_count": 0, "btp_station": "H.S.R.Layout Traffic PS", "btp_station_clean_name": "H.S.R.Layout PS", "btp_overlap_ratio": 1.0, "btp_station_total_cases_2023": 99.0, "btp_station_fatal_cases_2023": 25.0, "btp_station_killed_people_2023": 26.0, "btp_station_nonfatal_cases_2023": 74.0, "btp_station_injuries_2023": 90.0, "btp_station_total_cases_2022": 64.0, "btp_station_fatal_cases_2022": 14.0, "btp_station_total_cases_2021": 56.0, "btp_station_fatal_cases_2021": 15.0 }, "geometry": { "type": "LineString", "coordinates": [ [ 77.639585700782732, 12.916448977445357 ], [ 77.6397546, 12.9165296 ], [ 77.6399923, 12.9166649 ], [ 77.640176, 12.9168025 ], [ 77.6403885, 12.9169845 ], [ 77.6405148, 12.9171 ], [ 77.6407708, 12.9172952 ], [ 77.6410422, 12.9175032 ] ] } },
{ "type": "Feature", "properties": { "segment_id": "BLR_ORR_131", "corridor_id": "ORR", "corridor_name": "Outer Ring Road (Silk Board to Hebbal)", "road_name": "Sarjapur Road", "road_type": "primary", "segment_length_m": 271.94, "start_lat": 12.923751, "start_lon": 77.654258, "end_lat": 12.924252, "end_lon": 77.651806, "lanes": 2.0, "lane_count_available": 1, "speed_limit_kph": 30.0, "speed_limit_available": 1, "street_lighting": "unverified", "street_lighting_verified": 0, "junction_count": 2, "junction_density_per_km": 7.35, "crossing_count": 1, "bus_stop_count": 0, "btp_station": "H.S.R.Layout Traffic PS", "btp_station_clean_name": "H.S.R.Layout PS", "btp_overlap_ratio": 1.0, "btp_station_total_cases_2023": 99.0, "btp_station_fatal_cases_2023": 25.0, "btp_station_killed_people_2023": 26.0, "btp_station_nonfatal_cases_2023": 74.0, "btp_station_injuries_2023": 90.0, "btp_station_total_cases_2022": 64.0, "btp_station_fatal_cases_2022": 14.0, "btp_station_total_cases_2021": 56.0, "btp_station_fatal_cases_2021": 15.0 }, "geometry": { "type": "LineString", "coordinates": [ [ 77.6542577, 12.9237509 ], [ 77.6531129, 12.9239769 ], [ 77.651806, 12.9242517 ] ] } },
{ "type": "Feature", "properties": { "segment_id": "BLR_ORR_132_1", "corridor_id": "ORR", "corridor_name": "Outer Ring Road (Silk Board to Hebbal)", "road_name": "Outer Ring Road", "road_type": "trunk", "segment_length_m": 500.0, "start_lat": 12.932898, "start_lon": 77.688434, "end_lat": 12.929923, "end_lon": 77.684978, "lanes": 3.0, "lane_count_available": 1, "speed_limit_kph": 20.0, "speed_limit_available": 1, "street_lighting": "unverified", "street_lighting_verified": 0, "junction_count": 2, "junction_density_per_km": 4.0, "crossing_count": 2, "bus_stop_count": 2, "btp_station": "H.A.L Airport Traffic PS", "btp_station_clean_name": "H.A.L. PS", "btp_overlap_ratio": 1.0, "btp_station_total_cases_2023": 97.0, "btp_station_fatal_cases_2023": 17.0, "btp_station_killed_people_2023": 17.0, "btp_station_nonfatal_cases_2023": 80.0, "btp_station_injuries_2023": 80.0, "btp_station_total_cases_2022": 83.0, "btp_station_fatal_cases_2022": 18.0, "btp_station_total_cases_2021": 143.0, "btp_station_fatal_cases_2021": 34.0 }, "geometry": { "type": "LineString", "coordinates": [ [ 77.6884336, 12.9328978 ], [ 77.6877366, 12.9322663 ], [ 77.6874519, 12.9320032 ], [ 77.6873446, 12.931904 ], [ 77.6872247, 12.9317906 ], [ 77.6870883, 12.9316617 ], [ 77.6859061, 12.9305942 ], [ 77.6857689, 12.9304804 ], [ 77.6854791, 12.9302495 ], [ 77.6853281, 12.9301464 ], [ 77.6850634, 12.9299741 ], [ 77.684978478515234, 12.929922857992365 ] ] } },
{ "type": "Feature", "properties": { "segment_id": "BLR_ORR_132_2", "corridor_id": "ORR", "corridor_name": "Outer Ring Road (Silk Board to Hebbal)", "road_name": "Outer Ring Road", "road_type": "trunk", "segment_length_m": 396.69, "start_lat": 12.929923, "start_lon": 77.684978, "end_lat": 12.928349, "end_lon": 77.681697, "lanes": 3.0, "lane_count_available": 1, "speed_limit_kph": 20.0, "speed_limit_available": 1, "street_lighting": "unverified", "street_lighting_verified": 0, "junction_count": 2, "junction_density_per_km": 5.04, "crossing_count": 3, "bus_stop_count": 0, "btp_station": "H.A.L Airport Traffic PS", "btp_station_clean_name": "H.A.L. PS", "btp_overlap_ratio": 1.0, "btp_station_total_cases_2023": 97.0, "btp_station_fatal_cases_2023": 17.0, "btp_station_killed_people_2023": 17.0, "btp_station_nonfatal_cases_2023": 80.0, "btp_station_injuries_2023": 80.0, "btp_station_total_cases_2022": 83.0, "btp_station_fatal_cases_2022": 18.0, "btp_station_total_cases_2021": 143.0, "btp_station_fatal_cases_2021": 34.0 }, "geometry": { "type": "LineString", "coordinates": [ [ 77.684978478515234, 12.929922857992365 ], [ 77.6849048, 12.9298784 ], [ 77.6845781, 12.9297067 ], [ 77.6844011, 12.9296237 ], [ 77.6835263, 12.9291972 ], [ 77.6830926, 12.9289877 ], [ 77.6824197, 12.9286801 ], [ 77.6822419, 12.928596 ], [ 77.6821232, 12.9285399 ], [ 77.6819058, 12.9284422 ], [ 77.6818124, 12.9284002 ], [ 77.681697400000019, 12.9283494 ] ] } },
{ "type": "Feature", "properties": { "segment_id": "BLR_ORR_133", "corridor_id": "ORR", "corridor_name": "Outer Ring Road (Silk Board to Hebbal)", "road_name": "Sarjapur Road", "road_type": "primary", "segment_length_m": 358.58, "start_lat": 12.923884, "start_lon": 77.640027, "end_lat": 12.923895, "end_lon": 77.643172, "lanes": 2.0, "lane_count_available": 1, "speed_limit_kph": null, "speed_limit_available": 0, "street_lighting": "unverified", "street_lighting_verified": 0, "junction_count": 2, "junction_density_per_km": 5.58, "crossing_count": 0, "bus_stop_count": 0, "btp_station": "Adugodi Traffic PS", "btp_station_clean_name": "Adugodi PS", "btp_overlap_ratio": 1.0, "btp_station_total_cases_2023": 63.0, "btp_station_fatal_cases_2023": 10.0, "btp_station_killed_people_2023": 10.0, "btp_station_nonfatal_cases_2023": 53.0, "btp_station_injuries_2023": 67.0, "btp_station_total_cases_2022": 42.0, "btp_station_fatal_cases_2022": 6.0, "btp_station_total_cases_2021": 19.0, "btp_station_fatal_cases_2021": 2.0 }, "geometry": { "type": "LineString", "coordinates": [ [ 77.6400267, 12.9238842 ], [ 77.6407802, 12.9235965 ], [ 77.6407981, 12.9235896 ], [ 77.6408727, 12.9235611 ], [ 77.6411468, 12.9234564 ], [ 77.6411785, 12.9234443 ], [ 77.6412901, 12.9234122 ], [ 77.6413327, 12.9234098 ], [ 77.641404, 12.9234104 ], [ 77.6417466, 12.9235121 ], [ 77.6431248, 12.9238823 ], [ 77.6431722, 12.923895 ] ] } },
{ "type": "Feature", "properties": { "segment_id": "BLR_ORR_134_1", "corridor_id": "ORR", "corridor_name": "Outer Ring Road (Silk Board to Hebbal)", "road_name": "Inner Ring Road", "road_type": "primary", "segment_length_m": 500.0, "start_lat": 12.958249, "start_lon": 77.64143, "end_lat": 12.953785, "end_lon": 77.641133, "lanes": 2.0, "lane_count_available": 1, "speed_limit_kph": null, "speed_limit_available": 0, "street_lighting": "unverified", "street_lighting_verified": 0, "junction_count": 2, "junction_density_per_km": 4.0, "crossing_count": 6, "bus_stop_count": 0, "btp_station": "Halasur Traffic PS", "btp_station_clean_name": "Halasur PS", "btp_overlap_ratio": 1.0, "btp_station_total_cases_2023": 67.0, "btp_station_fatal_cases_2023": 11.0, "btp_station_killed_people_2023": 11.0, "btp_station_nonfatal_cases_2023": 56.0, "btp_station_injuries_2023": 48.0, "btp_station_total_cases_2022": 76.0, "btp_station_fatal_cases_2022": 13.0, "btp_station_total_cases_2021": 47.0, "btp_station_fatal_cases_2021": 19.0 }, "geometry": { "type": "LineString", "coordinates": [ [ 77.64142990000002, 12.9582494 ], [ 77.6414257, 12.9581208 ], [ 77.6414244, 12.9580802 ], [ 77.6414143, 12.9578378 ], [ 77.6414572, 12.9572673 ], [ 77.64147250000002, 12.9568439 ], [ 77.6414648, 12.9563798 ], [ 77.6414584, 12.9558698 ], [ 77.6414394, 12.9554138 ], [ 77.6413866, 12.9547164 ], [ 77.6413707, 12.9543943 ], [ 77.6413288, 12.9541917 ], [ 77.6412439, 12.9539876 ], [ 77.641133166843957, 12.953785262771374 ] ] } },
{ "type": "Feature", "properties": { "segment_id": "BLR_ORR_134_2", "corridor_id": "ORR", "corridor_name": "Outer Ring Road (Silk Board to Hebbal)", "road_name": "Inner Ring Road", "road_type": "primary", "segment_length_m": 500.0, "start_lat": 12.953785, "start_lon": 77.641133, "end_lat": 12.949753, "end_lon": 77.639327, "lanes": 2.0, "lane_count_available": 1, "speed_limit_kph": null, "speed_limit_available": 0, "street_lighting": "unverified", "street_lighting_verified": 0, "junction_count": 2, "junction_density_per_km": 4.0, "crossing_count": 1, "bus_stop_count": 0, "btp_station": "Halasur Traffic PS", "btp_station_clean_name": "Halasur PS", "btp_overlap_ratio": 1.0, "btp_station_total_cases_2023": 67.0, "btp_station_fatal_cases_2023": 11.0, "btp_station_killed_people_2023": 11.0, "btp_station_nonfatal_cases_2023": 56.0, "btp_station_injuries_2023": 48.0, "btp_station_total_cases_2022": 76.0, "btp_station_fatal_cases_2022": 13.0, "btp_station_total_cases_2021": 47.0, "btp_station_fatal_cases_2021": 19.0 }, "geometry": { "type": "LineString", "coordinates": [ [ 77.641133166843957, 12.953785262771374 ], [ 77.6409533, 12.9534566 ], [ 77.6408801, 12.9533227 ], [ 77.640587, 12.9528182 ], [ 77.6403398, 12.9524091 ], [ 77.6400015, 12.9518287 ], [ 77.6399105, 12.9516986 ], [ 77.6398655, 12.9516151 ], [ 77.6397621, 12.951437 ], [ 77.6396302, 12.95119 ], [ 77.639535, 12.9509894 ], [ 77.6394865, 12.9508872 ], [ 77.6394576, 12.9508219 ], [ 77.6393213, 12.9505385 ], [ 77.6392718, 12.9503986 ], [ 77.6392413, 12.9502519 ], [ 77.6392322, 12.9500894 ], [ 77.639263, 12.949896 ], [ 77.6393191, 12.9497665 ], [ 77.639326697318012, 12.949752833871507 ] ] } },
{ "type": "Feature", "properties": { "segment_id": "BLR_ORR_134_3", "corridor_id": "ORR", "corridor_name": "Outer Ring Road (Silk Board to Hebbal)", "road_name": "Inner Ring Road", "road_type": "primary", "segment_length_m": 507.57, "start_lat": 12.949753, "start_lon": 77.639327, "end_lat": 12.945974, "end_lon": 77.640104, "lanes": 2.0, "lane_count_available": 1, "speed_limit_kph": null, "speed_limit_available": 0, "street_lighting": "unverified", "street_lighting_verified": 0, "junction_count": 2, "junction_density_per_km": 3.94, "crossing_count": 4, "bus_stop_count": 0, "btp_station": "Halasur Traffic PS", "btp_station_clean_name": "Halasur PS", "btp_overlap_ratio": 1.0, "btp_station_total_cases_2023": 67.0, "btp_station_fatal_cases_2023": 11.0, "btp_station_killed_people_2023": 11.0, "btp_station_nonfatal_cases_2023": 56.0, "btp_station_injuries_2023": 48.0, "btp_station_total_cases_2022": 76.0, "btp_station_fatal_cases_2022": 13.0, "btp_station_total_cases_2021": 47.0, "btp_station_fatal_cases_2021": 19.0 }, "geometry": { "type": "LineString", "coordinates": [ [ 77.639326697318012, 12.949752833871507 ], [ 77.63942, 12.949585 ], [ 77.6394959, 12.9494899 ], [ 77.6395968, 12.9493752 ], [ 77.640059, 12.9489289 ], [ 77.6404073, 12.9486593 ], [ 77.6405552, 12.9485184 ], [ 77.640637, 12.9484388 ], [ 77.6407006, 12.9483606 ], [ 77.640822700000015, 12.9481415 ], [ 77.640877, 12.9479787 ], [ 77.6409046, 12.9478144 ], [ 77.6409106, 12.9475444 ], [ 77.6408986, 12.9474127 ], [ 77.64089, 12.9473464 ], [ 77.6408761, 12.9472949 ], [ 77.6408448, 12.9472059 ], [ 77.6407456, 12.9470102 ], [ 77.64046, 12.9465253 ], [ 77.6401963, 12.9461245 ], [ 77.6401606, 12.9460702 ], [ 77.640153, 12.9460574 ], [ 77.6401043, 12.945974 ] ] } },
{ "type": "Feature", "properties": { "segment_id": "BLR_ORR_135", "corridor_id": "ORR", "corridor_name": "Outer Ring Road (Silk Board to Hebbal)", "road_name": "Outer Ring Road", "road_type": "trunk", "segment_length_m": 67.46, "start_lat": 12.917404, "start_lon": 77.623561, "end_lat": 12.917289, "end_lon": 77.622951, "lanes": 3.0, "lane_count_available": 1, "speed_limit_kph": 60.0, "speed_limit_available": 1, "street_lighting": "unverified", "street_lighting_verified": 0, "junction_count": 2, "junction_density_per_km": 29.65, "crossing_count": 0, "bus_stop_count": 0, "btp_station": "H.S.R.Layout Traffic PS", "btp_station_clean_name": "H.S.R.Layout PS", "btp_overlap_ratio": 1.0, "btp_station_total_cases_2023": 99.0, "btp_station_fatal_cases_2023": 25.0, "btp_station_killed_people_2023": 26.0, "btp_station_nonfatal_cases_2023": 74.0, "btp_station_injuries_2023": 90.0, "btp_station_total_cases_2022": 64.0, "btp_station_fatal_cases_2022": 14.0, "btp_station_total_cases_2021": 56.0, "btp_station_fatal_cases_2021": 15.0 }, "geometry": { "type": "LineString", "coordinates": [ [ 77.6235614, 12.9174042 ], [ 77.6233051, 12.9173496 ], [ 77.6231607, 12.9173238 ], [ 77.6229515, 12.9172887 ] ] } },
{ "type": "Feature", "properties": { "segment_id": "BLR_ORR_137", "corridor_id": "ORR", "corridor_name": "Outer Ring Road (Silk Board to Hebbal)", "road_name": "Sarjapura Road", "road_type": "primary", "segment_length_m": 87.32, "start_lat": 12.911028, "start_lon": 77.683655, "end_lat": 12.911349, "end_lon": 77.68292, "lanes": 3.0, "lane_count_available": 1, "speed_limit_kph": 50.0, "speed_limit_available": 1, "street_lighting": "unverified", "street_lighting_verified": 0, "junction_count": 2, "junction_density_per_km": 22.9, "crossing_count": 2, "bus_stop_count": 0, "btp_station": "H.S.R.Layout Traffic PS", "btp_station_clean_name": "H.S.R.Layout PS", "btp_overlap_ratio": 1.0, "btp_station_total_cases_2023": 99.0, "btp_station_fatal_cases_2023": 25.0, "btp_station_killed_people_2023": 26.0, "btp_station_nonfatal_cases_2023": 74.0, "btp_station_injuries_2023": 90.0, "btp_station_total_cases_2022": 64.0, "btp_station_fatal_cases_2022": 14.0, "btp_station_total_cases_2021": 56.0, "btp_station_fatal_cases_2021": 15.0 }, "geometry": { "type": "LineString", "coordinates": [ [ 77.6836545, 12.9110278 ], [ 77.6829203, 12.9113494 ] ] } },
{ "type": "Feature", "properties": { "segment_id": "BLR_ORR_138_1", "corridor_id": "ORR", "corridor_name": "Outer Ring Road (Silk Board to Hebbal)", "road_name": "Outer Ring Road", "road_type": "trunk", "segment_length_m": 500.0, "start_lat": 12.999982, "start_lon": 77.676439, "end_lat": 12.998079, "end_lon": 77.672273, "lanes": 3.0, "lane_count_available": 1, "speed_limit_kph": 60.0, "speed_limit_available": 1, "street_lighting": "unverified", "street_lighting_verified": 0, "junction_count": 2, "junction_density_per_km": 4.0, "crossing_count": 0, "bus_stop_count": 0, "btp_station": "K.R. Puram Traffic  PS", "btp_station_clean_name": "K.R. Puram PS", "btp_overlap_ratio": 1.0, "btp_station_total_cases_2023": 254.0, "btp_station_fatal_cases_2023": 41.0, "btp_station_killed_people_2023": 42.0, "btp_station_nonfatal_cases_2023": 213.0, "btp_station_injuries_2023": 217.0, "btp_station_total_cases_2022": null, "btp_station_fatal_cases_2022": null, "btp_station_total_cases_2021": null, "btp_station_fatal_cases_2021": null }, "geometry": { "type": "LineString", "coordinates": [ [ 77.6764394, 12.9999818 ], [ 77.6763464, 12.9999251 ], [ 77.6756297, 12.9996475 ], [ 77.6752243, 12.9994931 ], [ 77.6750835, 12.9994656 ], [ 77.6750381, 12.9994535 ], [ 77.6747484, 12.9993184 ], [ 77.6745868, 12.9992429 ], [ 77.6745599, 12.9992304 ], [ 77.673774, 12.9988381 ], [ 77.67368, 12.9987903 ], [ 77.6736064, 12.9987562 ], [ 77.6727204, 12.9983078 ], [ 77.672272898956592, 12.998079145585956 ] ] } },
{ "type": "Feature", "properties": { "segment_id": "BLR_ORR_138_2", "corridor_id": "ORR", "corridor_name": "Outer Ring Road (Silk Board to Hebbal)", "road_name": "Outer Ring Road", "road_type": "trunk", "segment_length_m": 310.27, "start_lat": 12.998079, "start_lon": 77.672273, "end_lat": 12.996929, "end_lon": 77.669674, "lanes": 3.0, "lane_count_available": 1, "speed_limit_kph": 60.0, "speed_limit_available": 1, "street_lighting": "unverified", "street_lighting_verified": 0, "junction_count": 2, "junction_density_per_km": 6.45, "crossing_count": 0, "bus_stop_count": 0, "btp_station": "K.R. Puram Traffic  PS", "btp_station_clean_name": "K.R. Puram PS", "btp_overlap_ratio": 1.0, "btp_station_total_cases_2023": 254.0, "btp_station_fatal_cases_2023": 41.0, "btp_station_killed_people_2023": 42.0, "btp_station_nonfatal_cases_2023": 213.0, "btp_station_injuries_2023": 217.0, "btp_station_total_cases_2022": null, "btp_station_fatal_cases_2022": null, "btp_station_total_cases_2021": null, "btp_station_fatal_cases_2021": null }, "geometry": { "type": "LineString", "coordinates": [ [ 77.672272898956592, 12.998079145585956 ], [ 77.6721957, 12.9980397 ], [ 77.671896, 12.9979011 ], [ 77.6714728, 12.9976881 ], [ 77.6711509, 12.9975409 ], [ 77.6705405, 12.997242 ], [ 77.6700327, 12.9970202 ], [ 77.6696738, 12.9969289 ] ] } },
{ "type": "Feature", "properties": { "segment_id": "BLR_ORR_139_1", "corridor_id": "ORR", "corridor_name": "Outer Ring Road (Silk Board to Hebbal)", "road_name": "Sarjapur Road", "road_type": "primary", "segment_length_m": 500.0, "start_lat": 12.923895, "start_lon": 77.643172, "end_lat": 12.924628, "end_lon": 77.64768, "lanes": 2.0, "lane_count_available": 1, "speed_limit_kph": null, "speed_limit_available": 0, "street_lighting": "unverified", "street_lighting_verified": 0, "junction_count": 2, "junction_density_per_km": 4.0, "crossing_count": 0, "bus_stop_count": 0, "btp_station": "Adugodi Traffic PS", "btp_station_clean_name": "Adugodi PS", "btp_overlap_ratio": 1.0, "btp_station_total_cases_2023": 63.0, "btp_station_fatal_cases_2023": 10.0, "btp_station_killed_people_2023": 10.0, "btp_station_nonfatal_cases_2023": 53.0, "btp_station_injuries_2023": 67.0, "btp_station_total_cases_2022": 42.0, "btp_station_fatal_cases_2022": 6.0, "btp_station_total_cases_2021": 19.0, "btp_station_fatal_cases_2021": 2.0 }, "geometry": { "type": "LineString", "coordinates": [ [ 77.6431722, 12.923895 ], [ 77.6435126, 12.9239865 ], [ 77.6441826, 12.924195 ], [ 77.6450047, 12.9244666 ], [ 77.6451576, 12.9244909 ], [ 77.6452418, 12.9244994 ], [ 77.6453174, 12.9245071 ], [ 77.646618, 12.9245509 ], [ 77.6473859, 12.9246069 ], [ 77.647679578321828, 12.924627577036935 ] ] } },
{ "type": "Feature", "properties": { "segment_id": "BLR_ORR_139_2", "corridor_id": "ORR", "corridor_name": "Outer Ring Road (Silk Board to Hebbal)", "road_name": "Sarjapur Road", "road_type": "primary", "segment_length_m": 305.62, "start_lat": 12.924628, "start_lon": 77.64768, "end_lat": 12.924483, "end_lon": 77.650454, "lanes": 2.0, "lane_count_available": 1, "speed_limit_kph": null, "speed_limit_available": 0, "street_lighting": "unverified", "street_lighting_verified": 0, "junction_count": 2, "junction_density_per_km": 6.54, "crossing_count": 0, "bus_stop_count": 0, "btp_station": "Adugodi Traffic PS", "btp_station_clean_name": "Adugodi PS", "btp_overlap_ratio": 1.0, "btp_station_total_cases_2023": 63.0, "btp_station_fatal_cases_2023": 10.0, "btp_station_killed_people_2023": 10.0, "btp_station_nonfatal_cases_2023": 53.0, "btp_station_injuries_2023": 67.0, "btp_station_total_cases_2022": 42.0, "btp_station_fatal_cases_2022": 6.0, "btp_station_total_cases_2021": 19.0, "btp_station_fatal_cases_2021": 2.0 }, "geometry": { "type": "LineString", "coordinates": [ [ 77.647679578321828, 12.924627577036935 ], [ 77.6490875, 12.9247267 ], [ 77.6492003, 12.9247264 ], [ 77.649285, 12.9247248 ], [ 77.6493114, 12.9247215 ], [ 77.6495317, 12.9246944 ], [ 77.6499056, 12.9246483 ], [ 77.6502824, 12.9245711 ], [ 77.6503068, 12.9245661 ], [ 77.6503882, 12.924524 ], [ 77.6504545, 12.9244834 ] ] } },
{ "type": "Feature", "properties": { "segment_id": "BLR_ORR_140", "corridor_id": "ORR", "corridor_name": "Outer Ring Road (Silk Board to Hebbal)", "road_name": "Sarjapur Road", "road_type": "primary", "segment_length_m": 364.0, "start_lat": 12.923828, "start_lon": 77.643192, "end_lat": 12.92382, "end_lon": 77.639998, "lanes": 2.0, "lane_count_available": 1, "speed_limit_kph": null, "speed_limit_available": 0, "street_lighting": "unverified", "street_lighting_verified": 0, "junction_count": 2, "junction_density_per_km": 5.49, "crossing_count": 0, "bus_stop_count": 0, "btp_station": "Adugodi Traffic PS", "btp_station_clean_name": "Adugodi PS", "btp_overlap_ratio": 0.9786, "btp_station_total_cases_2023": 63.0, "btp_station_fatal_cases_2023": 10.0, "btp_station_killed_people_2023": 10.0, "btp_station_nonfatal_cases_2023": 53.0, "btp_station_injuries_2023": 67.0, "btp_station_total_cases_2022": 42.0, "btp_station_fatal_cases_2022": 6.0, "btp_station_total_cases_2021": 19.0, "btp_station_fatal_cases_2021": 2.0 }, "geometry": { "type": "LineString", "coordinates": [ [ 77.6431918, 12.9238283 ], [ 77.6431436, 12.9238151 ], [ 77.6415461, 12.9233783 ], [ 77.6414334, 12.9233488 ], [ 77.6413506, 12.9233394 ], [ 77.6412934, 12.9233383 ], [ 77.6412327, 12.9233503 ], [ 77.6411747, 12.9233636 ], [ 77.6403436, 12.9236908 ], [ 77.6403323, 12.9236953 ], [ 77.6401349, 12.9237686 ], [ 77.6399982, 12.9238197 ] ] } },
{ "type": "Feature", "properties": { "segment_id": "BLR_ORR_142_1", "corridor_id": "ORR", "corridor_name": "Outer Ring Road (Silk Board to Hebbal)", "road_name": "Sarjapura Road", "road_type": "primary", "segment_length_m": 500.0, "start_lat": 12.916953, "start_lon": 77.673416, "end_lat": 12.914249, "end_lon": 77.676821, "lanes": 3.0, "lane_count_available": 1, "speed_limit_kph": 50.0, "speed_limit_available": 1, "street_lighting": "unverified", "street_lighting_verified": 0, "junction_count": 2, "junction_density_per_km": 4.0, "crossing_count": 2, "bus_stop_count": 0, "btp_station": "H.S.R.Layout Traffic PS", "btp_station_clean_name": "H.S.R.Layout PS", "btp_overlap_ratio": 1.0, "btp_station_total_cases_2023": 99.0, "btp_station_fatal_cases_2023": 25.0, "btp_station_killed_people_2023": 26.0, "btp_station_nonfatal_cases_2023": 74.0, "btp_station_injuries_2023": 90.0, "btp_station_total_cases_2022": 64.0, "btp_station_fatal_cases_2022": 14.0, "btp_station_total_cases_2021": 56.0, "btp_station_fatal_cases_2021": 15.0 }, "geometry": { "type": "LineString", "coordinates": [ [ 77.6734164, 12.9169535 ], [ 77.673488300000017, 12.9169142 ], [ 77.6735456, 12.9168461 ], [ 77.6735802, 12.9167735 ], [ 77.673603, 12.9166567 ], [ 77.6736321, 12.916542 ], [ 77.6736569, 12.9164287 ], [ 77.6736981, 12.916323 ], [ 77.6737834, 12.9161629 ], [ 77.6738308, 12.9160932 ], [ 77.6739132, 12.9159655 ], [ 77.6740868, 12.915745 ], [ 77.6741714, 12.9156557 ], [ 77.6742434, 12.9155867 ], [ 77.6743442, 12.9155018 ], [ 77.6744743, 12.9154124 ], [ 77.6746192, 12.9153188 ], [ 77.6750304, 12.9150629 ], [ 77.6752197, 12.9149451 ], [ 77.6753621, 12.9148597 ], [ 77.6756018, 12.9147116 ], [ 77.6756747, 12.9146673 ], [ 77.6758101, 12.9145848 ], [ 77.6758677, 12.9145497 ], [ 77.676042, 12.9144719 ], [ 77.6760796, 12.9144566 ], [ 77.6761713, 12.9144303 ], [ 77.6762426, 12.9144092 ], [ 77.6763104, 12.9143876 ], [ 77.6765272, 12.9143218 ], [ 77.676820717962329, 12.914249398906545 ] ] } },
{ "type": "Feature", "properties": { "segment_id": "BLR_ORR_142_2", "corridor_id": "ORR", "corridor_name": "Outer Ring Road (Silk Board to Hebbal)", "road_name": "Sarjapura Road", "road_type": "primary", "segment_length_m": 400.89, "start_lat": 12.914249, "start_lon": 77.676821, "end_lat": 12.912872, "end_lon": 77.68022, "lanes": 3.0, "lane_count_available": 1, "speed_limit_kph": 50.0, "speed_limit_available": 1, "street_lighting": "unverified", "street_lighting_verified": 0, "junction_count": 2, "junction_density_per_km": 4.99, "crossing_count": 4, "bus_stop_count": 0, "btp_station": "H.S.R.Layout Traffic PS", "btp_station_clean_name": "H.S.R.Layout PS", "btp_overlap_ratio": 1.0, "btp_station_total_cases_2023": 99.0, "btp_station_fatal_cases_2023": 25.0, "btp_station_killed_people_2023": 26.0, "btp_station_nonfatal_cases_2023": 74.0, "btp_station_injuries_2023": 90.0, "btp_station_total_cases_2022": 64.0, "btp_station_fatal_cases_2022": 14.0, "btp_station_total_cases_2021": 56.0, "btp_station_fatal_cases_2021": 15.0 }, "geometry": { "type": "LineString", "coordinates": [ [ 77.676820717962329, 12.914249398906545 ], [ 77.6768272, 12.9142478 ], [ 77.6771304, 12.9141567 ], [ 77.6775232, 12.9140472 ], [ 77.6776988, 12.9139959 ], [ 77.677784100000011, 12.9139667 ], [ 77.6779101, 12.9139235 ], [ 77.6779793, 12.9138972 ], [ 77.6782317, 12.9138246 ], [ 77.6787266, 12.9136285 ], [ 77.6787894, 12.9136036 ], [ 77.6789939, 12.9135144 ], [ 77.6791541, 12.9134397 ], [ 77.679384, 12.9133266 ], [ 77.680165100000011, 12.9129024 ], [ 77.6802197, 12.9128723 ] ] } },
{ "type": "Feature", "properties": { "segment_id": "BLR_ORR_143", "corridor_id": "ORR", "corridor_name": "Outer Ring Road (Silk Board to Hebbal)", "road_name": "Sarjapura Road", "road_type": "primary", "segment_length_m": 528.13, "start_lat": 12.916857, "start_lon": 77.673355, "end_lat": 12.918797, "end_lon": 77.668929, "lanes": 3.0, "lane_count_available": 1, "speed_limit_kph": 50.0, "speed_limit_available": 1, "street_lighting": "unverified", "street_lighting_verified": 0, "junction_count": 2, "junction_density_per_km": 3.79, "crossing_count": 5, "bus_stop_count": 0, "btp_station": "H.S.R.Layout Traffic PS", "btp_station_clean_name": "H.S.R.Layout PS", "btp_overlap_ratio": 1.0, "btp_station_total_cases_2023": 99.0, "btp_station_fatal_cases_2023": 25.0, "btp_station_killed_people_2023": 26.0, "btp_station_nonfatal_cases_2023": 74.0, "btp_station_injuries_2023": 90.0, "btp_station_total_cases_2022": 64.0, "btp_station_fatal_cases_2022": 14.0, "btp_station_total_cases_2021": 56.0, "btp_station_fatal_cases_2021": 15.0 }, "geometry": { "type": "LineString", "coordinates": [ [ 77.6733546, 12.9168573 ], [ 77.6732691, 12.9169184 ], [ 77.6731526, 12.916978 ], [ 77.67289, 12.9171125 ], [ 77.6726771, 12.9172232 ], [ 77.6726232, 12.9172508 ], [ 77.6722096, 12.9174558 ], [ 77.672107, 12.9175085 ], [ 77.6718403, 12.9176539 ], [ 77.6717953, 12.9176784 ], [ 77.6717153, 12.9177251 ], [ 77.6715998, 12.9177815 ], [ 77.6715169, 12.917822 ], [ 77.6711209, 12.9180153 ], [ 77.6709534, 12.9180971 ], [ 77.6708893, 12.9181284 ], [ 77.6708053, 12.9181703 ], [ 77.6707546, 12.9181903 ], [ 77.6706814, 12.9182192 ], [ 77.6699558, 12.9184681 ], [ 77.669888, 12.9184913 ], [ 77.6698416, 12.9185072 ], [ 77.6695352, 12.9186077 ], [ 77.6691608, 12.9187246 ], [ 77.6691461, 12.9187292 ], [ 77.6690099, 12.9187714 ], [ 77.6689288, 12.9187966 ] ] } },
{ "type": "Feature", "properties": { "segment_id": "BLR_ORR_144", "corridor_id": "ORR", "corridor_name": "Outer Ring Road (Silk Board to Hebbal)", "road_name": "Outer Ring Road", "road_type": "trunk", "segment_length_m": 102.06, "start_lat": 12.996643, "start_lon": 77.668529, "end_lat": 12.997015, "end_lon": 77.669389, "lanes": 3.0, "lane_count_available": 1, "speed_limit_kph": 60.0, "speed_limit_available": 1, "street_lighting": "unverified", "street_lighting_verified": 0, "junction_count": 2, "junction_density_per_km": 19.6, "crossing_count": 0, "bus_stop_count": 1, "btp_station": "K.R. Puram Traffic  PS", "btp_station_clean_name": "K.R. Puram PS", "btp_overlap_ratio": 1.0, "btp_station_total_cases_2023": 254.0, "btp_station_fatal_cases_2023": 41.0, "btp_station_killed_people_2023": 42.0, "btp_station_nonfatal_cases_2023": 213.0, "btp_station_injuries_2023": 217.0, "btp_station_total_cases_2022": null, "btp_station_fatal_cases_2022": null, "btp_station_total_cases_2021": null, "btp_station_fatal_cases_2021": null }, "geometry": { "type": "LineString", "coordinates": [ [ 77.6685289, 12.9966426 ], [ 77.6686769, 12.9967065 ], [ 77.6689816, 12.9968382 ], [ 77.6692287, 12.996938 ], [ 77.6693888, 12.9970148 ] ] } },
{ "type": "Feature", "properties": { "segment_id": "BLR_ORR_145_1", "corridor_id": "ORR", "corridor_name": "Outer Ring Road (Silk Board to Hebbal)", "road_name": "Outer Ring Road Underpass / Outer Ring Road", "road_type": "trunk", "segment_length_m": 500.0, "start_lat": 13.001491, "start_lon": 77.66335, "end_lat": 13.005983, "end_lon": 77.662916, "lanes": 3.0, "lane_count_available": 1, "speed_limit_kph": 40.0, "speed_limit_available": 1, "street_lighting": "unverified", "street_lighting_verified": 0, "junction_count": 1, "junction_density_per_km": 2.0, "crossing_count": 0, "bus_stop_count": 0, "btp_station": "K.R. Puram Traffic  PS", "btp_station_clean_name": "K.R. Puram PS", "btp_overlap_ratio": 1.0, "btp_station_total_cases_2023": 254.0, "btp_station_fatal_cases_2023": 41.0, "btp_station_killed_people_2023": 42.0, "btp_station_nonfatal_cases_2023": 213.0, "btp_station_injuries_2023": 217.0, "btp_station_total_cases_2022": null, "btp_station_fatal_cases_2022": null, "btp_station_total_cases_2021": null, "btp_station_fatal_cases_2021": null }, "geometry": { "type": "LineString", "coordinates": [ [ 77.6633501, 13.0014908 ], [ 77.6633368, 13.0017603 ], [ 77.663322, 13.0019816 ], [ 77.6633167, 13.0020603 ], [ 77.6632014, 13.0037853 ], [ 77.6631359, 13.0045963 ], [ 77.6631041, 13.0048782 ], [ 77.6630684, 13.0051021 ], [ 77.6630318, 13.0052997 ], [ 77.662916272550433, 13.005983293278021 ] ] } },
{ "type": "Feature", "properties": { "segment_id": "BLR_ORR_145_2", "corridor_id": "ORR", "corridor_name": "Outer Ring Road (Silk Board to Hebbal)", "road_name": "Outer Ring Road Underpass / Outer Ring Road", "road_type": "trunk", "segment_length_m": 500.0, "start_lat": 13.005983, "start_lon": 77.662916, "end_lat": 13.010467, "end_lon": 77.662396, "lanes": 3.0, "lane_count_available": 1, "speed_limit_kph": 40.0, "speed_limit_available": 1, "street_lighting": "unverified", "street_lighting_verified": 0, "junction_count": 1, "junction_density_per_km": 2.0, "crossing_count": 0, "bus_stop_count": 0, "btp_station": "K.R. Puram Traffic  PS", "btp_station_clean_name": "K.R. Puram PS", "btp_overlap_ratio": 1.0, "btp_station_total_cases_2023": 254.0, "btp_station_fatal_cases_2023": 41.0, "btp_station_killed_people_2023": 42.0, "btp_station_nonfatal_cases_2023": 213.0, "btp_station_injuries_2023": 217.0, "btp_station_total_cases_2022": null, "btp_station_fatal_cases_2022": null, "btp_station_total_cases_2021": null, "btp_station_fatal_cases_2021": null }, "geometry": { "type": "LineString", "coordinates": [ [ 77.662916272550433, 13.005983293278021 ], [ 77.6629111, 13.0060139 ], [ 77.662694, 13.0073478 ], [ 77.6625989, 13.0079104 ], [ 77.6625714, 13.0081079 ], [ 77.6625474, 13.0083456 ], [ 77.6624841, 13.0092989 ], [ 77.662395612607398, 13.010466779289956 ] ] } },
{ "type": "Feature", "properties": { "segment_id": "BLR_ORR_145_3", "corridor_id": "ORR", "corridor_name": "Outer Ring Road (Silk Board to Hebbal)", "road_name": "Outer Ring Road Underpass / Outer Ring Road", "road_type": "trunk", "segment_length_m": 514.03, "start_lat": 13.010467, "start_lon": 77.662396, "end_lat": 13.0151, "end_lon": 77.66208, "lanes": 3.0, "lane_count_available": 1, "speed_limit_kph": 40.0, "speed_limit_available": 1, "street_lighting": "unverified", "street_lighting_verified": 0, "junction_count": 1, "junction_density_per_km": 1.95, "crossing_count": 1, "bus_stop_count": 0, "btp_station": "K.R. Puram Traffic  PS", "btp_station_clean_name": "K.R. Puram PS", "btp_overlap_ratio": 1.0, "btp_station_total_cases_2023": 254.0, "btp_station_fatal_cases_2023": 41.0, "btp_station_killed_people_2023": 42.0, "btp_station_nonfatal_cases_2023": 213.0, "btp_station_injuries_2023": 217.0, "btp_station_total_cases_2022": null, "btp_station_fatal_cases_2022": null, "btp_station_total_cases_2021": null, "btp_station_fatal_cases_2021": null }, "geometry": { "type": "LineString", "coordinates": [ [ 77.662395612607398, 13.010466779289956 ], [ 77.6623923, 13.0105105 ], [ 77.6623675, 13.0108381 ], [ 77.6623298, 13.0113587 ], [ 77.6622116, 13.0129921 ], [ 77.6621818, 13.0135086 ], [ 77.6620879, 13.0150048 ], [ 77.6620795, 13.0150998 ] ] } },
{ "type": "Feature", "properties": { "segment_id": "BLR_ORR_146", "corridor_id": "ORR", "corridor_name": "Outer Ring Road (Silk Board to Hebbal)", "road_name": "Outer Ring Road", "road_type": "trunk", "segment_length_m": 483.17, "start_lat": 12.91673, "start_lon": 77.630636, "end_lat": 12.916339, "end_lon": 77.635067, "lanes": 3.0, "lane_count_available": 1, "speed_limit_kph": 60.0, "speed_limit_available": 1, "street_lighting": "unverified", "street_lighting_verified": 0, "junction_count": 2, "junction_density_per_km": 4.14, "crossing_count": 0, "bus_stop_count": 0, "btp_station": "Madiwala Traffic PS", "btp_station_clean_name": "Madiwala PS", "btp_overlap_ratio": 0.6938, "btp_station_total_cases_2023": 73.0, "btp_station_fatal_cases_2023": 14.0, "btp_station_killed_people_2023": 14.0, "btp_station_nonfatal_cases_2023": 59.0, "btp_station_injuries_2023": 53.0, "btp_station_total_cases_2022": 45.0, "btp_station_fatal_cases_2022": 13.0, "btp_station_total_cases_2021": 54.0, "btp_station_fatal_cases_2021": 8.0 }, "geometry": { "type": "LineString", "coordinates": [ [ 77.6306363, 12.91673 ], [ 77.6310658, 12.9167093 ], [ 77.6322048, 12.9165984 ], [ 77.6322913, 12.9165892 ], [ 77.6323695, 12.9165808 ], [ 77.6332137, 12.916497 ], [ 77.6342411, 12.9163977 ], [ 77.6347469, 12.9163586 ], [ 77.6349283, 12.9163445 ], [ 77.6350673, 12.9163386 ] ] } },
{ "type": "Feature", "properties": { "segment_id": "BLR_ORR_147", "corridor_id": "ORR", "corridor_name": "Outer Ring Road (Silk Board to Hebbal)", "road_name": "Sarjapur Road", "road_type": "primary", "segment_length_m": 271.94, "start_lat": 12.924252, "start_lon": 77.651806, "end_lat": 12.923751, "end_lon": 77.654258, "lanes": 2.0, "lane_count_available": 1, "speed_limit_kph": 30.0, "speed_limit_available": 1, "street_lighting": "unverified", "street_lighting_verified": 0, "junction_count": 2, "junction_density_per_km": 7.35, "crossing_count": 1, "bus_stop_count": 0, "btp_station": "H.S.R.Layout Traffic PS", "btp_station_clean_name": "H.S.R.Layout PS", "btp_overlap_ratio": 1.0, "btp_station_total_cases_2023": 99.0, "btp_station_fatal_cases_2023": 25.0, "btp_station_killed_people_2023": 26.0, "btp_station_nonfatal_cases_2023": 74.0, "btp_station_injuries_2023": 90.0, "btp_station_total_cases_2022": 64.0, "btp_station_fatal_cases_2022": 14.0, "btp_station_total_cases_2021": 56.0, "btp_station_fatal_cases_2021": 15.0 }, "geometry": { "type": "LineString", "coordinates": [ [ 77.651806, 12.9242517 ], [ 77.6531129, 12.9239769 ], [ 77.6542577, 12.9237509 ] ] } },
{ "type": "Feature", "properties": { "segment_id": "BLR_ORR_148", "corridor_id": "ORR", "corridor_name": "Outer Ring Road (Silk Board to Hebbal)", "road_name": "Outer Ring Road", "road_type": "trunk", "segment_length_m": 173.34, "start_lat": 13.000397, "start_lon": 77.677532, "end_lat": 13.000411, "end_lon": 77.679125, "lanes": 3.0, "lane_count_available": 1, "speed_limit_kph": 60.0, "speed_limit_available": 1, "street_lighting": "unverified", "street_lighting_verified": 0, "junction_count": 2, "junction_density_per_km": 11.54, "crossing_count": 0, "bus_stop_count": 0, "btp_station": "K.R. Puram Traffic  PS", "btp_station_clean_name": "K.R. Puram PS", "btp_overlap_ratio": 1.0, "btp_station_total_cases_2023": 254.0, "btp_station_fatal_cases_2023": 41.0, "btp_station_killed_people_2023": 42.0, "btp_station_nonfatal_cases_2023": 213.0, "btp_station_injuries_2023": 217.0, "btp_station_total_cases_2022": null, "btp_station_fatal_cases_2022": null, "btp_station_total_cases_2021": null, "btp_station_fatal_cases_2021": null }, "geometry": { "type": "LineString", "coordinates": [ [ 77.6775323, 13.0003968 ], [ 77.677766, 13.000391 ], [ 77.6779586, 13.0003626 ], [ 77.6780619, 13.0003548 ], [ 77.6782002, 13.0003513 ], [ 77.6783496, 13.0003599 ], [ 77.6788948, 13.0003961 ], [ 77.6791245, 13.0004114 ] ] } },
{ "type": "Feature", "properties": { "segment_id": "BLR_ORR_149", "corridor_id": "ORR", "corridor_name": "Outer Ring Road (Silk Board to Hebbal)", "road_name": "Hennur Main Road", "road_type": "secondary", "segment_length_m": 65.45, "start_lat": 13.015871, "start_lon": 77.629139, "end_lat": 13.016399, "end_lon": 77.629371, "lanes": null, "lane_count_available": 0, "speed_limit_kph": null, "speed_limit_available": 0, "street_lighting": "unverified", "street_lighting_verified": 0, "junction_count": 1, "junction_density_per_km": 15.28, "crossing_count": 0, "bus_stop_count": 0, "btp_station": "Banaswadi Traffic PS", "btp_station_clean_name": "Banaswadi PS", "btp_overlap_ratio": 1.0, "btp_station_total_cases_2023": 194.0, "btp_station_fatal_cases_2023": 37.0, "btp_station_killed_people_2023": 39.0, "btp_station_nonfatal_cases_2023": 157.0, "btp_station_injuries_2023": 166.0, "btp_station_total_cases_2022": 116.0, "btp_station_fatal_cases_2022": 22.0, "btp_station_total_cases_2021": 99.0, "btp_station_fatal_cases_2021": 20.0 }, "geometry": { "type": "LineString", "coordinates": [ [ 77.6291387, 13.0158708 ], [ 77.6291317, 13.0159298 ], [ 77.62919, 13.0160713 ], [ 77.6292193, 13.0161422 ], [ 77.6292966, 13.0163296 ], [ 77.6293709, 13.0163989 ] ] } },
{ "type": "Feature", "properties": { "segment_id": "BLR_ORR_150", "corridor_id": "ORR", "corridor_name": "Outer Ring Road (Silk Board to Hebbal)", "road_name": "Hennur Main Road", "road_type": "secondary", "segment_length_m": 278.93, "start_lat": 13.015871, "start_lon": 77.629139, "end_lat": 13.014542, "end_lon": 77.627184, "lanes": null, "lane_count_available": 0, "speed_limit_kph": null, "speed_limit_available": 0, "street_lighting": "unverified", "street_lighting_verified": 0, "junction_count": 2, "junction_density_per_km": 7.17, "crossing_count": 0, "bus_stop_count": 0, "btp_station": "Banaswadi Traffic PS", "btp_station_clean_name": "Banaswadi PS", "btp_overlap_ratio": 0.9291, "btp_station_total_cases_2023": 194.0, "btp_station_fatal_cases_2023": 37.0, "btp_station_killed_people_2023": 39.0, "btp_station_nonfatal_cases_2023": 157.0, "btp_station_injuries_2023": 166.0, "btp_station_total_cases_2022": 116.0, "btp_station_fatal_cases_2022": 22.0, "btp_station_total_cases_2021": 99.0, "btp_station_fatal_cases_2021": 20.0 }, "geometry": { "type": "LineString", "coordinates": [ [ 77.6291387, 13.0158708 ], [ 77.62911, 13.0158144 ], [ 77.6290395, 13.0156756 ], [ 77.6287371, 13.0150962 ], [ 77.6285669, 13.0149574 ], [ 77.6285453, 13.0149437 ], [ 77.6284259, 13.0148683 ], [ 77.6282888, 13.0147878 ], [ 77.6280089, 13.0147112 ], [ 77.6278671, 13.0146747 ], [ 77.6276745, 13.0146297 ], [ 77.6275692, 13.0146066 ], [ 77.6273607, 13.014561 ], [ 77.6271839, 13.0145416 ] ] } },
{ "type": "Feature", "properties": { "segment_id": "BLR_ORR_152_1", "corridor_id": "ORR", "corridor_name": "Outer Ring Road (Silk Board to Hebbal)", "road_name": "Mahadevapura Flyover / Outer Ring Road", "road_type": "trunk", "segment_length_m": 500.0, "start_lat": 12.993255, "start_lon": 77.686028, "end_lat": 12.989583, "end_lon": 77.688705, "lanes": 3.0, "lane_count_available": 1, "speed_limit_kph": 40.0, "speed_limit_available": 1, "street_lighting": "unverified", "street_lighting_verified": 0, "junction_count": 2, "junction_density_per_km": 4.0, "crossing_count": 0, "bus_stop_count": 0, "btp_station": "K.R. Puram Traffic  PS", "btp_station_clean_name": "K.R. Puram PS", "btp_overlap_ratio": 1.0, "btp_station_total_cases_2023": 254.0, "btp_station_fatal_cases_2023": 41.0, "btp_station_killed_people_2023": 42.0, "btp_station_nonfatal_cases_2023": 213.0, "btp_station_injuries_2023": 217.0, "btp_station_total_cases_2022": null, "btp_station_fatal_cases_2022": null, "btp_station_total_cases_2021": null, "btp_station_fatal_cases_2021": null }, "geometry": { "type": "LineString", "coordinates": [ [ 77.686028, 12.9932554 ], [ 77.6862546, 12.9929536 ], [ 77.6864893, 12.9926511 ], [ 77.6870875, 12.9918576 ], [ 77.6877185, 12.99102 ], [ 77.6882588, 12.9902763 ], [ 77.6885773, 12.9898034 ], [ 77.688704989430803, 12.989582773202745 ] ] } },
{ "type": "Feature", "properties": { "segment_id": "BLR_ORR_152_2", "corridor_id": "ORR", "corridor_name": "Outer Ring Road (Silk Board to Hebbal)", "road_name": "Mahadevapura Flyover / Outer Ring Road", "road_type": "trunk", "segment_length_m": 456.24, "start_lat": 12.989583, "start_lon": 77.688705, "end_lat": 12.986018, "end_lon": 77.690813, "lanes": 3.0, "lane_count_available": 1, "speed_limit_kph": 40.0, "speed_limit_available": 1, "street_lighting": "unverified", "street_lighting_verified": 0, "junction_count": 2, "junction_density_per_km": 4.38, "crossing_count": 4, "bus_stop_count": 0, "btp_station": "K.R. Puram Traffic  PS", "btp_station_clean_name": "K.R. Puram PS", "btp_overlap_ratio": 1.0, "btp_station_total_cases_2023": 254.0, "btp_station_fatal_cases_2023": 41.0, "btp_station_killed_people_2023": 42.0, "btp_station_nonfatal_cases_2023": 213.0, "btp_station_injuries_2023": 217.0, "btp_station_total_cases_2022": null, "btp_station_fatal_cases_2022": null, "btp_station_total_cases_2021": null, "btp_station_fatal_cases_2021": null }, "geometry": { "type": "LineString", "coordinates": [ [ 77.688704989430803, 12.989582773202745 ], [ 77.6887217, 12.9895539 ], [ 77.6889727, 12.9891258 ], [ 77.6892827, 12.9885645 ], [ 77.689347900000016, 12.9884558 ], [ 77.6896253, 12.9879941 ], [ 77.6897207, 12.9878304 ], [ 77.6898364, 12.987632 ], [ 77.6900622, 12.9872609 ], [ 77.6908133, 12.986018 ] ] } },
{ "type": "Feature", "properties": { "segment_id": "BLR_ORR_153", "corridor_id": "ORR", "corridor_name": "Outer Ring Road (Silk Board to Hebbal)", "road_name": "Outer Ring Road", "road_type": "trunk", "segment_length_m": 112.18, "start_lat": 12.994072, "start_lon": 77.685417, "end_lat": 12.993255, "end_lon": 77.686028, "lanes": 3.0, "lane_count_available": 1, "speed_limit_kph": 40.0, "speed_limit_available": 1, "street_lighting": "unverified", "street_lighting_verified": 0, "junction_count": 2, "junction_density_per_km": 17.83, "crossing_count": 0, "bus_stop_count": 0, "btp_station": "K.R. Puram Traffic  PS", "btp_station_clean_name": "K.R. Puram PS", "btp_overlap_ratio": 1.0, "btp_station_total_cases_2023": 254.0, "btp_station_fatal_cases_2023": 41.0, "btp_station_killed_people_2023": 42.0, "btp_station_nonfatal_cases_2023": 213.0, "btp_station_injuries_2023": 217.0, "btp_station_total_cases_2022": null, "btp_station_fatal_cases_2022": null, "btp_station_total_cases_2021": null, "btp_station_fatal_cases_2021": null }, "geometry": { "type": "LineString", "coordinates": [ [ 77.6854165, 12.9940723 ], [ 77.685747, 12.9936296 ], [ 77.686028, 12.9932554 ] ] } },
{ "type": "Feature", "properties": { "segment_id": "BLR_ORR_155", "corridor_id": "ORR", "corridor_name": "Outer Ring Road (Silk Board to Hebbal)", "road_name": "Inner Ring Road", "road_type": "primary_link", "segment_length_m": 276.84, "start_lat": 12.960514, "start_lon": 77.642104, "end_lat": 12.958249, "end_lon": 77.64143, "lanes": 2.0, "lane_count_available": 1, "speed_limit_kph": null, "speed_limit_available": 0, "street_lighting": "unverified", "street_lighting_verified": 0, "junction_count": 2, "junction_density_per_km": 7.22, "crossing_count": 7, "bus_stop_count": 0, "btp_station": "Jeevan Bheemanagar Traffic PS", "btp_station_clean_name": "Jeevan Bheemanagar PS", "btp_overlap_ratio": 0.5312, "btp_station_total_cases_2023": 85.0, "btp_station_fatal_cases_2023": 12.0, "btp_station_killed_people_2023": 12.0, "btp_station_nonfatal_cases_2023": 73.0, "btp_station_injuries_2023": 62.0, "btp_station_total_cases_2022": 48.0, "btp_station_fatal_cases_2022": 13.0, "btp_station_total_cases_2021": 32.0, "btp_station_fatal_cases_2021": 5.0 }, "geometry": { "type": "LineString", "coordinates": [ [ 77.6421042, 12.9605143 ], [ 77.6419164, 12.9604627 ], [ 77.6418906, 12.9604414 ], [ 77.6418305, 12.9603915 ], [ 77.6417928, 12.9603594 ], [ 77.641766, 12.9602817 ], [ 77.6416804, 12.9598251 ], [ 77.6416362, 12.9596001 ], [ 77.64161, 12.9594152 ], [ 77.6415981, 12.9593286 ], [ 77.64157, 12.9590671 ], [ 77.6415589, 12.9589653 ], [ 77.6414943, 12.9583642 ], [ 77.6414299, 12.9582494 ] ] } },
{ "type": "Feature", "properties": { "segment_id": "BLR_ORR_156", "corridor_id": "ORR", "corridor_name": "Outer Ring Road (Silk Board to Hebbal)", "road_name": "Sarjapura Road", "road_type": "primary", "segment_length_m": 238.37, "start_lat": 12.904568, "start_lon": 77.702127, "end_lat": 12.903515, "end_lon": 77.704042, "lanes": 3.0, "lane_count_available": 1, "speed_limit_kph": 50.0, "speed_limit_available": 1, "street_lighting": "unverified", "street_lighting_verified": 0, "junction_count": 2, "junction_density_per_km": 8.39, "crossing_count": 0, "bus_stop_count": 0, "btp_station": "H.S.R.Layout Traffic PS", "btp_station_clean_name": "H.S.R.Layout PS", "btp_overlap_ratio": 1.0, "btp_station_total_cases_2023": 99.0, "btp_station_fatal_cases_2023": 25.0, "btp_station_killed_people_2023": 26.0, "btp_station_nonfatal_cases_2023": 74.0, "btp_station_injuries_2023": 90.0, "btp_station_total_cases_2022": 64.0, "btp_station_fatal_cases_2022": 14.0, "btp_station_total_cases_2021": 56.0, "btp_station_fatal_cases_2021": 15.0 }, "geometry": { "type": "LineString", "coordinates": [ [ 77.7021271, 12.9045675 ], [ 77.7023187, 12.9044601 ], [ 77.7024399, 12.9043977 ], [ 77.7027093, 12.9042522 ], [ 77.7029149, 12.9041376 ], [ 77.7029567, 12.9041132 ], [ 77.7030419, 12.9040693 ], [ 77.7031711, 12.9039985 ], [ 77.7034368, 12.9038458 ], [ 77.7036897, 12.9037117 ], [ 77.7039581, 12.9035614 ], [ 77.7040415, 12.9035147 ] ] } },
{ "type": "Feature", "properties": { "segment_id": "BLR_ORR_157_1", "corridor_id": "ORR", "corridor_name": "Outer Ring Road (Silk Board to Hebbal)", "road_name": "Sarjapura Road", "road_type": "primary", "segment_length_m": 500.0, "start_lat": 12.904472, "start_lon": 77.702067, "end_lat": 12.90647, "end_lon": 77.697954, "lanes": 3.0, "lane_count_available": 1, "speed_limit_kph": 50.0, "speed_limit_available": 1, "street_lighting": "unverified", "street_lighting_verified": 0, "junction_count": 1, "junction_density_per_km": 2.0, "crossing_count": 2, "bus_stop_count": 0, "btp_station": "H.S.R.Layout Traffic PS", "btp_station_clean_name": "H.S.R.Layout PS", "btp_overlap_ratio": 1.0, "btp_station_total_cases_2023": 99.0, "btp_station_fatal_cases_2023": 25.0, "btp_station_killed_people_2023": 26.0, "btp_station_nonfatal_cases_2023": 74.0, "btp_station_injuries_2023": 90.0, "btp_station_total_cases_2022": 64.0, "btp_station_fatal_cases_2022": 14.0, "btp_station_total_cases_2021": 56.0, "btp_station_fatal_cases_2021": 15.0 }, "geometry": { "type": "LineString", "coordinates": [ [ 77.702067, 12.904472 ], [ 77.7018216, 12.9046043 ], [ 77.7015984, 12.9047276 ], [ 77.7011048, 12.9050065 ], [ 77.7001093, 12.9055478 ], [ 77.6996746, 12.9057807 ], [ 77.6992313, 12.9060181 ], [ 77.6990996, 12.9060853 ], [ 77.6990019, 12.9061245 ], [ 77.698329, 12.9063664 ], [ 77.6982792, 12.9063798 ], [ 77.6980505, 12.9064445 ], [ 77.6979773, 12.9064637 ], [ 77.697954406434491, 12.906469715059396 ] ] } },
{ "type": "Feature", "properties": { "segment_id": "BLR_ORR_157_2", "corridor_id": "ORR", "corridor_name": "Outer Ring Road (Silk Board to Hebbal)", "road_name": "Sarjapura Road", "road_type": "primary", "segment_length_m": 271.09, "start_lat": 12.90647, "start_lon": 77.697954, "end_lat": 12.907146, "end_lon": 77.695555, "lanes": 3.0, "lane_count_available": 1, "speed_limit_kph": 50.0, "speed_limit_available": 1, "street_lighting": "unverified", "street_lighting_verified": 0, "junction_count": 1, "junction_density_per_km": 3.69, "crossing_count": 2, "bus_stop_count": 0, "btp_station": "H.S.R.Layout Traffic PS", "btp_station_clean_name": "H.S.R.Layout PS", "btp_overlap_ratio": 1.0, "btp_station_total_cases_2023": 99.0, "btp_station_fatal_cases_2023": 25.0, "btp_station_killed_people_2023": 26.0, "btp_station_nonfatal_cases_2023": 74.0, "btp_station_injuries_2023": 90.0, "btp_station_total_cases_2022": 64.0, "btp_station_fatal_cases_2022": 14.0, "btp_station_total_cases_2021": 56.0, "btp_station_fatal_cases_2021": 15.0 }, "geometry": { "type": "LineString", "coordinates": [ [ 77.697954406434491, 12.906469715059396 ], [ 77.6978262, 12.9065034 ], [ 77.6975161, 12.9065842 ], [ 77.6972089, 12.9066726 ], [ 77.6969307, 12.906754 ], [ 77.6966371, 12.906839 ], [ 77.6961996, 12.9069687 ], [ 77.6955555, 12.9071464 ] ] } },
{ "type": "Feature", "properties": { "segment_id": "BLR_ORR_158_1", "corridor_id": "ORR", "corridor_name": "Outer Ring Road (Silk Board to Hebbal)", "road_name": "Outer Ring Road", "road_type": "trunk", "segment_length_m": 500.0, "start_lat": 12.917448, "start_lon": 77.623148, "end_lat": 12.917148, "end_lon": 77.627651, "lanes": 3.0, "lane_count_available": 1, "speed_limit_kph": 60.0, "speed_limit_available": 1, "street_lighting": "unverified", "street_lighting_verified": 0, "junction_count": 2, "junction_density_per_km": 4.0, "crossing_count": 0, "bus_stop_count": 0, "btp_station": "Madiwala Traffic PS", "btp_station_clean_name": "Madiwala PS", "btp_overlap_ratio": 1.0, "btp_station_total_cases_2023": 73.0, "btp_station_fatal_cases_2023": 14.0, "btp_station_killed_people_2023": 14.0, "btp_station_nonfatal_cases_2023": 59.0, "btp_station_injuries_2023": 53.0, "btp_station_total_cases_2022": 45.0, "btp_station_fatal_cases_2022": 13.0, "btp_station_total_cases_2021": 54.0, "btp_station_fatal_cases_2021": 8.0 }, "geometry": { "type": "LineString", "coordinates": [ [ 77.623148, 12.9174482 ], [ 77.623628, 12.9175615 ], [ 77.6243834, 12.9176822 ], [ 77.6247366, 12.9177084 ], [ 77.6250219, 12.9177105 ], [ 77.625459, 12.9177069 ], [ 77.6257316, 12.9176757 ], [ 77.6259616, 12.91763 ], [ 77.6267966, 12.9174011 ], [ 77.627651255102705, 12.917147699869812 ] ] } },
{ "type": "Feature", "properties": { "segment_id": "BLR_ORR_158_2", "corridor_id": "ORR", "corridor_name": "Outer Ring Road (Silk Board to Hebbal)", "road_name": "Outer Ring Road", "road_type": "trunk", "segment_length_m": 178.66, "start_lat": 12.917148, "start_lon": 77.627651, "end_lat": 12.916824, "end_lon": 77.629255, "lanes": 3.0, "lane_count_available": 1, "speed_limit_kph": 60.0, "speed_limit_available": 1, "street_lighting": "unverified", "street_lighting_verified": 0, "junction_count": 2, "junction_density_per_km": 11.19, "crossing_count": 0, "bus_stop_count": 0, "btp_station": "Madiwala Traffic PS", "btp_station_clean_name": "Madiwala PS", "btp_overlap_ratio": 1.0, "btp_station_total_cases_2023": 73.0, "btp_station_fatal_cases_2023": 14.0, "btp_station_killed_people_2023": 14.0, "btp_station_nonfatal_cases_2023": 59.0, "btp_station_injuries_2023": 53.0, "btp_station_total_cases_2022": 45.0, "btp_station_fatal_cases_2022": 13.0, "btp_station_total_cases_2021": 54.0, "btp_station_fatal_cases_2021": 8.0 }, "geometry": { "type": "LineString", "coordinates": [ [ 77.627651255102705, 12.917147699869812 ], [ 77.6283946, 12.9169273 ], [ 77.6285971, 12.9168787 ], [ 77.6288171, 12.9168603 ], [ 77.629255, 12.9168241 ] ] } },
{ "type": "Feature", "properties": { "segment_id": "BLR_ORR_159", "corridor_id": "ORR", "corridor_name": "Outer Ring Road (Silk Board to Hebbal)", "road_name": "Sarjapura Road", "road_type": "primary", "segment_length_m": 451.74, "start_lat": 12.908319, "start_lon": 77.691552, "end_lat": 12.907263, "end_lon": 77.695569, "lanes": 3.0, "lane_count_available": 1, "speed_limit_kph": 50.0, "speed_limit_available": 1, "street_lighting": "unverified", "street_lighting_verified": 0, "junction_count": 2, "junction_density_per_km": 4.43, "crossing_count": 4, "bus_stop_count": 0, "btp_station": "H.S.R.Layout Traffic PS", "btp_station_clean_name": "H.S.R.Layout PS", "btp_overlap_ratio": 1.0, "btp_station_total_cases_2023": 99.0, "btp_station_fatal_cases_2023": 25.0, "btp_station_killed_people_2023": 26.0, "btp_station_nonfatal_cases_2023": 74.0, "btp_station_injuries_2023": 90.0, "btp_station_total_cases_2022": 64.0, "btp_station_fatal_cases_2022": 14.0, "btp_station_total_cases_2021": 56.0, "btp_station_fatal_cases_2021": 15.0 }, "geometry": { "type": "LineString", "coordinates": [ [ 77.6915517, 12.9083186 ], [ 77.6917022, 12.9082761 ], [ 77.6922737, 12.9081277 ], [ 77.6924986, 12.9080685 ], [ 77.6925206, 12.908063 ], [ 77.6926567, 12.9080283 ], [ 77.693154, 12.9079042 ], [ 77.6932887, 12.9078716 ], [ 77.6934046, 12.9078398 ], [ 77.6938854, 12.9077215 ], [ 77.6943314, 12.9076129 ], [ 77.6948631, 12.9074762 ], [ 77.6950173, 12.9074331 ], [ 77.6953056, 12.9073447 ], [ 77.6955693, 12.9072635 ] ] } },
{ "type": "Feature", "properties": { "segment_id": "BLR_ORR_160_1", "corridor_id": "ORR", "corridor_name": "Outer Ring Road (Silk Board to Hebbal)", "road_name": "Sarjapura Road", "road_type": "primary", "segment_length_m": 500.0, "start_lat": 12.908236, "start_lon": 77.691529, "end_lat": 12.909645, "end_lon": 77.687162, "lanes": 3.0, "lane_count_available": 1, "speed_limit_kph": 50.0, "speed_limit_available": 1, "street_lighting": "unverified", "street_lighting_verified": 0, "junction_count": 2, "junction_density_per_km": 4.0, "crossing_count": 3, "bus_stop_count": 0, "btp_station": "H.S.R.Layout Traffic PS", "btp_station_clean_name": "H.S.R.Layout PS", "btp_overlap_ratio": 1.0, "btp_station_total_cases_2023": 99.0, "btp_station_fatal_cases_2023": 25.0, "btp_station_killed_people_2023": 26.0, "btp_station_nonfatal_cases_2023": 74.0, "btp_station_injuries_2023": 90.0, "btp_station_total_cases_2022": 64.0, "btp_station_fatal_cases_2022": 14.0, "btp_station_total_cases_2021": 56.0, "btp_station_fatal_cases_2021": 15.0 }, "geometry": { "type": "LineString", "coordinates": [ [ 77.6915293, 12.9082364 ], [ 77.6913156, 12.9083 ], [ 77.6910899, 12.9083564 ], [ 77.6906119, 12.9084777 ], [ 77.6903695, 12.9085356 ], [ 77.690186, 12.9085839 ], [ 77.6899659, 12.9086425 ], [ 77.6898248, 12.9086814 ], [ 77.6897127, 12.9087104 ], [ 77.689409, 12.9087977 ], [ 77.6890212, 12.9089281 ], [ 77.6889348, 12.9089588 ], [ 77.6884409, 12.909146 ], [ 77.6880636, 12.9092948 ], [ 77.6879494, 12.9093356 ], [ 77.6878476, 12.9093764 ], [ 77.687655, 12.9094534 ], [ 77.6875882, 12.9094812 ], [ 77.6874904, 12.90952 ], [ 77.687378, 12.9095637 ], [ 77.6873037, 12.9095901 ], [ 77.68722, 12.9096228 ], [ 77.687162177659246, 12.90964540027894 ] ] } },
{ "type": "Feature", "properties": { "segment_id": "BLR_ORR_160_2", "corridor_id": "ORR", "corridor_name": "Outer Ring Road (Silk Board to Hebbal)", "road_name": "Sarjapura Road", "road_type": "primary", "segment_length_m": 400.78, "start_lat": 12.909645, "start_lon": 77.687162, "end_lat": 12.910997, "end_lon": 77.683739, "lanes": 3.0, "lane_count_available": 1, "speed_limit_kph": 50.0, "speed_limit_available": 1, "street_lighting": "unverified", "street_lighting_verified": 0, "junction_count": 2, "junction_density_per_km": 4.99, "crossing_count": 6, "bus_stop_count": 0, "btp_station": "H.S.R.Layout Traffic PS", "btp_station_clean_name": "H.S.R.Layout PS", "btp_overlap_ratio": 1.0, "btp_station_total_cases_2023": 99.0, "btp_station_fatal_cases_2023": 25.0, "btp_station_killed_people_2023": 26.0, "btp_station_nonfatal_cases_2023": 74.0, "btp_station_injuries_2023": 90.0, "btp_station_total_cases_2022": 64.0, "btp_station_fatal_cases_2022": 14.0, "btp_station_total_cases_2021": 56.0, "btp_station_fatal_cases_2021": 15.0 }, "geometry": { "type": "LineString", "coordinates": [ [ 77.687162177659246, 12.90964540027894 ], [ 77.6871325, 12.909657 ], [ 77.6868601, 12.9097634 ], [ 77.6866814, 12.9098332 ], [ 77.6864215, 12.909938 ], [ 77.6861661, 12.9100399 ], [ 77.6860909, 12.9100679 ], [ 77.6856507, 12.9102543 ], [ 77.6855473, 12.9102976 ], [ 77.6853176, 12.9103891 ], [ 77.6851892, 12.9104403 ], [ 77.6849349, 12.9105369 ], [ 77.6848969, 12.9105511 ], [ 77.6845122, 12.910704 ], [ 77.684103300000018, 12.9108555 ], [ 77.68389, 12.9109424 ], [ 77.6837863, 12.91098 ], [ 77.6837389, 12.9109972 ] ] } },
{ "type": "Feature", "properties": { "segment_id": "BLR_ORR_161", "corridor_id": "ORR", "corridor_name": "Outer Ring Road (Silk Board to Hebbal)", "road_name": "Outer Ring Road", "road_type": "trunk", "segment_length_m": 208.9, "start_lat": 12.924416, "start_lon": 77.673511, "end_lat": 12.923652, "end_lon": 77.671752, "lanes": 3.0, "lane_count_available": 1, "speed_limit_kph": 60.0, "speed_limit_available": 1, "street_lighting": "unverified", "street_lighting_verified": 0, "junction_count": 2, "junction_density_per_km": 9.57, "crossing_count": 0, "bus_stop_count": 1, "btp_station": "H.S.R.Layout Traffic PS", "btp_station_clean_name": "H.S.R.Layout PS", "btp_overlap_ratio": 1.0, "btp_station_total_cases_2023": 99.0, "btp_station_fatal_cases_2023": 25.0, "btp_station_killed_people_2023": 26.0, "btp_station_nonfatal_cases_2023": 74.0, "btp_station_injuries_2023": 90.0, "btp_station_total_cases_2022": 64.0, "btp_station_fatal_cases_2022": 14.0, "btp_station_total_cases_2021": 56.0, "btp_station_fatal_cases_2021": 15.0 }, "geometry": { "type": "LineString", "coordinates": [ [ 77.6735108, 12.9244158 ], [ 77.6727392, 12.924084 ], [ 77.6726685, 12.9240522 ], [ 77.6717518, 12.9236517 ] ] } },
{ "type": "Feature", "properties": { "segment_id": "BLR_HOSUR_001", "corridor_id": "HOSUR", "corridor_name": "Hosur Road / Electronic City (NH 44)", "road_name": "Hosur Road", "road_type": "primary_link", "segment_length_m": 179.94, "start_lat": 12.924564, "start_lon": 77.617992, "end_lat": 12.925979, "end_lon": 77.617191, "lanes": 1.0, "lane_count_available": 1, "speed_limit_kph": 30.0, "speed_limit_available": 1, "street_lighting": "unverified", "street_lighting_verified": 0, "junction_count": 2, "junction_density_per_km": 11.11, "crossing_count": 0, "bus_stop_count": 0, "btp_station": "Madiwala Traffic PS", "btp_station_clean_name": "Madiwala PS", "btp_overlap_ratio": 1.0, "btp_station_total_cases_2023": 73.0, "btp_station_fatal_cases_2023": 14.0, "btp_station_killed_people_2023": 14.0, "btp_station_nonfatal_cases_2023": 59.0, "btp_station_injuries_2023": 53.0, "btp_station_total_cases_2022": 45.0, "btp_station_fatal_cases_2022": 13.0, "btp_station_total_cases_2021": 54.0, "btp_station_fatal_cases_2021": 8.0 }, "geometry": { "type": "LineString", "coordinates": [ [ 77.6179924, 12.9245641 ], [ 77.6179553, 12.9246266 ], [ 77.6176814, 12.9250887 ], [ 77.6173739, 12.9255734 ], [ 77.6172519, 12.9257676 ], [ 77.6171909, 12.925979 ] ] } },
{ "type": "Feature", "properties": { "segment_id": "BLR_HOSUR_002_1", "corridor_id": "HOSUR", "corridor_name": "Hosur Road / Electronic City (NH 44)", "road_name": "Ragigudda-Silk Board Integrated Flyover (u/c) / Silk Board Interchange", "road_type": "primary_link", "segment_length_m": 500.0, "start_lat": 12.916694, "start_lon": 77.628383, "end_lat": 12.917387, "end_lon": 77.623931, "lanes": 2.0, "lane_count_available": 1, "speed_limit_kph": 40.0, "speed_limit_available": 1, "street_lighting": "unverified", "street_lighting_verified": 0, "junction_count": 0, "junction_density_per_km": 0.0, "crossing_count": 0, "bus_stop_count": 0, "btp_station": "H.S.R.Layout Traffic PS", "btp_station_clean_name": "H.S.R.Layout PS", "btp_overlap_ratio": 1.0, "btp_station_total_cases_2023": 99.0, "btp_station_fatal_cases_2023": 25.0, "btp_station_killed_people_2023": 26.0, "btp_station_nonfatal_cases_2023": 74.0, "btp_station_injuries_2023": 90.0, "btp_station_total_cases_2022": 64.0, "btp_station_fatal_cases_2022": 14.0, "btp_station_total_cases_2021": 56.0, "btp_station_fatal_cases_2021": 15.0 }, "geometry": { "type": "LineString", "coordinates": [ [ 77.628383, 12.9166937 ], [ 77.6283003, 12.916725 ], [ 77.6281379, 12.9167864 ], [ 77.6278307, 12.9168859 ], [ 77.6277922, 12.9168983 ], [ 77.626947, 12.917172 ], [ 77.6264843, 12.9173223 ], [ 77.6260552, 12.9174399 ], [ 77.6258647, 12.9174909 ], [ 77.6256676, 12.9175341 ], [ 77.6254316, 12.917555 ], [ 77.6251942, 12.917568 ], [ 77.6249565, 12.917569 ], [ 77.6246532, 12.917538 ], [ 77.623931347730704, 12.917386889585604 ] ] } },
{ "type": "Feature", "properties": { "segment_id": "BLR_HOSUR_002_2", "corridor_id": "HOSUR", "corridor_name": "Hosur Road / Electronic City (NH 44)", "road_name": "Ragigudda-Silk Board Integrated Flyover (u/c) / Silk Board Interchange", "road_type": "primary_link", "segment_length_m": 575.09, "start_lat": 12.917387, "start_lon": 77.623931, "end_lat": 12.916203, "end_lon": 77.61887, "lanes": 2.0, "lane_count_available": 1, "speed_limit_kph": 40.0, "speed_limit_available": 1, "street_lighting": "unverified", "street_lighting_verified": 0, "junction_count": 0, "junction_density_per_km": 0.0, "crossing_count": 0, "bus_stop_count": 0, "btp_station": "Mico layout Traffic PS", "btp_station_clean_name": "Mico layout Bangalore PS", "btp_overlap_ratio": 0.7701, "btp_station_total_cases_2023": 88.0, "btp_station_fatal_cases_2023": 14.0, "btp_station_killed_people_2023": 14.0, "btp_station_nonfatal_cases_2023": 74.0, "btp_station_injuries_2023": 71.0, "btp_station_total_cases_2022": 53.0, "btp_station_fatal_cases_2022": 11.0, "btp_station_total_cases_2021": 70.0, "btp_station_fatal_cases_2021": 9.0 }, "geometry": { "type": "LineString", "coordinates": [ [ 77.623931347730704, 12.917386889585604 ], [ 77.6233596, 12.9172672 ], [ 77.6228183, 12.9169125 ], [ 77.6224551, 12.9168385 ], [ 77.6221146, 12.9167706 ], [ 77.6218727, 12.9166989 ], [ 77.6214669, 12.9165871 ], [ 77.6212047, 12.9165005 ], [ 77.6204783, 12.916274 ], [ 77.620026300000021, 12.9161431 ], [ 77.6188701, 12.9162035 ] ] } },
{ "type": "Feature", "properties": { "segment_id": "BLR_HOSUR_003", "corridor_id": "HOSUR", "corridor_name": "Hosur Road / Electronic City (NH 44)", "road_name": "Hosur Road", "road_type": "primary", "segment_length_m": 214.97, "start_lat": 12.927859, "start_lon": 77.616066, "end_lat": 12.929532, "end_lon": 77.61506, "lanes": 3.0, "lane_count_available": 1, "speed_limit_kph": 60.0, "speed_limit_available": 1, "street_lighting": "unverified", "street_lighting_verified": 0, "junction_count": 2, "junction_density_per_km": 9.3, "crossing_count": 1, "bus_stop_count": 0, "btp_station": "Madiwala Traffic PS", "btp_station_clean_name": "Madiwala PS", "btp_overlap_ratio": 1.0, "btp_station_total_cases_2023": 73.0, "btp_station_fatal_cases_2023": 14.0, "btp_station_killed_people_2023": 14.0, "btp_station_nonfatal_cases_2023": 59.0, "btp_station_injuries_2023": 53.0, "btp_station_total_cases_2022": 45.0, "btp_station_fatal_cases_2022": 13.0, "btp_station_total_cases_2021": 54.0, "btp_station_fatal_cases_2021": 8.0 }, "geometry": { "type": "LineString", "coordinates": [ [ 77.6160664, 12.9278594 ], [ 77.6156751, 12.9284946 ], [ 77.6152112, 12.9292918 ], [ 77.6151599, 12.92938 ], [ 77.6150603, 12.9295316 ] ] } },
{ "type": "Feature", "properties": { "segment_id": "BLR_HOSUR_004_1", "corridor_id": "HOSUR", "corridor_name": "Hosur Road / Electronic City (NH 44)", "road_name": "Hosur Road / Silk Board Flyover", "road_type": "trunk", "segment_length_m": 635.25, "start_lat": 12.919447, "start_lon": 77.621405, "end_lat": 12.914519, "end_lon": 77.624392, "lanes": 2.0, "lane_count_available": 1, "speed_limit_kph": 40.0, "speed_limit_available": 1, "street_lighting": "unverified", "street_lighting_verified": 0, "junction_count": 2, "junction_density_per_km": 3.15, "crossing_count": 0, "bus_stop_count": 0, "btp_station": "H.S.R.Layout Traffic PS", "btp_station_clean_name": "H.S.R.Layout PS", "btp_overlap_ratio": 0.5587, "btp_station_total_cases_2023": 99.0, "btp_station_fatal_cases_2023": 25.0, "btp_station_killed_people_2023": 26.0, "btp_station_nonfatal_cases_2023": 74.0, "btp_station_injuries_2023": 90.0, "btp_station_total_cases_2022": 64.0, "btp_station_fatal_cases_2022": 14.0, "btp_station_total_cases_2021": 56.0, "btp_station_fatal_cases_2021": 15.0 }, "geometry": { "type": "LineString", "coordinates": [ [ 77.6214053, 12.9194475 ], [ 77.6214862, 12.9192766 ], [ 77.6219355, 12.9186638 ], [ 77.6219816, 12.918593 ], [ 77.6223393, 12.9180437 ], [ 77.6228925, 12.9171404 ], [ 77.6240446, 12.9151188 ], [ 77.6242258, 12.9148111 ], [ 77.6243915, 12.9145188 ] ] } },
{ "type": "Feature", "properties": { "segment_id": "BLR_HOSUR_005", "corridor_id": "HOSUR", "corridor_name": "Hosur Road / Electronic City (NH 44)", "road_name": "Hosur Road", "road_type": "trunk", "segment_length_m": 322.61, "start_lat": 12.909699, "start_lon": 77.627357, "end_lat": 12.907231, "end_lon": 77.628929, "lanes": 2.0, "lane_count_available": 1, "speed_limit_kph": 60.0, "speed_limit_available": 1, "street_lighting": "unverified", "street_lighting_verified": 0, "junction_count": 1, "junction_density_per_km": 3.1, "crossing_count": 2, "bus_stop_count": 0, "btp_station": "H.S.R.Layout Traffic PS", "btp_station_clean_name": "H.S.R.Layout PS", "btp_overlap_ratio": 1.0, "btp_station_total_cases_2023": 99.0, "btp_station_fatal_cases_2023": 25.0, "btp_station_killed_people_2023": 26.0, "btp_station_nonfatal_cases_2023": 74.0, "btp_station_injuries_2023": 90.0, "btp_station_total_cases_2022": 64.0, "btp_station_fatal_cases_2022": 14.0, "btp_station_total_cases_2021": 56.0, "btp_station_fatal_cases_2021": 15.0 }, "geometry": { "type": "LineString", "coordinates": [ [ 77.6273567, 12.9096992 ], [ 77.6274519, 12.909603 ], [ 77.6281657, 12.9084947 ], [ 77.6282524, 12.908353 ], [ 77.6285309, 12.9078976 ], [ 77.6289105, 12.9072616 ], [ 77.6289241, 12.9072388 ], [ 77.628929, 12.9072305 ] ] } },
{ "type": "Feature", "properties": { "segment_id": "BLR_HOSUR_008", "corridor_id": "HOSUR", "corridor_name": "Hosur Road / Electronic City (NH 44)", "road_name": "Hosur Road", "road_type": "trunk", "segment_length_m": 440.51, "start_lat": 12.909615, "start_lon": 77.627248, "end_lat": 12.913026, "end_lon": 77.625158, "lanes": 3.0, "lane_count_available": 1, "speed_limit_kph": 60.0, "speed_limit_available": 1, "street_lighting": "unverified", "street_lighting_verified": 0, "junction_count": 2, "junction_density_per_km": 4.54, "crossing_count": 0, "bus_stop_count": 0, "btp_station": "Madiwala Traffic PS", "btp_station_clean_name": "Madiwala PS", "btp_overlap_ratio": 0.9794, "btp_station_total_cases_2023": 73.0, "btp_station_fatal_cases_2023": 14.0, "btp_station_killed_people_2023": 14.0, "btp_station_nonfatal_cases_2023": 59.0, "btp_station_injuries_2023": 53.0, "btp_station_total_cases_2022": 45.0, "btp_station_fatal_cases_2022": 13.0, "btp_station_total_cases_2021": 54.0, "btp_station_fatal_cases_2021": 8.0 }, "geometry": { "type": "LineString", "coordinates": [ [ 77.6272476, 12.9096149 ], [ 77.6270101, 12.9100034 ], [ 77.6261198, 12.9114595 ], [ 77.6251583, 12.913026 ] ] } },
{ "type": "Feature", "properties": { "segment_id": "BLR_HOSUR_009", "corridor_id": "HOSUR", "corridor_name": "Hosur Road / Electronic City (NH 44)", "road_name": "Hosur Road", "road_type": "trunk", "segment_length_m": 171.31, "start_lat": 12.91968, "start_lon": 77.621047, "end_lat": 12.921014, "end_lon": 77.620247, "lanes": 3.0, "lane_count_available": 1, "speed_limit_kph": 60.0, "speed_limit_available": 1, "street_lighting": "unverified", "street_lighting_verified": 0, "junction_count": 2, "junction_density_per_km": 11.67, "crossing_count": 2, "bus_stop_count": 0, "btp_station": "Madiwala Traffic PS", "btp_station_clean_name": "Madiwala PS", "btp_overlap_ratio": 1.0, "btp_station_total_cases_2023": 73.0, "btp_station_fatal_cases_2023": 14.0, "btp_station_killed_people_2023": 14.0, "btp_station_nonfatal_cases_2023": 59.0, "btp_station_injuries_2023": 53.0, "btp_station_total_cases_2022": 45.0, "btp_station_fatal_cases_2022": 13.0, "btp_station_total_cases_2021": 54.0, "btp_station_fatal_cases_2021": 8.0 }, "geometry": { "type": "LineString", "coordinates": [ [ 77.6210467, 12.9196804 ], [ 77.6208506, 12.920006 ], [ 77.6206323, 12.9203687 ], [ 77.6204956, 12.9205958 ], [ 77.6202958, 12.9209276 ], [ 77.6202471, 12.9210144 ] ] } },
{ "type": "Feature", "properties": { "segment_id": "BLR_HOSUR_010", "corridor_id": "HOSUR", "corridor_name": "Hosur Road / Electronic City (NH 44)", "road_name": "Hosur Road", "road_type": "primary_link", "segment_length_m": 106.46, "start_lat": 12.923707, "start_lon": 77.618602, "end_lat": 12.924485, "end_lon": 77.618043, "lanes": 1.0, "lane_count_available": 1, "speed_limit_kph": 30.0, "speed_limit_available": 1, "street_lighting": "unverified", "street_lighting_verified": 0, "junction_count": 2, "junction_density_per_km": 18.79, "crossing_count": 0, "bus_stop_count": 0, "btp_station": "Madiwala Traffic PS", "btp_station_clean_name": "Madiwala PS", "btp_overlap_ratio": 1.0, "btp_station_total_cases_2023": 73.0, "btp_station_fatal_cases_2023": 14.0, "btp_station_killed_people_2023": 14.0, "btp_station_nonfatal_cases_2023": 59.0, "btp_station_injuries_2023": 53.0, "btp_station_total_cases_2022": 45.0, "btp_station_fatal_cases_2022": 13.0, "btp_station_total_cases_2021": 54.0, "btp_station_fatal_cases_2021": 8.0 }, "geometry": { "type": "LineString", "coordinates": [ [ 77.6186023, 12.9237068 ], [ 77.6184827, 12.9237903 ], [ 77.6183551, 12.9239911 ], [ 77.6181099, 12.9243786 ], [ 77.6180982, 12.9243971 ], [ 77.6180426, 12.9244848 ] ] } },
{ "type": "Feature", "properties": { "segment_id": "BLR_HOSUR_011", "corridor_id": "HOSUR", "corridor_name": "Hosur Road / Electronic City (NH 44)", "road_name": "Hosur Road", "road_type": "primary", "segment_length_m": 291.48, "start_lat": 12.92345, "start_lon": 77.618886, "end_lat": 12.92121, "end_lon": 77.620296, "lanes": 2.0, "lane_count_available": 1, "speed_limit_kph": 60.0, "speed_limit_available": 1, "street_lighting": "unverified", "street_lighting_verified": 0, "junction_count": 2, "junction_density_per_km": 6.86, "crossing_count": 2, "bus_stop_count": 0, "btp_station": "Madiwala Traffic PS", "btp_station_clean_name": "Madiwala PS", "btp_overlap_ratio": 1.0, "btp_station_total_cases_2023": 73.0, "btp_station_fatal_cases_2023": 14.0, "btp_station_killed_people_2023": 14.0, "btp_station_nonfatal_cases_2023": 59.0, "btp_station_injuries_2023": 53.0, "btp_station_total_cases_2022": 45.0, "btp_station_fatal_cases_2022": 13.0, "btp_station_total_cases_2021": 54.0, "btp_station_fatal_cases_2021": 8.0 }, "geometry": { "type": "LineString", "coordinates": [ [ 77.6188855, 12.9234501 ], [ 77.6189926, 12.9232773 ], [ 77.6193219, 12.9227458 ], [ 77.6195407, 12.9224033 ], [ 77.6197926, 12.9220184 ], [ 77.6202103, 12.9213448 ], [ 77.6202306, 12.9213128 ], [ 77.6202544, 12.9212751 ], [ 77.6202708, 12.9212494 ], [ 77.6202961, 12.9212099 ] ] } },
{ "type": "Feature", "properties": { "segment_id": "BLR_HOSUR_012", "corridor_id": "HOSUR", "corridor_name": "Hosur Road / Electronic City (NH 44)", "road_name": "Hosur Road", "road_type": "trunk", "segment_length_m": 324.77, "start_lat": 12.896905, "start_lon": 77.635235, "end_lat": 12.894396, "end_lon": 77.636785, "lanes": 3.0, "lane_count_available": 1, "speed_limit_kph": 60.0, "speed_limit_available": 1, "street_lighting": "unverified", "street_lighting_verified": 0, "junction_count": 2, "junction_density_per_km": 6.16, "crossing_count": 0, "bus_stop_count": 0, "btp_station": "Electronic City Traffic PS", "btp_station_clean_name": "Electronic City PS", "btp_overlap_ratio": 1.0, "btp_station_total_cases_2023": 196.0, "btp_station_fatal_cases_2023": 38.0, "btp_station_killed_people_2023": 39.0, "btp_station_nonfatal_cases_2023": 158.0, "btp_station_injuries_2023": 171.0, "btp_station_total_cases_2022": 139.0, "btp_station_fatal_cases_2022": 26.0, "btp_station_total_cases_2021": 129.0, "btp_station_fatal_cases_2021": 27.0 }, "geometry": { "type": "LineString", "coordinates": [ [ 77.6352355, 12.8969046 ], [ 77.6354819, 12.8965116 ], [ 77.6356414, 12.8962473 ], [ 77.6358012, 12.8959959 ], [ 77.6363039, 12.8951838 ], [ 77.6367425, 12.8944658 ], [ 77.6367854, 12.8943956 ] ] } },
{ "type": "Feature", "properties": { "segment_id": "BLR_HOSUR_013", "corridor_id": "HOSUR", "corridor_name": "Hosur Road / Electronic City (NH 44)", "road_name": "Hosur Road", "road_type": "primary", "segment_length_m": 241.32, "start_lat": 12.925979, "start_lon": 77.617191, "end_lat": 12.927859, "end_lon": 77.616066, "lanes": 4.0, "lane_count_available": 1, "speed_limit_kph": 60.0, "speed_limit_available": 1, "street_lighting": "unverified", "street_lighting_verified": 0, "junction_count": 2, "junction_density_per_km": 8.29, "crossing_count": 0, "bus_stop_count": 0, "btp_station": "Madiwala Traffic PS", "btp_station_clean_name": "Madiwala PS", "btp_overlap_ratio": 1.0, "btp_station_total_cases_2023": 73.0, "btp_station_fatal_cases_2023": 14.0, "btp_station_killed_people_2023": 14.0, "btp_station_nonfatal_cases_2023": 59.0, "btp_station_injuries_2023": 53.0, "btp_station_total_cases_2022": 45.0, "btp_station_fatal_cases_2022": 13.0, "btp_station_total_cases_2021": 54.0, "btp_station_fatal_cases_2021": 8.0 }, "geometry": { "type": "LineString", "coordinates": [ [ 77.6171909, 12.925979 ], [ 77.617103, 12.9261271 ], [ 77.616588, 12.9269951 ], [ 77.6160664, 12.9278594 ] ] } },
{ "type": "Feature", "properties": { "segment_id": "BLR_HOSUR_014_1", "corridor_id": "HOSUR", "corridor_name": "Hosur Road / Electronic City (NH 44)", "road_name": "Electronic City Flyover", "road_type": "motorway", "segment_length_m": 500.0, "start_lat": 12.852386, "start_lon": 77.667198, "end_lat": 12.855941, "end_lon": 77.664359, "lanes": 2.0, "lane_count_available": 1, "speed_limit_kph": 40.0, "speed_limit_available": 1, "street_lighting": "unverified", "street_lighting_verified": 0, "junction_count": 1, "junction_density_per_km": 2.0, "crossing_count": 0, "bus_stop_count": 0, "btp_station": "Electronic City Traffic PS", "btp_station_clean_name": "Electronic City PS", "btp_overlap_ratio": 1.0, "btp_station_total_cases_2023": 196.0, "btp_station_fatal_cases_2023": 38.0, "btp_station_killed_people_2023": 39.0, "btp_station_nonfatal_cases_2023": 158.0, "btp_station_injuries_2023": 171.0, "btp_station_total_cases_2022": 139.0, "btp_station_fatal_cases_2022": 26.0, "btp_station_total_cases_2021": 129.0, "btp_station_fatal_cases_2021": 27.0 }, "geometry": { "type": "LineString", "coordinates": [ [ 77.667198, 12.8523861 ], [ 77.6660868, 12.8537852 ], [ 77.665718, 12.8542525 ], [ 77.6648472, 12.8553562 ], [ 77.6646906, 12.8555459 ], [ 77.664358512784531, 12.855940897944569 ] ] } },
{ "type": "Feature", "properties": { "segment_id": "BLR_HOSUR_014_2", "corridor_id": "HOSUR", "corridor_name": "Hosur Road / Electronic City (NH 44)", "road_name": "Electronic City Flyover", "road_type": "motorway", "segment_length_m": 500.0, "start_lat": 12.855941, "start_lon": 77.664359, "end_lat": 12.859515, "end_lon": 77.661544, "lanes": 2.0, "lane_count_available": 1, "speed_limit_kph": 40.0, "speed_limit_available": 1, "street_lighting": "unverified", "street_lighting_verified": 0, "junction_count": 1, "junction_density_per_km": 2.0, "crossing_count": 0, "bus_stop_count": 0, "btp_station": "Electronic City Traffic PS", "btp_station_clean_name": "Electronic City PS", "btp_overlap_ratio": 1.0, "btp_station_total_cases_2023": 196.0, "btp_station_fatal_cases_2023": 38.0, "btp_station_killed_people_2023": 39.0, "btp_station_nonfatal_cases_2023": 158.0, "btp_station_injuries_2023": 171.0, "btp_station_total_cases_2022": 139.0, "btp_station_fatal_cases_2022": 26.0, "btp_station_total_cases_2021": 129.0, "btp_station_fatal_cases_2021": 27.0 }, "geometry": { "type": "LineString", "coordinates": [ [ 77.664358512784531, 12.855940897944569 ], [ 77.6641168, 12.8562284 ], [ 77.6634588, 12.8570598 ], [ 77.6622258, 12.8586685 ], [ 77.661544095143526, 12.85951463047698 ] ] } },
{ "type": "Feature", "properties": { "segment_id": "BLR_HOSUR_014_3", "corridor_id": "HOSUR", "corridor_name": "Hosur Road / Electronic City (NH 44)", "road_name": "Electronic City Flyover", "road_type": "motorway", "segment_length_m": 500.0, "start_lat": 12.859515, "start_lon": 77.661544, "end_lat": 12.863076, "end_lon": 77.658712, "lanes": 2.0, "lane_count_available": 1, "speed_limit_kph": 40.0, "speed_limit_available": 1, "street_lighting": "unverified", "street_lighting_verified": 0, "junction_count": 1, "junction_density_per_km": 2.0, "crossing_count": 0, "bus_stop_count": 0, "btp_station": "Electronic City Traffic PS", "btp_station_clean_name": "Electronic City PS", "btp_overlap_ratio": 1.0, "btp_station_total_cases_2023": 196.0, "btp_station_fatal_cases_2023": 38.0, "btp_station_killed_people_2023": 39.0, "btp_station_nonfatal_cases_2023": 158.0, "btp_station_injuries_2023": 171.0, "btp_station_total_cases_2022": 139.0, "btp_station_fatal_cases_2022": 26.0, "btp_station_total_cases_2021": 129.0, "btp_station_fatal_cases_2021": 27.0 }, "geometry": { "type": "LineString", "coordinates": [ [ 77.661544095143526, 12.85951463047698 ], [ 77.6609625, 12.8602365 ], [ 77.6598751, 12.8616011 ], [ 77.658712152714486, 12.863075555070385 ] ] } },
{ "type": "Feature", "properties": { "segment_id": "BLR_HOSUR_014_4", "corridor_id": "HOSUR", "corridor_name": "Hosur Road / Electronic City (NH 44)", "road_name": "Electronic City Flyover", "road_type": "motorway", "segment_length_m": 500.0, "start_lat": 12.863076, "start_lon": 77.658712, "end_lat": 12.866636, "end_lon": 77.65588, "lanes": 2.0, "lane_count_available": 1, "speed_limit_kph": 40.0, "speed_limit_available": 1, "street_lighting": "unverified", "street_lighting_verified": 0, "junction_count": 1, "junction_density_per_km": 2.0, "crossing_count": 0, "bus_stop_count": 0, "btp_station": "Electronic City Traffic PS", "btp_station_clean_name": "Electronic City PS", "btp_overlap_ratio": 1.0, "btp_station_total_cases_2023": 196.0, "btp_station_fatal_cases_2023": 38.0, "btp_station_killed_people_2023": 39.0, "btp_station_nonfatal_cases_2023": 158.0, "btp_station_injuries_2023": 171.0, "btp_station_total_cases_2022": 139.0, "btp_station_fatal_cases_2022": 26.0, "btp_station_total_cases_2021": 129.0, "btp_station_fatal_cases_2021": 27.0 }, "geometry": { "type": "LineString", "coordinates": [ [ 77.658712152714486, 12.863075555070385 ], [ 77.658076, 12.8638821 ], [ 77.6563844, 12.8660037 ], [ 77.655879940568326, 12.866636345066398 ] ] } },
{ "type": "Feature", "properties": { "segment_id": "BLR_HOSUR_014_5", "corridor_id": "HOSUR", "corridor_name": "Hosur Road / Electronic City (NH 44)", "road_name": "Electronic City Flyover", "road_type": "motorway", "segment_length_m": 500.0, "start_lat": 12.866636, "start_lon": 77.65588, "end_lat": 12.870204, "end_lon": 77.653057, "lanes": 2.0, "lane_count_available": 1, "speed_limit_kph": 40.0, "speed_limit_available": 1, "street_lighting": "unverified", "street_lighting_verified": 0, "junction_count": 1, "junction_density_per_km": 2.0, "crossing_count": 0, "bus_stop_count": 0, "btp_station": "Electronic City Traffic PS", "btp_station_clean_name": "Electronic City PS", "btp_overlap_ratio": 1.0, "btp_station_total_cases_2023": 196.0, "btp_station_fatal_cases_2023": 38.0, "btp_station_killed_people_2023": 39.0, "btp_station_nonfatal_cases_2023": 158.0, "btp_station_injuries_2023": 171.0, "btp_station_total_cases_2022": 139.0, "btp_station_fatal_cases_2022": 26.0, "btp_station_total_cases_2021": 129.0, "btp_station_fatal_cases_2021": 27.0 }, "geometry": { "type": "LineString", "coordinates": [ [ 77.655879940568326, 12.866636345066398 ], [ 77.6554214, 12.8672114 ], [ 77.6531186, 12.8701257 ], [ 77.653056983077846, 12.870204249727834 ] ] } },
{ "type": "Feature", "properties": { "segment_id": "BLR_HOSUR_014_6", "corridor_id": "HOSUR", "corridor_name": "Hosur Road / Electronic City (NH 44)", "road_name": "Electronic City Flyover", "road_type": "motorway", "segment_length_m": 500.0, "start_lat": 12.870204, "start_lon": 77.653057, "end_lat": 12.87375, "end_lon": 77.650207, "lanes": 2.0, "lane_count_available": 1, "speed_limit_kph": 40.0, "speed_limit_available": 1, "street_lighting": "unverified", "street_lighting_verified": 0, "junction_count": 1, "junction_density_per_km": 2.0, "crossing_count": 0, "bus_stop_count": 0, "btp_station": "Electronic City Traffic PS", "btp_station_clean_name": "Electronic City PS", "btp_overlap_ratio": 1.0, "btp_station_total_cases_2023": 196.0, "btp_station_fatal_cases_2023": 38.0, "btp_station_killed_people_2023": 39.0, "btp_station_nonfatal_cases_2023": 158.0, "btp_station_injuries_2023": 171.0, "btp_station_total_cases_2022": 139.0, "btp_station_fatal_cases_2022": 26.0, "btp_station_total_cases_2021": 129.0, "btp_station_fatal_cases_2021": 27.0 }, "geometry": { "type": "LineString", "coordinates": [ [ 77.653056983077846, 12.870204249727834 ], [ 77.6510374, 12.8727788 ], [ 77.6508845, 12.8729694 ], [ 77.6507299, 12.8731544 ], [ 77.6504208, 12.8735164 ], [ 77.6502581, 12.8736949 ], [ 77.650207421231769, 12.87375041328561 ] ] } },
{ "type": "Feature", "properties": { "segment_id": "BLR_HOSUR_014_7", "corridor_id": "HOSUR", "corridor_name": "Hosur Road / Electronic City (NH 44)", "road_name": "Electronic City Flyover", "road_type": "motorway", "segment_length_m": 500.0, "start_lat": 12.87375, "start_lon": 77.650207, "end_lat": 12.877201, "end_lon": 77.647242, "lanes": 2.0, "lane_count_available": 1, "speed_limit_kph": 40.0, "speed_limit_available": 1, "street_lighting": "unverified", "street_lighting_verified": 0, "junction_count": 1, "junction_density_per_km": 2.0, "crossing_count": 0, "bus_stop_count": 0, "btp_station": "Hulimavu Traffic PS", "btp_station_clean_name": "Hulimavu PS", "btp_overlap_ratio": 0.712, "btp_station_total_cases_2023": 108.0, "btp_station_fatal_cases_2023": 16.0, "btp_station_killed_people_2023": 16.0, "btp_station_nonfatal_cases_2023": 92.0, "btp_station_injuries_2023": 117.0, "btp_station_total_cases_2022": null, "btp_station_fatal_cases_2022": null, "btp_station_total_cases_2021": null, "btp_station_fatal_cases_2021": null }, "geometry": { "type": "LineString", "coordinates": [ [ 77.650207421231769, 12.87375041328561 ], [ 77.6501061, 12.8738614 ], [ 77.6498086, 12.8741943 ], [ 77.6495046, 12.8745256 ], [ 77.6493194, 12.8747336 ], [ 77.649131, 12.8749377 ], [ 77.6487884, 12.8753178 ], [ 77.647718500000011, 12.8765491 ], [ 77.6473108, 12.8770943 ], [ 77.647242126590115, 12.877200931079244 ] ] } },
{ "type": "Feature", "properties": { "segment_id": "BLR_HOSUR_014_8", "corridor_id": "HOSUR", "corridor_name": "Hosur Road / Electronic City (NH 44)", "road_name": "Electronic City Flyover", "road_type": "motorway", "segment_length_m": 500.0, "start_lat": 12.877201, "start_lon": 77.647242, "end_lat": 12.88106, "end_lon": 77.644851, "lanes": 2.0, "lane_count_available": 1, "speed_limit_kph": 40.0, "speed_limit_available": 1, "street_lighting": "unverified", "street_lighting_verified": 0, "junction_count": 1, "junction_density_per_km": 2.0, "crossing_count": 0, "bus_stop_count": 0, "btp_station": "Hulimavu Traffic PS", "btp_station_clean_name": "Hulimavu PS", "btp_overlap_ratio": 1.0, "btp_station_total_cases_2023": 108.0, "btp_station_fatal_cases_2023": 16.0, "btp_station_killed_people_2023": 16.0, "btp_station_nonfatal_cases_2023": 92.0, "btp_station_injuries_2023": 117.0, "btp_station_total_cases_2022": null, "btp_station_fatal_cases_2022": null, "btp_station_total_cases_2021": null, "btp_station_fatal_cases_2021": null }, "geometry": { "type": "LineString", "coordinates": [ [ 77.647242126590115, 12.877200931079244 ], [ 77.646793, 12.8778983 ], [ 77.644850541848569, 12.881060292704522 ] ] } },
{ "type": "Feature", "properties": { "segment_id": "BLR_HOSUR_014_9", "corridor_id": "HOSUR", "corridor_name": "Hosur Road / Electronic City (NH 44)", "road_name": "Electronic City Flyover", "road_type": "motorway", "segment_length_m": 500.0, "start_lat": 12.88106, "start_lon": 77.644851, "end_lat": 12.884929, "end_lon": 77.642474, "lanes": 2.0, "lane_count_available": 1, "speed_limit_kph": 40.0, "speed_limit_available": 1, "street_lighting": "unverified", "street_lighting_verified": 0, "junction_count": 1, "junction_density_per_km": 2.0, "crossing_count": 0, "bus_stop_count": 0, "btp_station": "Hulimavu Traffic PS", "btp_station_clean_name": "Hulimavu PS", "btp_overlap_ratio": 1.0, "btp_station_total_cases_2023": 108.0, "btp_station_fatal_cases_2023": 16.0, "btp_station_killed_people_2023": 16.0, "btp_station_nonfatal_cases_2023": 92.0, "btp_station_injuries_2023": 117.0, "btp_station_total_cases_2022": null, "btp_station_fatal_cases_2022": null, "btp_station_total_cases_2021": null, "btp_station_fatal_cases_2021": null }, "geometry": { "type": "LineString", "coordinates": [ [ 77.644850541848569, 12.881060292704522 ], [ 77.642852, 12.8843135 ], [ 77.642473977676246, 12.884928780899038 ] ] } },
{ "type": "Feature", "properties": { "segment_id": "BLR_HOSUR_014_10", "corridor_id": "HOSUR", "corridor_name": "Hosur Road / Electronic City (NH 44)", "road_name": "Electronic City Flyover", "road_type": "motorway", "segment_length_m": 500.0, "start_lat": 12.884929, "start_lon": 77.642474, "end_lat": 12.888796, "end_lon": 77.640096, "lanes": 2.0, "lane_count_available": 1, "speed_limit_kph": 40.0, "speed_limit_available": 1, "street_lighting": "unverified", "street_lighting_verified": 0, "junction_count": 1, "junction_density_per_km": 2.0, "crossing_count": 0, "bus_stop_count": 0, "btp_station": "Hulimavu Traffic PS", "btp_station_clean_name": "Hulimavu PS", "btp_overlap_ratio": 1.0, "btp_station_total_cases_2023": 108.0, "btp_station_fatal_cases_2023": 16.0, "btp_station_killed_people_2023": 16.0, "btp_station_nonfatal_cases_2023": 92.0, "btp_station_injuries_2023": 117.0, "btp_station_total_cases_2022": null, "btp_station_fatal_cases_2022": null, "btp_station_total_cases_2021": null, "btp_station_fatal_cases_2021": null }, "geometry": { "type": "LineString", "coordinates": [ [ 77.642473977676246, 12.884928780899038 ], [ 77.6423815, 12.8850793 ], [ 77.6412187, 12.8869721 ], [ 77.640095751126111, 12.888796315423937 ] ] } },
{ "type": "Feature", "properties": { "segment_id": "BLR_HOSUR_014_11", "corridor_id": "HOSUR", "corridor_name": "Hosur Road / Electronic City (NH 44)", "road_name": "Electronic City Flyover", "road_type": "motorway", "segment_length_m": 500.0, "start_lat": 12.888796, "start_lon": 77.640096, "end_lat": 12.892663, "end_lon": 77.637716, "lanes": 2.0, "lane_count_available": 1, "speed_limit_kph": 40.0, "speed_limit_available": 1, "street_lighting": "unverified", "street_lighting_verified": 0, "junction_count": 1, "junction_density_per_km": 2.0, "crossing_count": 0, "bus_stop_count": 0, "btp_station": "Hulimavu Traffic PS", "btp_station_clean_name": "Hulimavu PS", "btp_overlap_ratio": 1.0, "btp_station_total_cases_2023": 108.0, "btp_station_fatal_cases_2023": 16.0, "btp_station_killed_people_2023": 16.0, "btp_station_nonfatal_cases_2023": 92.0, "btp_station_injuries_2023": 117.0, "btp_station_total_cases_2022": null, "btp_station_fatal_cases_2022": null, "btp_station_total_cases_2021": null, "btp_station_fatal_cases_2021": null }, "geometry": { "type": "LineString", "coordinates": [ [ 77.640095751126111, 12.888796315423937 ], [ 77.6383252, 12.8916725 ], [ 77.637715794094561, 12.89266285609547 ] ] } },
{ "type": "Feature", "properties": { "segment_id": "BLR_HOSUR_014_12", "corridor_id": "HOSUR", "corridor_name": "Hosur Road / Electronic City (NH 44)", "road_name": "Electronic City Flyover", "road_type": "motorway", "segment_length_m": 500.0, "start_lat": 12.892663, "start_lon": 77.637716, "end_lat": 12.896528, "end_lon": 77.635334, "lanes": 2.0, "lane_count_available": 1, "speed_limit_kph": 40.0, "speed_limit_available": 1, "street_lighting": "unverified", "street_lighting_verified": 0, "junction_count": 1, "junction_density_per_km": 2.0, "crossing_count": 0, "bus_stop_count": 0, "btp_station": "Electronic City Traffic PS", "btp_station_clean_name": "Electronic City PS", "btp_overlap_ratio": 0.5698, "btp_station_total_cases_2023": 196.0, "btp_station_fatal_cases_2023": 38.0, "btp_station_killed_people_2023": 39.0, "btp_station_nonfatal_cases_2023": 158.0, "btp_station_injuries_2023": 171.0, "btp_station_total_cases_2022": 139.0, "btp_station_fatal_cases_2022": 26.0, "btp_station_total_cases_2021": 129.0, "btp_station_fatal_cases_2021": 27.0 }, "geometry": { "type": "LineString", "coordinates": [ [ 77.637715794094561, 12.89266285609547 ], [ 77.6376842, 12.8927142 ], [ 77.6361018, 12.8952859 ], [ 77.635333976154158, 12.896528322008038 ] ] } },
{ "type": "Feature", "properties": { "segment_id": "BLR_HOSUR_014_13", "corridor_id": "HOSUR", "corridor_name": "Hosur Road / Electronic City (NH 44)", "road_name": "Electronic City Flyover", "road_type": "motorway", "segment_length_m": 500.0, "start_lat": 12.896528, "start_lon": 77.635334, "end_lat": 12.900405, "end_lon": 77.632971, "lanes": 2.0, "lane_count_available": 1, "speed_limit_kph": 40.0, "speed_limit_available": 1, "street_lighting": "unverified", "street_lighting_verified": 0, "junction_count": 1, "junction_density_per_km": 2.0, "crossing_count": 0, "bus_stop_count": 0, "btp_station": "Madiwala Traffic PS", "btp_station_clean_name": "Madiwala PS", "btp_overlap_ratio": 0.6511, "btp_station_total_cases_2023": 73.0, "btp_station_fatal_cases_2023": 14.0, "btp_station_killed_people_2023": 14.0, "btp_station_nonfatal_cases_2023": 59.0, "btp_station_injuries_2023": 53.0, "btp_station_total_cases_2022": 45.0, "btp_station_fatal_cases_2022": 13.0, "btp_station_total_cases_2021": 54.0, "btp_station_fatal_cases_2021": 8.0 }, "geometry": { "type": "LineString", "coordinates": [ [ 77.635333976154158, 12.896528322008038 ], [ 77.6346378, 12.8976548 ], [ 77.6330387, 12.9002933 ], [ 77.632970746743766, 12.90040474479652 ] ] } },
{ "type": "Feature", "properties": { "segment_id": "BLR_HOSUR_014_14", "corridor_id": "HOSUR", "corridor_name": "Hosur Road / Electronic City (NH 44)", "road_name": "Electronic City Flyover", "road_type": "motorway", "segment_length_m": 500.0, "start_lat": 12.900405, "start_lon": 77.632971, "end_lat": 12.904272, "end_lon": 77.630591, "lanes": 2.0, "lane_count_available": 1, "speed_limit_kph": 40.0, "speed_limit_available": 1, "street_lighting": "unverified", "street_lighting_verified": 0, "junction_count": 1, "junction_density_per_km": 2.0, "crossing_count": 0, "bus_stop_count": 0, "btp_station": "Electronic City Traffic PS", "btp_station_clean_name": "Electronic City PS", "btp_overlap_ratio": 1.0, "btp_station_total_cases_2023": 196.0, "btp_station_fatal_cases_2023": 38.0, "btp_station_killed_people_2023": 39.0, "btp_station_nonfatal_cases_2023": 158.0, "btp_station_injuries_2023": 171.0, "btp_station_total_cases_2022": 139.0, "btp_station_fatal_cases_2022": 26.0, "btp_station_total_cases_2021": 129.0, "btp_station_fatal_cases_2021": 27.0 }, "geometry": { "type": "LineString", "coordinates": [ [ 77.632970746743766, 12.90040474479652 ], [ 77.6325784, 12.9010482 ], [ 77.6323896, 12.9013577 ], [ 77.6323479, 12.9014258 ], [ 77.6318032, 12.9023158 ], [ 77.6316213, 12.9026148 ], [ 77.63059139950478, 12.904271695874195 ] ] } },
{ "type": "Feature", "properties": { "segment_id": "BLR_HOSUR_014_15", "corridor_id": "HOSUR", "corridor_name": "Hosur Road / Electronic City (NH 44)", "road_name": "Electronic City Flyover", "road_type": "motorway", "segment_length_m": 500.0, "start_lat": 12.904272, "start_lon": 77.630591, "end_lat": 12.908132, "end_lon": 77.628201, "lanes": 2.0, "lane_count_available": 1, "speed_limit_kph": 40.0, "speed_limit_available": 1, "street_lighting": "unverified", "street_lighting_verified": 0, "junction_count": 1, "junction_density_per_km": 2.0, "crossing_count": 2, "bus_stop_count": 0, "btp_station": "Madiwala Traffic PS", "btp_station_clean_name": "Madiwala PS", "btp_overlap_ratio": 0.8482, "btp_station_total_cases_2023": 73.0, "btp_station_fatal_cases_2023": 14.0, "btp_station_killed_people_2023": 14.0, "btp_station_nonfatal_cases_2023": 59.0, "btp_station_injuries_2023": 53.0, "btp_station_total_cases_2022": 45.0, "btp_station_fatal_cases_2022": 13.0, "btp_station_total_cases_2021": 54.0, "btp_station_fatal_cases_2021": 8.0 }, "geometry": { "type": "LineString", "coordinates": [ [ 77.63059139950478, 12.904271695874195 ], [ 77.6286187, 12.9074453 ], [ 77.6283396, 12.9079036 ], [ 77.628200577610116, 12.908131870703713 ] ] } },
{ "type": "Feature", "properties": { "segment_id": "BLR_HOSUR_014_16", "corridor_id": "HOSUR", "corridor_name": "Hosur Road / Electronic City (NH 44)", "road_name": "Electronic City Flyover", "road_type": "motorway", "segment_length_m": 194.26, "start_lat": 12.908132, "start_lon": 77.628201, "end_lat": 12.909615, "end_lon": 77.627248, "lanes": 2.0, "lane_count_available": 1, "speed_limit_kph": 40.0, "speed_limit_available": 1, "street_lighting": "unverified", "street_lighting_verified": 0, "junction_count": 1, "junction_density_per_km": 5.15, "crossing_count": 0, "bus_stop_count": 0, "btp_station": "Madiwala Traffic PS", "btp_station_clean_name": "Madiwala PS", "btp_overlap_ratio": 1.0, "btp_station_total_cases_2023": 73.0, "btp_station_fatal_cases_2023": 14.0, "btp_station_killed_people_2023": 14.0, "btp_station_nonfatal_cases_2023": 59.0, "btp_station_injuries_2023": 53.0, "btp_station_total_cases_2022": 45.0, "btp_station_fatal_cases_2022": 13.0, "btp_station_total_cases_2021": 54.0, "btp_station_fatal_cases_2021": 8.0 }, "geometry": { "type": "LineString", "coordinates": [ [ 77.628200577610116, 12.908131870703713 ], [ 77.6275003, 12.9092817 ], [ 77.6274877, 12.9093025 ], [ 77.6272476, 12.9096149 ] ] } },
{ "type": "Feature", "properties": { "segment_id": "BLR_HOSUR_015", "corridor_id": "HOSUR", "corridor_name": "Hosur Road / Electronic City (NH 44)", "road_name": "Hosur Road", "road_type": "trunk", "segment_length_m": 448.98, "start_lat": 12.890843, "start_lon": 77.63878, "end_lat": 12.894315, "end_lon": 77.636643, "lanes": 3.0, "lane_count_available": 1, "speed_limit_kph": 60.0, "speed_limit_available": 1, "street_lighting": "unverified", "street_lighting_verified": 0, "junction_count": 2, "junction_density_per_km": 4.45, "crossing_count": 0, "bus_stop_count": 0, "btp_station": "Hulimavu Traffic PS", "btp_station_clean_name": "Hulimavu PS", "btp_overlap_ratio": 0.9574, "btp_station_total_cases_2023": 108.0, "btp_station_fatal_cases_2023": 16.0, "btp_station_killed_people_2023": 16.0, "btp_station_nonfatal_cases_2023": 92.0, "btp_station_injuries_2023": 117.0, "btp_station_total_cases_2022": null, "btp_station_fatal_cases_2022": null, "btp_station_total_cases_2021": null, "btp_station_fatal_cases_2021": null }, "geometry": { "type": "LineString", "coordinates": [ [ 77.63878, 12.8908426 ], [ 77.6377128, 12.8925608 ], [ 77.6369784, 12.8937647 ], [ 77.6366853, 12.8942451 ], [ 77.6366429, 12.8943146 ] ] } },
{ "type": "Feature", "properties": { "segment_id": "BLR_HOSUR_016", "corridor_id": "HOSUR", "corridor_name": "Hosur Road / Electronic City (NH 44)", "road_name": "Hosur Road", "road_type": "trunk", "segment_length_m": 570.57, "start_lat": 12.902643, "start_lon": 77.631517, "end_lat": 12.907053, "end_lon": 77.628799, "lanes": 3.0, "lane_count_available": 1, "speed_limit_kph": 60.0, "speed_limit_available": 1, "street_lighting": "unverified", "street_lighting_verified": 0, "junction_count": 2, "junction_density_per_km": 3.51, "crossing_count": 2, "bus_stop_count": 0, "btp_station": "Madiwala Traffic PS", "btp_station_clean_name": "Madiwala PS", "btp_overlap_ratio": 1.0, "btp_station_total_cases_2023": 73.0, "btp_station_fatal_cases_2023": 14.0, "btp_station_killed_people_2023": 14.0, "btp_station_nonfatal_cases_2023": 59.0, "btp_station_injuries_2023": 53.0, "btp_station_total_cases_2022": 45.0, "btp_station_fatal_cases_2022": 13.0, "btp_station_total_cases_2021": 54.0, "btp_station_fatal_cases_2021": 8.0 }, "geometry": { "type": "LineString", "coordinates": [ [ 77.6315171, 12.9026427 ], [ 77.6299112, 12.9052507 ], [ 77.6288825, 12.9069175 ], [ 77.6287986, 12.9070535 ] ] } },
{ "type": "Feature", "properties": { "segment_id": "BLR_HOSUR_017", "corridor_id": "HOSUR", "corridor_name": "Hosur Road / Electronic City (NH 44)", "road_name": "Hosur Road", "road_type": "trunk", "segment_length_m": 511.71, "start_lat": 12.902726, "start_lon": 77.631661, "end_lat": 12.898763, "end_lon": 77.634086, "lanes": 3.0, "lane_count_available": 1, "speed_limit_kph": 80.0, "speed_limit_available": 1, "street_lighting": "unverified", "street_lighting_verified": 0, "junction_count": 2, "junction_density_per_km": 3.91, "crossing_count": 0, "bus_stop_count": 0, "btp_station": "Electronic City Traffic PS", "btp_station_clean_name": "Electronic City PS", "btp_overlap_ratio": 1.0, "btp_station_total_cases_2023": 196.0, "btp_station_fatal_cases_2023": 38.0, "btp_station_killed_people_2023": 39.0, "btp_station_nonfatal_cases_2023": 158.0, "btp_station_injuries_2023": 171.0, "btp_station_total_cases_2022": 139.0, "btp_station_fatal_cases_2022": 26.0, "btp_station_total_cases_2021": 129.0, "btp_station_fatal_cases_2021": 27.0 }, "geometry": { "type": "LineString", "coordinates": [ [ 77.6316607, 12.9027259 ], [ 77.6340858, 12.8987625 ] ] } },
{ "type": "Feature", "properties": { "segment_id": "BLR_HOSUR_018", "corridor_id": "HOSUR", "corridor_name": "Hosur Road / Electronic City (NH 44)", "road_name": "Hosur Road", "road_type": "trunk", "segment_length_m": 217.52, "start_lat": 12.85493, "start_lon": 77.665339, "end_lat": 12.853373, "end_lon": 77.66656, "lanes": 3.0, "lane_count_available": 1, "speed_limit_kph": 80.0, "speed_limit_available": 1, "street_lighting": "unverified", "street_lighting_verified": 0, "junction_count": 2, "junction_density_per_km": 9.19, "crossing_count": 0, "bus_stop_count": 0, "btp_station": "Electronic City Traffic PS", "btp_station_clean_name": "Electronic City PS", "btp_overlap_ratio": 1.0, "btp_station_total_cases_2023": 196.0, "btp_station_fatal_cases_2023": 38.0, "btp_station_killed_people_2023": 39.0, "btp_station_nonfatal_cases_2023": 158.0, "btp_station_injuries_2023": 171.0, "btp_station_total_cases_2022": 139.0, "btp_station_fatal_cases_2022": 26.0, "btp_station_total_cases_2021": 129.0, "btp_station_fatal_cases_2021": 27.0 }, "geometry": { "type": "LineString", "coordinates": [ [ 77.6653385, 12.85493 ], [ 77.6664764, 12.8534777 ], [ 77.6665596, 12.8533726 ] ] } },
{ "type": "Feature", "properties": { "segment_id": "BLR_HOSUR_019", "corridor_id": "HOSUR", "corridor_name": "Hosur Road / Electronic City (NH 44)", "road_name": "Hosur Road", "road_type": "trunk", "segment_length_m": 240.6, "start_lat": 12.898763, "start_lon": 77.634086, "end_lat": 12.896905, "end_lon": 77.635235, "lanes": 3.0, "lane_count_available": 1, "speed_limit_kph": 60.0, "speed_limit_available": 1, "street_lighting": "unverified", "street_lighting_verified": 0, "junction_count": 2, "junction_density_per_km": 8.31, "crossing_count": 0, "bus_stop_count": 0, "btp_station": "Electronic City Traffic PS", "btp_station_clean_name": "Electronic City PS", "btp_overlap_ratio": 1.0, "btp_station_total_cases_2023": 196.0, "btp_station_fatal_cases_2023": 38.0, "btp_station_killed_people_2023": 39.0, "btp_station_nonfatal_cases_2023": 158.0, "btp_station_injuries_2023": 171.0, "btp_station_total_cases_2022": 139.0, "btp_station_fatal_cases_2022": 26.0, "btp_station_total_cases_2021": 129.0, "btp_station_fatal_cases_2021": 27.0 }, "geometry": { "type": "LineString", "coordinates": [ [ 77.6340858, 12.8987625 ], [ 77.6344663, 12.8981609 ], [ 77.6352355, 12.8969046 ] ] } },
{ "type": "Feature", "properties": { "segment_id": "BLR_HOSUR_022", "corridor_id": "HOSUR", "corridor_name": "Hosur Road / Electronic City (NH 44)", "road_name": "Hosur Road", "road_type": "trunk", "segment_length_m": 321.86, "start_lat": 12.907117, "start_lon": 77.628758, "end_lat": 12.909615, "end_lon": 77.627248, "lanes": 3.0, "lane_count_available": 1, "speed_limit_kph": 60.0, "speed_limit_available": 1, "street_lighting": "unverified", "street_lighting_verified": 0, "junction_count": 2, "junction_density_per_km": 6.21, "crossing_count": 2, "bus_stop_count": 0, "btp_station": "Madiwala Traffic PS", "btp_station_clean_name": "Madiwala PS", "btp_overlap_ratio": 1.0, "btp_station_total_cases_2023": 73.0, "btp_station_fatal_cases_2023": 14.0, "btp_station_killed_people_2023": 14.0, "btp_station_nonfatal_cases_2023": 59.0, "btp_station_injuries_2023": 53.0, "btp_station_total_cases_2022": 45.0, "btp_station_fatal_cases_2022": 13.0, "btp_station_total_cases_2021": 54.0, "btp_station_fatal_cases_2021": 8.0 }, "geometry": { "type": "LineString", "coordinates": [ [ 77.6287582, 12.9071174 ], [ 77.6287431, 12.9071417 ], [ 77.6277928, 12.9086756 ], [ 77.6274318, 12.909251 ], [ 77.6273547, 12.9093582 ], [ 77.6272476, 12.9096149 ] ] } },
{ "type": "Feature", "properties": { "segment_id": "BLR_HOSUR_023", "corridor_id": "HOSUR", "corridor_name": "Hosur Road / Electronic City (NH 44)", "road_name": "Hosur Road", "road_type": "trunk", "segment_length_m": 202.43, "start_lat": 12.913026, "start_lon": 77.625158, "end_lat": 12.914595, "end_lon": 77.624202, "lanes": 3.0, "lane_count_available": 1, "speed_limit_kph": 80.0, "speed_limit_available": 1, "street_lighting": "unverified", "street_lighting_verified": 0, "junction_count": 2, "junction_density_per_km": 9.88, "crossing_count": 0, "bus_stop_count": 0, "btp_station": "H.S.R.Layout Traffic PS", "btp_station_clean_name": "H.S.R.Layout PS", "btp_overlap_ratio": 1.0, "btp_station_total_cases_2023": 99.0, "btp_station_fatal_cases_2023": 25.0, "btp_station_killed_people_2023": 26.0, "btp_station_nonfatal_cases_2023": 74.0, "btp_station_injuries_2023": 90.0, "btp_station_total_cases_2022": 64.0, "btp_station_fatal_cases_2022": 14.0, "btp_station_total_cases_2021": 56.0, "btp_station_fatal_cases_2021": 15.0 }, "geometry": { "type": "LineString", "coordinates": [ [ 77.6251583, 12.913026 ], [ 77.6248109, 12.9135919 ], [ 77.6243627, 12.9142964 ], [ 77.6242019, 12.914595 ] ] } },
{ "type": "Feature", "properties": { "segment_id": "BLR_HOSUR_024", "corridor_id": "HOSUR", "corridor_name": "Hosur Road / Electronic City (NH 44)", "road_name": "Hosur Road", "road_type": "trunk", "segment_length_m": 406.98, "start_lat": 12.896697, "start_lon": 77.635178, "end_lat": 12.899844, "end_lon": 77.63324, "lanes": 3.0, "lane_count_available": 1, "speed_limit_kph": 60.0, "speed_limit_available": 1, "street_lighting": "unverified", "street_lighting_verified": 0, "junction_count": 2, "junction_density_per_km": 4.91, "crossing_count": 0, "bus_stop_count": 0, "btp_station": "Madiwala Traffic PS", "btp_station_clean_name": "Madiwala PS", "btp_overlap_ratio": 1.0, "btp_station_total_cases_2023": 73.0, "btp_station_fatal_cases_2023": 14.0, "btp_station_killed_people_2023": 14.0, "btp_station_nonfatal_cases_2023": 59.0, "btp_station_injuries_2023": 53.0, "btp_station_total_cases_2022": 45.0, "btp_station_fatal_cases_2022": 13.0, "btp_station_total_cases_2021": 54.0, "btp_station_fatal_cases_2021": 8.0 }, "geometry": { "type": "LineString", "coordinates": [ [ 77.6351778, 12.8966974 ], [ 77.633455, 12.8994954 ], [ 77.6332401, 12.8998444 ] ] } },
{ "type": "Feature", "properties": { "segment_id": "BLR_HOSUR_025", "corridor_id": "HOSUR", "corridor_name": "Hosur Road / Electronic City (NH 44)", "road_name": "Hosur Road", "road_type": "trunk", "segment_length_m": 264.68, "start_lat": 12.912629, "start_lon": 77.625544, "end_lat": 12.910585, "end_lon": 77.626809, "lanes": 3.0, "lane_count_available": 1, "speed_limit_kph": 80.0, "speed_limit_available": 1, "street_lighting": "unverified", "street_lighting_verified": 0, "junction_count": 2, "junction_density_per_km": 7.56, "crossing_count": 0, "bus_stop_count": 0, "btp_station": "H.S.R.Layout Traffic PS", "btp_station_clean_name": "H.S.R.Layout PS", "btp_overlap_ratio": 1.0, "btp_station_total_cases_2023": 99.0, "btp_station_fatal_cases_2023": 25.0, "btp_station_killed_people_2023": 26.0, "btp_station_nonfatal_cases_2023": 74.0, "btp_station_injuries_2023": 90.0, "btp_station_total_cases_2022": 64.0, "btp_station_fatal_cases_2022": 14.0, "btp_station_total_cases_2021": 56.0, "btp_station_fatal_cases_2021": 15.0 }, "geometry": { "type": "LineString", "coordinates": [ [ 77.6255442, 12.9126289 ], [ 77.6258542, 12.9121277 ], [ 77.6261085, 12.9117167 ], [ 77.6262768, 12.9114446 ], [ 77.6268087, 12.9105848 ] ] } },
{ "type": "Feature", "properties": { "segment_id": "BLR_HOSUR_026_1", "corridor_id": "HOSUR", "corridor_name": "Hosur Road / Electronic City (NH 44)", "road_name": "Hosur Road", "road_type": "trunk", "segment_length_m": 500.0, "start_lat": 12.874932, "start_lon": 77.649043, "end_lat": 12.878564, "end_lon": 77.646327, "lanes": 3.0, "lane_count_available": 1, "speed_limit_kph": 60.0, "speed_limit_available": 1, "street_lighting": "unverified", "street_lighting_verified": 0, "junction_count": 2, "junction_density_per_km": 4.0, "crossing_count": 0, "bus_stop_count": 0, "btp_station": "Hulimavu Traffic PS", "btp_station_clean_name": "Hulimavu PS", "btp_overlap_ratio": 1.0, "btp_station_total_cases_2023": 108.0, "btp_station_fatal_cases_2023": 16.0, "btp_station_killed_people_2023": 16.0, "btp_station_nonfatal_cases_2023": 92.0, "btp_station_injuries_2023": 117.0, "btp_station_total_cases_2022": null, "btp_station_fatal_cases_2022": null, "btp_station_total_cases_2021": null, "btp_station_fatal_cases_2021": null }, "geometry": { "type": "LineString", "coordinates": [ [ 77.6490426, 12.8749323 ], [ 77.6490182, 12.8749593 ], [ 77.6486615, 12.8753674 ], [ 77.6478249, 12.8763095 ], [ 77.6475077, 12.8767115 ], [ 77.6472782, 12.877046 ], [ 77.647174400000011, 12.8771973 ], [ 77.6470521, 12.877382 ], [ 77.64632706379912, 12.878563803877595 ] ] } },
{ "type": "Feature", "properties": { "segment_id": "BLR_HOSUR_026_2", "corridor_id": "HOSUR", "corridor_name": "Hosur Road / Electronic City (NH 44)", "road_name": "Hosur Road", "road_type": "trunk", "segment_length_m": 500.0, "start_lat": 12.878564, "start_lon": 77.646327, "end_lat": 12.882434, "end_lon": 77.643953, "lanes": 3.0, "lane_count_available": 1, "speed_limit_kph": 60.0, "speed_limit_available": 1, "street_lighting": "unverified", "street_lighting_verified": 0, "junction_count": 2, "junction_density_per_km": 4.0, "crossing_count": 0, "bus_stop_count": 0, "btp_station": "Hulimavu Traffic PS", "btp_station_clean_name": "Hulimavu PS", "btp_overlap_ratio": 1.0, "btp_station_total_cases_2023": 108.0, "btp_station_fatal_cases_2023": 16.0, "btp_station_killed_people_2023": 16.0, "btp_station_nonfatal_cases_2023": 92.0, "btp_station_injuries_2023": 117.0, "btp_station_total_cases_2022": null, "btp_station_fatal_cases_2022": null, "btp_station_total_cases_2021": null, "btp_station_fatal_cases_2021": null }, "geometry": { "type": "LineString", "coordinates": [ [ 77.64632706379912, 12.878563803877595 ], [ 77.6453211, 12.8802035 ], [ 77.643952881916903, 12.882433680507219 ] ] } },
{ "type": "Feature", "properties": { "segment_id": "BLR_HOSUR_026_3", "corridor_id": "HOSUR", "corridor_name": "Hosur Road / Electronic City (NH 44)", "road_name": "Hosur Road", "road_type": "trunk", "segment_length_m": 500.0, "start_lat": 12.882434, "start_lon": 77.643953, "end_lat": 12.886304, "end_lon": 77.641579, "lanes": 3.0, "lane_count_available": 1, "speed_limit_kph": 60.0, "speed_limit_available": 1, "street_lighting": "unverified", "street_lighting_verified": 0, "junction_count": 2, "junction_density_per_km": 4.0, "crossing_count": 0, "bus_stop_count": 0, "btp_station": "Hulimavu Traffic PS", "btp_station_clean_name": "Hulimavu PS", "btp_overlap_ratio": 1.0, "btp_station_total_cases_2023": 108.0, "btp_station_fatal_cases_2023": 16.0, "btp_station_killed_people_2023": 16.0, "btp_station_nonfatal_cases_2023": 92.0, "btp_station_injuries_2023": 117.0, "btp_station_total_cases_2022": null, "btp_station_fatal_cases_2022": null, "btp_station_total_cases_2021": null, "btp_station_fatal_cases_2021": null }, "geometry": { "type": "LineString", "coordinates": [ [ 77.643952881916903, 12.882433680507219 ], [ 77.642494, 12.8848116 ], [ 77.641578644342644, 12.886303554442403 ] ] } },
{ "type": "Feature", "properties": { "segment_id": "BLR_HOSUR_026_4", "corridor_id": "HOSUR", "corridor_name": "Hosur Road / Electronic City (NH 44)", "road_name": "Hosur Road", "road_type": "trunk", "segment_length_m": 587.24, "start_lat": 12.886304, "start_lon": 77.641579, "end_lat": 12.890843, "end_lon": 77.63878, "lanes": 3.0, "lane_count_available": 1, "speed_limit_kph": 60.0, "speed_limit_available": 1, "street_lighting": "unverified", "street_lighting_verified": 0, "junction_count": 2, "junction_density_per_km": 3.41, "crossing_count": 0, "bus_stop_count": 0, "btp_station": "Hulimavu Traffic PS", "btp_station_clean_name": "Hulimavu PS", "btp_overlap_ratio": 1.0, "btp_station_total_cases_2023": 108.0, "btp_station_fatal_cases_2023": 16.0, "btp_station_killed_people_2023": 16.0, "btp_station_nonfatal_cases_2023": 92.0, "btp_station_injuries_2023": 117.0, "btp_station_total_cases_2022": null, "btp_station_fatal_cases_2022": null, "btp_station_total_cases_2021": null, "btp_station_fatal_cases_2021": null }, "geometry": { "type": "LineString", "coordinates": [ [ 77.641578644342644, 12.886303554442403 ], [ 77.6410946, 12.8870925 ], [ 77.6409675, 12.8872996 ], [ 77.6405427, 12.887992 ], [ 77.6398958, 12.8890463 ], [ 77.639872700000012, 12.889084 ], [ 77.6398414, 12.8891362 ], [ 77.6397799, 12.8892342 ], [ 77.6397357, 12.8893041 ], [ 77.63878, 12.8908426 ] ] } },
{ "type": "Feature", "properties": { "segment_id": "BLR_HOSUR_027_1", "corridor_id": "HOSUR", "corridor_name": "Hosur Road / Electronic City (NH 44)", "road_name": "Hosur Road", "road_type": "trunk", "segment_length_m": 500.0, "start_lat": 12.860025, "start_lon": 77.661064, "end_lat": 12.863589, "end_lon": 77.658236, "lanes": 2.0, "lane_count_available": 1, "speed_limit_kph": 80.0, "speed_limit_available": 1, "street_lighting": "unverified", "street_lighting_verified": 0, "junction_count": 1, "junction_density_per_km": 2.0, "crossing_count": 0, "bus_stop_count": 0, "btp_station": "Electronic City Traffic PS", "btp_station_clean_name": "Electronic City PS", "btp_overlap_ratio": 1.0, "btp_station_total_cases_2023": 196.0, "btp_station_fatal_cases_2023": 38.0, "btp_station_killed_people_2023": 39.0, "btp_station_nonfatal_cases_2023": 158.0, "btp_station_injuries_2023": 171.0, "btp_station_total_cases_2022": 139.0, "btp_station_fatal_cases_2022": 26.0, "btp_station_total_cases_2021": 129.0, "btp_station_fatal_cases_2021": 27.0 }, "geometry": { "type": "LineString", "coordinates": [ [ 77.6610639, 12.8600255 ], [ 77.6607534, 12.8604137 ], [ 77.6599862, 12.8613796 ], [ 77.6588594, 12.8627984 ], [ 77.658235776599128, 12.863589383704502 ] ] } },
{ "type": "Feature", "properties": { "segment_id": "BLR_HOSUR_027_2", "corridor_id": "HOSUR", "corridor_name": "Hosur Road / Electronic City (NH 44)", "road_name": "Hosur Road", "road_type": "trunk", "segment_length_m": 177.55, "start_lat": 12.863589, "start_lon": 77.658236, "end_lat": 12.864857, "end_lon": 77.657235, "lanes": 2.0, "lane_count_available": 1, "speed_limit_kph": 80.0, "speed_limit_available": 1, "street_lighting": "unverified", "street_lighting_verified": 0, "junction_count": 1, "junction_density_per_km": 5.63, "crossing_count": 0, "bus_stop_count": 0, "btp_station": "Electronic City Traffic PS", "btp_station_clean_name": "Electronic City PS", "btp_overlap_ratio": 1.0, "btp_station_total_cases_2023": 196.0, "btp_station_fatal_cases_2023": 38.0, "btp_station_killed_people_2023": 39.0, "btp_station_nonfatal_cases_2023": 158.0, "btp_station_injuries_2023": 171.0, "btp_station_total_cases_2022": 139.0, "btp_station_fatal_cases_2022": 26.0, "btp_station_total_cases_2021": 129.0, "btp_station_fatal_cases_2021": 27.0 }, "geometry": { "type": "LineString", "coordinates": [ [ 77.658235776599128, 12.863589383704502 ], [ 77.6575347, 12.8644786 ], [ 77.6572345, 12.8648572 ] ] } },
{ "type": "Feature", "properties": { "segment_id": "BLR_HOSUR_028", "corridor_id": "HOSUR", "corridor_name": "Hosur Road / Electronic City (NH 44)", "road_name": "Hosur Road", "road_type": "trunk", "segment_length_m": 212.93, "start_lat": 12.921081, "start_lon": 77.620374, "end_lat": 12.919448, "end_lon": 77.621405, "lanes": 2.0, "lane_count_available": 1, "speed_limit_kph": 60.0, "speed_limit_available": 1, "street_lighting": "unverified", "street_lighting_verified": 0, "junction_count": 2, "junction_density_per_km": 9.39, "crossing_count": 1, "bus_stop_count": 0, "btp_station": "Madiwala Traffic PS", "btp_station_clean_name": "Madiwala PS", "btp_overlap_ratio": 1.0, "btp_station_total_cases_2023": 73.0, "btp_station_fatal_cases_2023": 14.0, "btp_station_killed_people_2023": 14.0, "btp_station_nonfatal_cases_2023": 59.0, "btp_station_injuries_2023": 53.0, "btp_station_total_cases_2022": 45.0, "btp_station_fatal_cases_2022": 13.0, "btp_station_total_cases_2021": 54.0, "btp_station_fatal_cases_2021": 8.0 }, "geometry": { "type": "LineString", "coordinates": [ [ 77.620374, 12.9210808 ], [ 77.6205402, 12.9207826 ], [ 77.6206949, 12.9205049 ], [ 77.6207247, 12.9204515 ], [ 77.6207471, 12.9204171 ], [ 77.6208647, 12.9202307 ], [ 77.6209061, 12.9201591 ], [ 77.6209846, 12.9200598 ], [ 77.6213541, 12.9195205 ], [ 77.6214053, 12.9194475 ] ] } },
{ "type": "Feature", "properties": { "segment_id": "BLR_HOSUR_030_1", "corridor_id": "HOSUR", "corridor_name": "Hosur Road / Electronic City (NH 44)", "road_name": "Electronic City Flyover", "road_type": "motorway", "segment_length_m": 500.0, "start_lat": 12.845446, "start_lon": 77.665832, "end_lat": 12.84687, "end_lon": 77.670132, "lanes": 2.0, "lane_count_available": 1, "speed_limit_kph": 60.0, "speed_limit_available": 1, "street_lighting": "unverified", "street_lighting_verified": 0, "junction_count": 0, "junction_density_per_km": 0.0, "crossing_count": 0, "bus_stop_count": 0, "btp_station": "Electronic City Traffic PS", "btp_station_clean_name": "Electronic City PS", "btp_overlap_ratio": 1.0, "btp_station_total_cases_2023": 196.0, "btp_station_fatal_cases_2023": 38.0, "btp_station_killed_people_2023": 39.0, "btp_station_nonfatal_cases_2023": 158.0, "btp_station_injuries_2023": 171.0, "btp_station_total_cases_2022": 139.0, "btp_station_fatal_cases_2022": 26.0, "btp_station_total_cases_2021": 129.0, "btp_station_fatal_cases_2021": 27.0 }, "geometry": { "type": "LineString", "coordinates": [ [ 77.6658323, 12.8454463 ], [ 77.665998500000015, 12.8454271 ], [ 77.6666034, 12.8454637 ], [ 77.6669187, 12.8455205 ], [ 77.6671834, 12.84558 ], [ 77.6675276, 12.8456731 ], [ 77.6682241, 12.8459237 ], [ 77.6683046, 12.8459533 ], [ 77.6698904, 12.8467491 ], [ 77.670132254269205, 12.846870456396811 ] ] } },
{ "type": "Feature", "properties": { "segment_id": "BLR_HOSUR_030_2", "corridor_id": "HOSUR", "corridor_name": "Hosur Road / Electronic City (NH 44)", "road_name": "Electronic City Flyover", "road_type": "motorway", "segment_length_m": 500.0, "start_lat": 12.84687, "start_lon": 77.670132, "end_lat": 12.850406, "end_lon": 77.668764, "lanes": 2.0, "lane_count_available": 1, "speed_limit_kph": 60.0, "speed_limit_available": 1, "street_lighting": "unverified", "street_lighting_verified": 0, "junction_count": 0, "junction_density_per_km": 0.0, "crossing_count": 0, "bus_stop_count": 0, "btp_station": "Electronic City Traffic PS", "btp_station_clean_name": "Electronic City PS", "btp_overlap_ratio": 1.0, "btp_station_total_cases_2023": 196.0, "btp_station_fatal_cases_2023": 38.0, "btp_station_killed_people_2023": 39.0, "btp_station_nonfatal_cases_2023": 158.0, "btp_station_injuries_2023": 171.0, "btp_station_total_cases_2022": 139.0, "btp_station_fatal_cases_2022": 26.0, "btp_station_total_cases_2021": 129.0, "btp_station_fatal_cases_2021": 27.0 }, "geometry": { "type": "LineString", "coordinates": [ [ 77.670132254269205, 12.846870456396811 ], [ 77.6703131, 12.8469612 ], [ 77.6704618, 12.8470542 ], [ 77.6705444, 12.8471165 ], [ 77.6705935, 12.8471581 ], [ 77.670644, 12.8472034 ], [ 77.6706931, 12.8472549 ], [ 77.6707274, 12.8473023 ], [ 77.6707651, 12.8473604 ], [ 77.6707881, 12.8474104 ], [ 77.67080230000002, 12.8474803 ], [ 77.6708099, 12.8475426 ], [ 77.6708062, 12.8476193 ], [ 77.6707976, 12.8476859 ], [ 77.6707748, 12.8477578 ], [ 77.6707535, 12.8477989 ], [ 77.6706781, 12.8479318 ], [ 77.6705806, 12.848096 ], [ 77.6702864, 12.8484798 ], [ 77.668763886791709, 12.850405536578549 ] ] } },
{ "type": "Feature", "properties": { "segment_id": "BLR_HOSUR_030_3", "corridor_id": "HOSUR", "corridor_name": "Hosur Road / Electronic City (NH 44)", "road_name": "Electronic City Flyover", "road_type": "motorway", "segment_length_m": 277.49, "start_lat": 12.850406, "start_lon": 77.668764, "end_lat": 12.852386, "end_lon": 77.667198, "lanes": 2.0, "lane_count_available": 1, "speed_limit_kph": 60.0, "speed_limit_available": 1, "street_lighting": "unverified", "street_lighting_verified": 0, "junction_count": 0, "junction_density_per_km": 0.0, "crossing_count": 0, "bus_stop_count": 0, "btp_station": "Electronic City Traffic PS", "btp_station_clean_name": "Electronic City PS", "btp_overlap_ratio": 1.0, "btp_station_total_cases_2023": 196.0, "btp_station_fatal_cases_2023": 38.0, "btp_station_killed_people_2023": 39.0, "btp_station_nonfatal_cases_2023": 158.0, "btp_station_injuries_2023": 171.0, "btp_station_total_cases_2022": 139.0, "btp_station_fatal_cases_2022": 26.0, "btp_station_total_cases_2021": 129.0, "btp_station_fatal_cases_2021": 27.0 }, "geometry": { "type": "LineString", "coordinates": [ [ 77.668763886791709, 12.850405536578549 ], [ 77.667198, 12.8523861 ] ] } },
{ "type": "Feature", "properties": { "segment_id": "BLR_HOSUR_031", "corridor_id": "HOSUR", "corridor_name": "Hosur Road / Electronic City (NH 44)", "road_name": "Hosur Road", "road_type": "trunk", "segment_length_m": 243.79, "start_lat": 12.914519, "start_lon": 77.624392, "end_lat": 12.912629, "end_lon": 77.625544, "lanes": 3.0, "lane_count_available": 1, "speed_limit_kph": 80.0, "speed_limit_available": 1, "street_lighting": "unverified", "street_lighting_verified": 0, "junction_count": 2, "junction_density_per_km": 8.2, "crossing_count": 0, "bus_stop_count": 0, "btp_station": "H.S.R.Layout Traffic PS", "btp_station_clean_name": "H.S.R.Layout PS", "btp_overlap_ratio": 1.0, "btp_station_total_cases_2023": 99.0, "btp_station_fatal_cases_2023": 25.0, "btp_station_killed_people_2023": 26.0, "btp_station_nonfatal_cases_2023": 74.0, "btp_station_injuries_2023": 90.0, "btp_station_total_cases_2022": 64.0, "btp_station_fatal_cases_2022": 14.0, "btp_station_total_cases_2021": 56.0, "btp_station_fatal_cases_2021": 15.0 }, "geometry": { "type": "LineString", "coordinates": [ [ 77.6243915, 12.9145188 ], [ 77.6246589, 12.9140741 ], [ 77.6251714, 12.9132317 ], [ 77.6253504, 12.9129408 ], [ 77.6255442, 12.9126289 ] ] } },
{ "type": "Feature", "properties": { "segment_id": "BLR_HOSUR_032", "corridor_id": "HOSUR", "corridor_name": "Hosur Road / Electronic City (NH 44)", "road_name": "Hosur Road", "road_type": "trunk", "segment_length_m": 242.31, "start_lat": 12.874724, "start_lon": 77.649458, "end_lat": 12.87307, "end_lon": 77.65092, "lanes": 3.0, "lane_count_available": 1, "speed_limit_kph": 60.0, "speed_limit_available": 1, "street_lighting": "unverified", "street_lighting_verified": 0, "junction_count": 2, "junction_density_per_km": 8.25, "crossing_count": 0, "bus_stop_count": 0, "btp_station": "Electronic City Traffic PS", "btp_station_clean_name": "Electronic City PS", "btp_overlap_ratio": 1.0, "btp_station_total_cases_2023": 196.0, "btp_station_fatal_cases_2023": 38.0, "btp_station_killed_people_2023": 39.0, "btp_station_nonfatal_cases_2023": 158.0, "btp_station_injuries_2023": 171.0, "btp_station_total_cases_2022": 139.0, "btp_station_fatal_cases_2022": 26.0, "btp_station_total_cases_2021": 129.0, "btp_station_fatal_cases_2021": 27.0 }, "geometry": { "type": "LineString", "coordinates": [ [ 77.6494585, 12.8747238 ], [ 77.6498389, 12.8742988 ], [ 77.6506872, 12.8733512 ], [ 77.6509203, 12.8730704 ] ] } },
{ "type": "Feature", "properties": { "segment_id": "BLR_HOSUR_033_1", "corridor_id": "HOSUR", "corridor_name": "Hosur Road / Electronic City (NH 44)", "road_name": "Hosur Road", "road_type": "trunk", "segment_length_m": 500.0, "start_lat": 12.887914, "start_lon": 77.640767, "end_lat": 12.884047, "end_lon": 77.643145, "lanes": 3.0, "lane_count_available": 1, "speed_limit_kph": 60.0, "speed_limit_available": 1, "street_lighting": "unverified", "street_lighting_verified": 0, "junction_count": 2, "junction_density_per_km": 4.0, "crossing_count": 0, "bus_stop_count": 0, "btp_station": "Electronic City Traffic PS", "btp_station_clean_name": "Electronic City PS", "btp_overlap_ratio": 1.0, "btp_station_total_cases_2023": 196.0, "btp_station_fatal_cases_2023": 38.0, "btp_station_killed_people_2023": 39.0, "btp_station_nonfatal_cases_2023": 158.0, "btp_station_injuries_2023": 171.0, "btp_station_total_cases_2022": 139.0, "btp_station_fatal_cases_2022": 26.0, "btp_station_total_cases_2021": 129.0, "btp_station_fatal_cases_2021": 27.0 }, "geometry": { "type": "LineString", "coordinates": [ [ 77.6407674, 12.8879144 ], [ 77.6430457, 12.8842087 ], [ 77.643145307360655, 12.884046683491272 ] ] } },
{ "type": "Feature", "properties": { "segment_id": "BLR_HOSUR_033_2", "corridor_id": "HOSUR", "corridor_name": "Hosur Road / Electronic City (NH 44)", "road_name": "Hosur Road", "road_type": "trunk", "segment_length_m": 500.0, "start_lat": 12.884047, "start_lon": 77.643145, "end_lat": 12.880179, "end_lon": 77.645523, "lanes": 3.0, "lane_count_available": 1, "speed_limit_kph": 60.0, "speed_limit_available": 1, "street_lighting": "unverified", "street_lighting_verified": 0, "junction_count": 2, "junction_density_per_km": 4.0, "crossing_count": 0, "bus_stop_count": 0, "btp_station": "Electronic City Traffic PS", "btp_station_clean_name": "Electronic City PS", "btp_overlap_ratio": 1.0, "btp_station_total_cases_2023": 196.0, "btp_station_fatal_cases_2023": 38.0, "btp_station_killed_people_2023": 39.0, "btp_station_nonfatal_cases_2023": 158.0, "btp_station_injuries_2023": 171.0, "btp_station_total_cases_2022": 139.0, "btp_station_fatal_cases_2022": 26.0, "btp_station_total_cases_2021": 129.0, "btp_station_fatal_cases_2021": 27.0 }, "geometry": { "type": "LineString", "coordinates": [ [ 77.643145307360655, 12.884046683491272 ], [ 77.645523141411985, 12.880178953881769 ] ] } },
{ "type": "Feature", "properties": { "segment_id": "BLR_HOSUR_033_3", "corridor_id": "HOSUR", "corridor_name": "Hosur Road / Electronic City (NH 44)", "road_name": "Hosur Road", "road_type": "trunk", "segment_length_m": 552.28, "start_lat": 12.880179, "start_lon": 77.645523, "end_lat": 12.876011, "end_lon": 77.648303, "lanes": 3.0, "lane_count_available": 1, "speed_limit_kph": 60.0, "speed_limit_available": 1, "street_lighting": "unverified", "street_lighting_verified": 0, "junction_count": 2, "junction_density_per_km": 3.62, "crossing_count": 0, "bus_stop_count": 0, "btp_station": "Electronic City Traffic PS", "btp_station_clean_name": "Electronic City PS", "btp_overlap_ratio": 1.0, "btp_station_total_cases_2023": 196.0, "btp_station_fatal_cases_2023": 38.0, "btp_station_killed_people_2023": 39.0, "btp_station_nonfatal_cases_2023": 158.0, "btp_station_injuries_2023": 171.0, "btp_station_total_cases_2022": 139.0, "btp_station_fatal_cases_2022": 26.0, "btp_station_total_cases_2021": 129.0, "btp_station_fatal_cases_2021": 27.0 }, "geometry": { "type": "LineString", "coordinates": [ [ 77.645523141411985, 12.880178953881769 ], [ 77.6462049, 12.87907 ], [ 77.6472573, 12.8773582 ], [ 77.6475461, 12.8769357 ], [ 77.6478931, 12.8764795 ], [ 77.6481398, 12.876193 ], [ 77.64830280000001, 12.8760115 ] ] } },
{ "type": "Feature", "properties": { "segment_id": "BLR_HOSUR_034", "corridor_id": "HOSUR", "corridor_name": "Hosur Road / Electronic City (NH 44)", "road_name": "Hosur Road", "road_type": "trunk", "segment_length_m": 303.12, "start_lat": 12.907173, "start_lon": 77.628963, "end_lat": 12.904824, "end_lon": 77.630398, "lanes": 3.0, "lane_count_available": 1, "speed_limit_kph": 60.0, "speed_limit_available": 1, "street_lighting": "unverified", "street_lighting_verified": 0, "junction_count": 2, "junction_density_per_km": 6.6, "crossing_count": 5, "bus_stop_count": 0, "btp_station": "Electronic City Traffic PS", "btp_station_clean_name": "Electronic City PS", "btp_overlap_ratio": 0.6756, "btp_station_total_cases_2023": 196.0, "btp_station_fatal_cases_2023": 38.0, "btp_station_killed_people_2023": 39.0, "btp_station_nonfatal_cases_2023": 158.0, "btp_station_injuries_2023": 171.0, "btp_station_total_cases_2022": 139.0, "btp_station_fatal_cases_2022": 26.0, "btp_station_total_cases_2021": 129.0, "btp_station_fatal_cases_2021": 27.0 }, "geometry": { "type": "LineString", "coordinates": [ [ 77.6289631, 12.9071733 ], [ 77.6295779, 12.9061646 ], [ 77.6299033, 12.9056308 ], [ 77.6302568, 12.905054 ], [ 77.6303976, 12.9048243 ] ] } },
{ "type": "Feature", "properties": { "segment_id": "BLR_HOSUR_036", "corridor_id": "HOSUR", "corridor_name": "Hosur Road / Electronic City (NH 44)", "road_name": "Hosur Road", "road_type": "trunk", "segment_length_m": 269.77, "start_lat": 12.904824, "start_lon": 77.630398, "end_lat": 12.902726, "end_lon": 77.631661, "lanes": 3.0, "lane_count_available": 1, "speed_limit_kph": 60.0, "speed_limit_available": 1, "street_lighting": "unverified", "street_lighting_verified": 0, "junction_count": 2, "junction_density_per_km": 7.41, "crossing_count": 0, "bus_stop_count": 0, "btp_station": "Electronic City Traffic PS", "btp_station_clean_name": "Electronic City PS", "btp_overlap_ratio": 1.0, "btp_station_total_cases_2023": 196.0, "btp_station_fatal_cases_2023": 38.0, "btp_station_killed_people_2023": 39.0, "btp_station_nonfatal_cases_2023": 158.0, "btp_station_injuries_2023": 171.0, "btp_station_total_cases_2022": 139.0, "btp_station_fatal_cases_2022": 26.0, "btp_station_total_cases_2021": 129.0, "btp_station_fatal_cases_2021": 27.0 }, "geometry": { "type": "LineString", "coordinates": [ [ 77.6303976, 12.9048243 ], [ 77.6304618, 12.9047195 ], [ 77.6312416, 12.9034083 ], [ 77.6313583, 12.9032182 ], [ 77.6316607, 12.9027259 ] ] } },
{ "type": "Feature", "properties": { "segment_id": "BLR_HOSUR_038", "corridor_id": "HOSUR", "corridor_name": "Hosur Road / Electronic City (NH 44)", "road_name": "Hosur Road", "road_type": "primary", "segment_length_m": 329.61, "start_lat": 12.921161, "start_lon": 77.620173, "end_lat": 12.923707, "end_lon": 77.618602, "lanes": 3.0, "lane_count_available": 1, "speed_limit_kph": 60.0, "speed_limit_available": 1, "street_lighting": "unverified", "street_lighting_verified": 0, "junction_count": 2, "junction_density_per_km": 6.07, "crossing_count": 2, "bus_stop_count": 0, "btp_station": "Madiwala Traffic PS", "btp_station_clean_name": "Madiwala PS", "btp_overlap_ratio": 1.0, "btp_station_total_cases_2023": 73.0, "btp_station_fatal_cases_2023": 14.0, "btp_station_killed_people_2023": 14.0, "btp_station_nonfatal_cases_2023": 59.0, "btp_station_injuries_2023": 53.0, "btp_station_total_cases_2022": 45.0, "btp_station_fatal_cases_2022": 13.0, "btp_station_total_cases_2021": 54.0, "btp_station_fatal_cases_2021": 8.0 }, "geometry": { "type": "LineString", "coordinates": [ [ 77.6201733, 12.9211609 ], [ 77.6201362, 12.9212213 ], [ 77.6201122, 12.9212668 ], [ 77.6199308, 12.9215814 ], [ 77.619575, 12.9221973 ], [ 77.6193558, 12.9225657 ], [ 77.6191968, 12.9228306 ], [ 77.618972, 12.9231665 ], [ 77.6187935, 12.9234331 ], [ 77.6187611, 12.9234795 ], [ 77.6186023, 12.9237068 ] ] } },
{ "type": "Feature", "properties": { "segment_id": "BLR_HOSUR_040", "corridor_id": "HOSUR", "corridor_name": "Hosur Road / Electronic City (NH 44)", "road_name": "Hosur Road", "road_type": "primary", "segment_length_m": 453.87, "start_lat": 12.929571, "start_lon": 77.615166, "end_lat": 12.926037, "end_lon": 77.617282, "lanes": 3.0, "lane_count_available": 1, "speed_limit_kph": 60.0, "speed_limit_available": 1, "street_lighting": "unverified", "street_lighting_verified": 0, "junction_count": 2, "junction_density_per_km": 4.41, "crossing_count": 1, "bus_stop_count": 0, "btp_station": "Madiwala Traffic PS", "btp_station_clean_name": "Madiwala PS", "btp_overlap_ratio": 1.0, "btp_station_total_cases_2023": 73.0, "btp_station_fatal_cases_2023": 14.0, "btp_station_killed_people_2023": 14.0, "btp_station_nonfatal_cases_2023": 59.0, "btp_station_injuries_2023": 53.0, "btp_station_total_cases_2022": 45.0, "btp_station_fatal_cases_2022": 13.0, "btp_station_total_cases_2021": 54.0, "btp_station_fatal_cases_2021": 8.0 }, "geometry": { "type": "LineString", "coordinates": [ [ 77.6151658, 12.9295715 ], [ 77.6153, 12.9293925 ], [ 77.6154226, 12.929187 ], [ 77.6171742, 12.9262516 ], [ 77.6172816, 12.9260375 ] ] } },
{ "type": "Feature", "properties": { "segment_id": "BLR_HOSUR_042", "corridor_id": "HOSUR", "corridor_name": "Hosur Road / Electronic City (NH 44)", "road_name": "Hosur Road", "road_type": "trunk", "segment_length_m": 281.79, "start_lat": 12.869866, "start_lon": 77.653265, "end_lat": 12.871873, "end_lon": 77.651669, "lanes": 3.0, "lane_count_available": 1, "speed_limit_kph": 80.0, "speed_limit_available": 1, "street_lighting": "unverified", "street_lighting_verified": 0, "junction_count": 2, "junction_density_per_km": 7.1, "crossing_count": 0, "bus_stop_count": 0, "btp_station": "Electronic City Traffic PS", "btp_station_clean_name": "Electronic City PS", "btp_overlap_ratio": 1.0, "btp_station_total_cases_2023": 196.0, "btp_station_fatal_cases_2023": 38.0, "btp_station_killed_people_2023": 39.0, "btp_station_nonfatal_cases_2023": 158.0, "btp_station_injuries_2023": 171.0, "btp_station_total_cases_2022": 139.0, "btp_station_fatal_cases_2022": 26.0, "btp_station_total_cases_2021": 129.0, "btp_station_fatal_cases_2021": 27.0 }, "geometry": { "type": "LineString", "coordinates": [ [ 77.6532651, 12.8698659 ], [ 77.6517353, 12.8717878 ], [ 77.6516883, 12.8718476 ], [ 77.6516687, 12.8718726 ] ] } },
{ "type": "Feature", "properties": { "segment_id": "BLR_HOSUR_044_1", "corridor_id": "HOSUR", "corridor_name": "Hosur Road / Electronic City (NH 44)", "road_name": "Hosur Road", "road_type": "trunk", "segment_length_m": 500.0, "start_lat": 12.894396, "start_lon": 77.636785, "end_lat": 12.890526, "end_lon": 77.63916, "lanes": 3.0, "lane_count_available": 1, "speed_limit_kph": 80.0, "speed_limit_available": 1, "street_lighting": "unverified", "street_lighting_verified": 0, "junction_count": 2, "junction_density_per_km": 4.0, "crossing_count": 0, "bus_stop_count": 0, "btp_station": "Electronic City Traffic PS", "btp_station_clean_name": "Electronic City PS", "btp_overlap_ratio": 1.0, "btp_station_total_cases_2023": 196.0, "btp_station_fatal_cases_2023": 38.0, "btp_station_killed_people_2023": 39.0, "btp_station_nonfatal_cases_2023": 158.0, "btp_station_injuries_2023": 171.0, "btp_station_total_cases_2022": 139.0, "btp_station_fatal_cases_2022": 26.0, "btp_station_total_cases_2021": 129.0, "btp_station_fatal_cases_2021": 27.0 }, "geometry": { "type": "LineString", "coordinates": [ [ 77.6367854, 12.8943956 ], [ 77.6369222, 12.8941721 ], [ 77.6380165, 12.8923845 ], [ 77.6384824, 12.8916277 ], [ 77.639160227628835, 12.890526015755349 ] ] } },
{ "type": "Feature", "properties": { "segment_id": "BLR_HOSUR_044_2", "corridor_id": "HOSUR", "corridor_name": "Hosur Road / Electronic City (NH 44)", "road_name": "Hosur Road", "road_type": "trunk", "segment_length_m": 337.7, "start_lat": 12.890526, "start_lon": 77.63916, "end_lat": 12.887914, "end_lon": 77.640767, "lanes": 3.0, "lane_count_available": 1, "speed_limit_kph": 80.0, "speed_limit_available": 1, "street_lighting": "unverified", "street_lighting_verified": 0, "junction_count": 2, "junction_density_per_km": 5.92, "crossing_count": 0, "bus_stop_count": 0, "btp_station": "Electronic City Traffic PS", "btp_station_clean_name": "Electronic City PS", "btp_overlap_ratio": 1.0, "btp_station_total_cases_2023": 196.0, "btp_station_fatal_cases_2023": 38.0, "btp_station_killed_people_2023": 39.0, "btp_station_nonfatal_cases_2023": 158.0, "btp_station_injuries_2023": 171.0, "btp_station_total_cases_2022": 139.0, "btp_station_fatal_cases_2022": 26.0, "btp_station_total_cases_2021": 129.0, "btp_station_fatal_cases_2021": 27.0 }, "geometry": { "type": "LineString", "coordinates": [ [ 77.639160227628835, 12.890526015755349 ], [ 77.6399474, 12.8892466 ], [ 77.6399708, 12.8892085 ], [ 77.640004100000013, 12.8891559 ], [ 77.6407674, 12.8879144 ] ] } },
{ "type": "Feature", "properties": { "segment_id": "BLR_HOSUR_045", "corridor_id": "HOSUR", "corridor_name": "Hosur Road / Electronic City (NH 44)", "road_name": "Hosur Road", "road_type": "trunk", "segment_length_m": 308.04, "start_lat": 12.894315, "start_lon": 77.636643, "end_lat": 12.896697, "end_lon": 77.635178, "lanes": 3.0, "lane_count_available": 1, "speed_limit_kph": 60.0, "speed_limit_available": 1, "street_lighting": "unverified", "street_lighting_verified": 0, "junction_count": 2, "junction_density_per_km": 6.49, "crossing_count": 0, "bus_stop_count": 0, "btp_station": "Madiwala Traffic PS", "btp_station_clean_name": "Madiwala PS", "btp_overlap_ratio": 1.0, "btp_station_total_cases_2023": 73.0, "btp_station_fatal_cases_2023": 14.0, "btp_station_killed_people_2023": 14.0, "btp_station_nonfatal_cases_2023": 59.0, "btp_station_injuries_2023": 53.0, "btp_station_total_cases_2022": 45.0, "btp_station_fatal_cases_2022": 13.0, "btp_station_total_cases_2021": 54.0, "btp_station_fatal_cases_2021": 8.0 }, "geometry": { "type": "LineString", "coordinates": [ [ 77.6366429, 12.8943146 ], [ 77.6360799, 12.8952324 ], [ 77.6351778, 12.8966974 ] ] } },
{ "type": "Feature", "properties": { "segment_id": "BLR_HOSUR_046", "corridor_id": "HOSUR", "corridor_name": "Hosur Road / Electronic City (NH 44)", "road_name": "Hosur Road", "road_type": "trunk", "segment_length_m": 361.89, "start_lat": 12.899844, "start_lon": 77.63324, "end_lat": 12.902643, "end_lon": 77.631517, "lanes": 3.0, "lane_count_available": 1, "speed_limit_kph": 60.0, "speed_limit_available": 1, "street_lighting": "unverified", "street_lighting_verified": 0, "junction_count": 2, "junction_density_per_km": 5.53, "crossing_count": 0, "bus_stop_count": 0, "btp_station": "Madiwala Traffic PS", "btp_station_clean_name": "Madiwala PS", "btp_overlap_ratio": 1.0, "btp_station_total_cases_2023": 73.0, "btp_station_fatal_cases_2023": 14.0, "btp_station_killed_people_2023": 14.0, "btp_station_nonfatal_cases_2023": 59.0, "btp_station_injuries_2023": 53.0, "btp_station_total_cases_2022": 45.0, "btp_station_fatal_cases_2022": 13.0, "btp_station_total_cases_2021": 54.0, "btp_station_fatal_cases_2021": 8.0 }, "geometry": { "type": "LineString", "coordinates": [ [ 77.6332401, 12.8998444 ], [ 77.6324388, 12.9011459 ], [ 77.6315171, 12.9026427 ] ] } },
{ "type": "Feature", "properties": { "segment_id": "BLR_HOSUR_048_1", "corridor_id": "HOSUR", "corridor_name": "Hosur Road / Electronic City (NH 44)", "road_name": "Hosur Road / Silk Board Flyover", "road_type": "trunk", "segment_length_m": 500.0, "start_lat": 12.914595, "start_lon": 77.624202, "end_lat": 12.918516, "end_lon": 77.621919, "lanes": 3.0, "lane_count_available": 1, "speed_limit_kph": 60.0, "speed_limit_available": 1, "street_lighting": "unverified", "street_lighting_verified": 0, "junction_count": 2, "junction_density_per_km": 4.0, "crossing_count": 0, "bus_stop_count": 0, "btp_station": "H.S.R.Layout Traffic PS", "btp_station_clean_name": "H.S.R.Layout PS", "btp_overlap_ratio": 0.6818, "btp_station_total_cases_2023": 99.0, "btp_station_fatal_cases_2023": 25.0, "btp_station_killed_people_2023": 26.0, "btp_station_nonfatal_cases_2023": 74.0, "btp_station_injuries_2023": 90.0, "btp_station_total_cases_2022": 64.0, "btp_station_fatal_cases_2022": 14.0, "btp_station_total_cases_2021": 56.0, "btp_station_fatal_cases_2021": 15.0 }, "geometry": { "type": "LineString", "coordinates": [ [ 77.6242019, 12.914595 ], [ 77.6240948, 12.9147868 ], [ 77.6239418, 12.9150658 ], [ 77.623347200000012, 12.9161431 ], [ 77.6227896, 12.9171082 ], [ 77.6227353, 12.9171967 ], [ 77.6224757, 12.91762 ], [ 77.621918745290401, 12.918516311367824 ] ] } },
{ "type": "Feature", "properties": { "segment_id": "BLR_HOSUR_048_2", "corridor_id": "HOSUR", "corridor_name": "Hosur Road / Electronic City (NH 44)", "road_name": "Hosur Road / Silk Board Flyover", "road_type": "trunk", "segment_length_m": 159.98, "start_lat": 12.918516, "start_lon": 77.621919, "end_lat": 12.91968, "end_lon": 77.621047, "lanes": 3.0, "lane_count_available": 1, "speed_limit_kph": 60.0, "speed_limit_available": 1, "street_lighting": "unverified", "street_lighting_verified": 0, "junction_count": 2, "junction_density_per_km": 12.5, "crossing_count": 0, "bus_stop_count": 0, "btp_station": "Madiwala Traffic PS", "btp_station_clean_name": "Madiwala PS", "btp_overlap_ratio": 1.0, "btp_station_total_cases_2023": 73.0, "btp_station_fatal_cases_2023": 14.0, "btp_station_killed_people_2023": 14.0, "btp_station_nonfatal_cases_2023": 59.0, "btp_station_injuries_2023": 53.0, "btp_station_total_cases_2022": 45.0, "btp_station_fatal_cases_2022": 13.0, "btp_station_total_cases_2021": 54.0, "btp_station_fatal_cases_2021": 8.0 }, "geometry": { "type": "LineString", "coordinates": [ [ 77.621918745290401, 12.918516311367824 ], [ 77.6218568, 12.918616 ], [ 77.6215952, 12.9189684 ], [ 77.6212875, 12.9193784 ], [ 77.6210467, 12.9196804 ] ] } },
{ "type": "Feature", "properties": { "segment_id": "BLR_HOSUR_049", "corridor_id": "HOSUR", "corridor_name": "Hosur Road / Electronic City (NH 44)", "road_name": "Hosur Road", "road_type": "trunk", "segment_length_m": 442.97, "start_lat": 12.871873, "start_lon": 77.651669, "end_lat": 12.874932, "end_lon": 77.649043, "lanes": 3.0, "lane_count_available": 1, "speed_limit_kph": 80.0, "speed_limit_available": 1, "street_lighting": "unverified", "street_lighting_verified": 0, "junction_count": 2, "junction_density_per_km": 4.51, "crossing_count": 0, "bus_stop_count": 0, "btp_station": "Electronic City Traffic PS", "btp_station_clean_name": "Electronic City PS", "btp_overlap_ratio": 0.929, "btp_station_total_cases_2023": 196.0, "btp_station_fatal_cases_2023": 38.0, "btp_station_killed_people_2023": 39.0, "btp_station_nonfatal_cases_2023": 158.0, "btp_station_injuries_2023": 171.0, "btp_station_total_cases_2022": 139.0, "btp_station_fatal_cases_2022": 26.0, "btp_station_total_cases_2021": 129.0, "btp_station_fatal_cases_2021": 27.0 }, "geometry": { "type": "LineString", "coordinates": [ [ 77.6516687, 12.8718726 ], [ 77.6515825, 12.8719824 ], [ 77.6510984, 12.8725914 ], [ 77.6507325, 12.8730424 ], [ 77.6503566, 12.8734799 ], [ 77.6491849, 12.874775 ], [ 77.6490426, 12.8749323 ] ] } },
{ "type": "Feature", "properties": { "segment_id": "BLR_HOSUR_050", "corridor_id": "HOSUR", "corridor_name": "Hosur Road / Electronic City (NH 44)", "road_name": "Hosur Road", "road_type": "trunk", "segment_length_m": 189.93, "start_lat": 12.876012, "start_lon": 77.648303, "end_lat": 12.874724, "end_lon": 77.649458, "lanes": 3.0, "lane_count_available": 1, "speed_limit_kph": 60.0, "speed_limit_available": 1, "street_lighting": "unverified", "street_lighting_verified": 0, "junction_count": 2, "junction_density_per_km": 10.53, "crossing_count": 0, "bus_stop_count": 0, "btp_station": "Electronic City Traffic PS", "btp_station_clean_name": "Electronic City PS", "btp_overlap_ratio": 1.0, "btp_station_total_cases_2023": 196.0, "btp_station_fatal_cases_2023": 38.0, "btp_station_killed_people_2023": 39.0, "btp_station_nonfatal_cases_2023": 158.0, "btp_station_injuries_2023": 171.0, "btp_station_total_cases_2022": 139.0, "btp_station_fatal_cases_2022": 26.0, "btp_station_total_cases_2021": 129.0, "btp_station_fatal_cases_2021": 27.0 }, "geometry": { "type": "LineString", "coordinates": [ [ 77.6483028, 12.8760115 ], [ 77.6492722, 12.874932 ], [ 77.6494585, 12.8747238 ] ] } },
{ "type": "Feature", "properties": { "segment_id": "BLR_HOSUR_051", "corridor_id": "HOSUR", "corridor_name": "Hosur Road / Electronic City (NH 44)", "road_name": "Hosur Road", "road_type": "trunk", "segment_length_m": 432.35, "start_lat": 12.87307, "start_lon": 77.65092, "end_lat": 12.869991, "end_lon": 77.653368, "lanes": 3.0, "lane_count_available": 1, "speed_limit_kph": 60.0, "speed_limit_available": 1, "street_lighting": "unverified", "street_lighting_verified": 0, "junction_count": 2, "junction_density_per_km": 4.63, "crossing_count": 0, "bus_stop_count": 0, "btp_station": "Electronic City Traffic PS", "btp_station_clean_name": "Electronic City PS", "btp_overlap_ratio": 1.0, "btp_station_total_cases_2023": 196.0, "btp_station_fatal_cases_2023": 38.0, "btp_station_killed_people_2023": 39.0, "btp_station_nonfatal_cases_2023": 158.0, "btp_station_injuries_2023": 171.0, "btp_station_total_cases_2022": 139.0, "btp_station_fatal_cases_2022": 26.0, "btp_station_total_cases_2021": 129.0, "btp_station_fatal_cases_2021": 27.0 }, "geometry": { "type": "LineString", "coordinates": [ [ 77.6509203, 12.8730704 ], [ 77.6509584, 12.8730245 ], [ 77.6513964, 12.8724639 ], [ 77.6533235, 12.8700468 ], [ 77.6533683, 12.8699906 ] ] } },
{ "type": "Feature", "properties": { "segment_id": "BLR_HOSUR_052_1", "corridor_id": "HOSUR", "corridor_name": "Hosur Road / Electronic City (NH 44)", "road_name": "Hosur Road", "road_type": "trunk", "segment_length_m": 500.0, "start_lat": 12.869729, "start_lon": 77.653572, "end_lat": 12.866164, "end_lon": 77.6564, "lanes": 2.0, "lane_count_available": 1, "speed_limit_kph": 80.0, "speed_limit_available": 1, "street_lighting": "unverified", "street_lighting_verified": 0, "junction_count": 2, "junction_density_per_km": 4.0, "crossing_count": 0, "bus_stop_count": 0, "btp_station": "Electronic City Traffic PS", "btp_station_clean_name": "Electronic City PS", "btp_overlap_ratio": 1.0, "btp_station_total_cases_2023": 196.0, "btp_station_fatal_cases_2023": 38.0, "btp_station_killed_people_2023": 39.0, "btp_station_nonfatal_cases_2023": 158.0, "btp_station_injuries_2023": 171.0, "btp_station_total_cases_2022": 139.0, "btp_station_fatal_cases_2022": 26.0, "btp_station_total_cases_2021": 129.0, "btp_station_fatal_cases_2021": 27.0 }, "geometry": { "type": "LineString", "coordinates": [ [ 77.6535722, 12.8697286 ], [ 77.6539952, 12.8691938 ], [ 77.655835, 12.8668676 ], [ 77.6559533, 12.8667207 ], [ 77.656399584880148, 12.866164092444986 ] ] } },
{ "type": "Feature", "properties": { "segment_id": "BLR_HOSUR_052_2", "corridor_id": "HOSUR", "corridor_name": "Hosur Road / Electronic City (NH 44)", "road_name": "Hosur Road", "road_type": "trunk", "segment_length_m": 500.0, "start_lat": 12.866164, "start_lon": 77.6564, "end_lat": 12.8626, "end_lon": 77.659227, "lanes": 2.0, "lane_count_available": 1, "speed_limit_kph": 80.0, "speed_limit_available": 1, "street_lighting": "unverified", "street_lighting_verified": 0, "junction_count": 2, "junction_density_per_km": 4.0, "crossing_count": 0, "bus_stop_count": 0, "btp_station": "Electronic City Traffic PS", "btp_station_clean_name": "Electronic City PS", "btp_overlap_ratio": 1.0, "btp_station_total_cases_2023": 196.0, "btp_station_fatal_cases_2023": 38.0, "btp_station_killed_people_2023": 39.0, "btp_station_nonfatal_cases_2023": 158.0, "btp_station_injuries_2023": 171.0, "btp_station_total_cases_2022": 139.0, "btp_station_fatal_cases_2022": 26.0, "btp_station_total_cases_2021": 129.0, "btp_station_fatal_cases_2021": 27.0 }, "geometry": { "type": "LineString", "coordinates": [ [ 77.656399584880148, 12.866164092444986 ], [ 77.656821, 12.8656385 ], [ 77.658258, 12.8638299 ], [ 77.659226997143463, 12.862599648685887 ] ] } },
{ "type": "Feature", "properties": { "segment_id": "BLR_HOSUR_052_3", "corridor_id": "HOSUR", "corridor_name": "Hosur Road / Electronic City (NH 44)", "road_name": "Hosur Road", "road_type": "trunk", "segment_length_m": 500.0, "start_lat": 12.8626, "start_lon": 77.659227, "end_lat": 12.859042, "end_lon": 77.662064, "lanes": 2.0, "lane_count_available": 1, "speed_limit_kph": 80.0, "speed_limit_available": 1, "street_lighting": "unverified", "street_lighting_verified": 0, "junction_count": 2, "junction_density_per_km": 4.0, "crossing_count": 0, "bus_stop_count": 0, "btp_station": "Electronic City Traffic PS", "btp_station_clean_name": "Electronic City PS", "btp_overlap_ratio": 1.0, "btp_station_total_cases_2023": 196.0, "btp_station_fatal_cases_2023": 38.0, "btp_station_killed_people_2023": 39.0, "btp_station_nonfatal_cases_2023": 158.0, "btp_station_injuries_2023": 171.0, "btp_station_total_cases_2022": 139.0, "btp_station_fatal_cases_2022": 26.0, "btp_station_total_cases_2021": 129.0, "btp_station_fatal_cases_2021": 27.0 }, "geometry": { "type": "LineString", "coordinates": [ [ 77.659226997143463, 12.862599648685887 ], [ 77.6598306, 12.8618333 ], [ 77.6605577, 12.8609186 ], [ 77.6613649, 12.8599191 ], [ 77.662063641240238, 12.85904234603229 ] ] } },
{ "type": "Feature", "properties": { "segment_id": "BLR_HOSUR_052_4", "corridor_id": "HOSUR", "corridor_name": "Hosur Road / Electronic City (NH 44)", "road_name": "Hosur Road", "road_type": "trunk", "segment_length_m": 577.73, "start_lat": 12.859042, "start_lon": 77.662064, "end_lat": 12.85493, "end_lon": 77.665339, "lanes": 2.0, "lane_count_available": 1, "speed_limit_kph": 80.0, "speed_limit_available": 1, "street_lighting": "unverified", "street_lighting_verified": 0, "junction_count": 2, "junction_density_per_km": 3.46, "crossing_count": 0, "bus_stop_count": 0, "btp_station": "Electronic City Traffic PS", "btp_station_clean_name": "Electronic City PS", "btp_overlap_ratio": 1.0, "btp_station_total_cases_2023": 196.0, "btp_station_fatal_cases_2023": 38.0, "btp_station_killed_people_2023": 39.0, "btp_station_nonfatal_cases_2023": 158.0, "btp_station_injuries_2023": 171.0, "btp_station_total_cases_2022": 139.0, "btp_station_fatal_cases_2022": 26.0, "btp_station_total_cases_2021": 129.0, "btp_station_fatal_cases_2021": 27.0 }, "geometry": { "type": "LineString", "coordinates": [ [ 77.662063641240238, 12.85904234603229 ], [ 77.6620946, 12.8590035 ], [ 77.6622923, 12.8587554 ], [ 77.6623243, 12.8587153 ], [ 77.66233960000001, 12.8586961 ], [ 77.6624128, 12.8586042 ], [ 77.6626149, 12.8583506 ], [ 77.6634652, 12.8572796 ], [ 77.6638478, 12.8567978 ], [ 77.66404, 12.8565557 ], [ 77.6643205, 12.8562025 ], [ 77.6643656, 12.8561456 ], [ 77.6644388, 12.856053 ], [ 77.6651675, 12.855132 ], [ 77.6652253, 12.8550631 ], [ 77.6653385, 12.85493 ] ] } },
{ "type": "Feature", "properties": { "segment_id": "BLR_HOSUR_053_1", "corridor_id": "HOSUR", "corridor_name": "Hosur Road / Electronic City (NH 44)", "road_name": "Hosur Road", "road_type": "trunk", "segment_length_m": 500.0, "start_lat": 12.864857, "start_lon": 77.657235, "end_lat": 12.868423, "end_lon": 77.654409, "lanes": 3.0, "lane_count_available": 1, "speed_limit_kph": 80.0, "speed_limit_available": 1, "street_lighting": "unverified", "street_lighting_verified": 0, "junction_count": 2, "junction_density_per_km": 4.0, "crossing_count": 0, "bus_stop_count": 0, "btp_station": "Electronic City Traffic PS", "btp_station_clean_name": "Electronic City PS", "btp_overlap_ratio": 1.0, "btp_station_total_cases_2023": 196.0, "btp_station_fatal_cases_2023": 38.0, "btp_station_killed_people_2023": 39.0, "btp_station_nonfatal_cases_2023": 158.0, "btp_station_injuries_2023": 171.0, "btp_station_total_cases_2022": 139.0, "btp_station_fatal_cases_2022": 26.0, "btp_station_total_cases_2021": 129.0, "btp_station_fatal_cases_2021": 27.0 }, "geometry": { "type": "LineString", "coordinates": [ [ 77.6572345, 12.8648572 ], [ 77.6554267, 12.8671374 ], [ 77.6551325, 12.8675085 ], [ 77.654409374855192, 12.86842343928963 ] ] } },
{ "type": "Feature", "properties": { "segment_id": "BLR_HOSUR_053_2", "corridor_id": "HOSUR", "corridor_name": "Hosur Road / Electronic City (NH 44)", "road_name": "Hosur Road", "road_type": "trunk", "segment_length_m": 191.77, "start_lat": 12.868423, "start_lon": 77.654409, "end_lat": 12.869792, "end_lon": 77.653327, "lanes": 3.0, "lane_count_available": 1, "speed_limit_kph": 80.0, "speed_limit_available": 1, "street_lighting": "unverified", "street_lighting_verified": 0, "junction_count": 2, "junction_density_per_km": 10.43, "crossing_count": 0, "bus_stop_count": 0, "btp_station": "Electronic City Traffic PS", "btp_station_clean_name": "Electronic City PS", "btp_overlap_ratio": 1.0, "btp_station_total_cases_2023": 196.0, "btp_station_fatal_cases_2023": 38.0, "btp_station_killed_people_2023": 39.0, "btp_station_nonfatal_cases_2023": 158.0, "btp_station_injuries_2023": 171.0, "btp_station_total_cases_2022": 139.0, "btp_station_fatal_cases_2022": 26.0, "btp_station_total_cases_2021": 129.0, "btp_station_fatal_cases_2021": 27.0 }, "geometry": { "type": "LineString", "coordinates": [ [ 77.654409374855192, 12.86842343928963 ], [ 77.6533866, 12.8697175 ], [ 77.6533581, 12.8697535 ], [ 77.6533274, 12.8697924 ] ] } },
{ "type": "Feature", "properties": { "segment_id": "BLR_HOSUR_054", "corridor_id": "HOSUR", "corridor_name": "Hosur Road / Electronic City (NH 44)", "road_name": "Ramp to Hosur road joining Ragigudda Silkboard Double Decker Flyover / Silkboard Double Decker Flyover", "road_type": "primary_link", "segment_length_m": 266.82, "start_lat": 12.916818, "start_lon": 77.620217, "end_lat": 12.918805, "end_lon": 77.621379, "lanes": 2.0, "lane_count_available": 1, "speed_limit_kph": 40.0, "speed_limit_available": 1, "street_lighting": "unverified", "street_lighting_verified": 0, "junction_count": 0, "junction_density_per_km": 0.0, "crossing_count": 0, "bus_stop_count": 0, "btp_station": "Madiwala Traffic PS", "btp_station_clean_name": "Madiwala PS", "btp_overlap_ratio": 1.0, "btp_station_total_cases_2023": 73.0, "btp_station_fatal_cases_2023": 14.0, "btp_station_killed_people_2023": 14.0, "btp_station_nonfatal_cases_2023": 59.0, "btp_station_injuries_2023": 53.0, "btp_station_total_cases_2022": 45.0, "btp_station_fatal_cases_2022": 13.0, "btp_station_total_cases_2021": 54.0, "btp_station_fatal_cases_2021": 8.0 }, "geometry": { "type": "LineString", "coordinates": [ [ 77.6202167, 12.9168179 ], [ 77.6205048, 12.9170258 ], [ 77.6208167, 12.9173425 ], [ 77.6211109, 12.9177408 ], [ 77.6212219, 12.9179414 ], [ 77.6212438, 12.9180073 ], [ 77.621269, 12.9181129 ], [ 77.6212902, 12.9182833 ], [ 77.6212908, 12.9186135 ], [ 77.6213223, 12.9187527 ], [ 77.6213794, 12.9188054 ] ] } },
{ "type": "Feature", "properties": { "segment_id": "BLR_HOSUR_055", "corridor_id": "HOSUR", "corridor_name": "Hosur Road / Electronic City (NH 44)", "road_name": "Hosur Road", "road_type": "trunk", "segment_length_m": 114.68, "start_lat": 12.910585, "start_lon": 77.626809, "end_lat": 12.909699, "end_lon": 77.627357, "lanes": 3.0, "lane_count_available": 1, "speed_limit_kph": 80.0, "speed_limit_available": 1, "street_lighting": "unverified", "street_lighting_verified": 0, "junction_count": 1, "junction_density_per_km": 8.72, "crossing_count": 0, "bus_stop_count": 0, "btp_station": "H.S.R.Layout Traffic PS", "btp_station_clean_name": "H.S.R.Layout PS", "btp_overlap_ratio": 1.0, "btp_station_total_cases_2023": 99.0, "btp_station_fatal_cases_2023": 25.0, "btp_station_killed_people_2023": 26.0, "btp_station_nonfatal_cases_2023": 74.0, "btp_station_injuries_2023": 90.0, "btp_station_total_cases_2022": 64.0, "btp_station_fatal_cases_2022": 14.0, "btp_station_total_cases_2021": 56.0, "btp_station_fatal_cases_2021": 15.0 }, "geometry": { "type": "LineString", "coordinates": [ [ 77.6268087, 12.9105848 ], [ 77.6273567, 12.9096992 ] ] } },
{ "type": "Feature", "properties": { "segment_id": "BLR_OMR_WHITEFIELD_001", "corridor_id": "OMR_WHITEFIELD", "corridor_name": "Old Madras Road / Whitefield Corridor", "road_name": "HAL Old Airport Road", "road_type": "primary", "segment_length_m": 423.57, "start_lat": 12.959334, "start_lon": 77.661163, "end_lat": 12.958671, "end_lon": 77.664999, "lanes": 2.0, "lane_count_available": 1, "speed_limit_kph": null, "speed_limit_available": 0, "street_lighting": "unverified", "street_lighting_verified": 0, "junction_count": 2, "junction_density_per_km": 4.72, "crossing_count": 4, "bus_stop_count": 0, "btp_station": "Jeevan Bheemanagar Traffic PS", "btp_station_clean_name": "Jeevan Bheemanagar PS", "btp_overlap_ratio": 1.0, "btp_station_total_cases_2023": 85.0, "btp_station_fatal_cases_2023": 12.0, "btp_station_killed_people_2023": 12.0, "btp_station_nonfatal_cases_2023": 73.0, "btp_station_injuries_2023": 62.0, "btp_station_total_cases_2022": 48.0, "btp_station_fatal_cases_2022": 13.0, "btp_station_total_cases_2021": 32.0, "btp_station_fatal_cases_2021": 5.0 }, "geometry": { "type": "LineString", "coordinates": [ [ 77.6611625, 12.9593341 ], [ 77.6614135, 12.959321 ], [ 77.662262, 12.9592333 ], [ 77.6627409, 12.9591465 ], [ 77.6628241, 12.9591304 ], [ 77.6635861, 12.9589784 ], [ 77.6636171, 12.9589717 ], [ 77.6638695, 12.9589168 ], [ 77.6648072, 12.9587078 ], [ 77.6649991, 12.9586715 ] ] } },
{ "type": "Feature", "properties": { "segment_id": "BLR_OMR_WHITEFIELD_002", "corridor_id": "OMR_WHITEFIELD", "corridor_name": "Old Madras Road / Whitefield Corridor", "road_name": "HAL Old Airport Road", "road_type": "primary_link", "segment_length_m": 143.59, "start_lat": 12.958671, "start_lon": 77.664999, "end_lat": 12.958482, "end_lon": 77.666296, "lanes": null, "lane_count_available": 0, "speed_limit_kph": null, "speed_limit_available": 0, "street_lighting": "unverified", "street_lighting_verified": 0, "junction_count": 2, "junction_density_per_km": 13.93, "crossing_count": 6, "bus_stop_count": 0, "btp_station": "Jeevan Bheemanagar Traffic PS", "btp_station_clean_name": "Jeevan Bheemanagar PS", "btp_overlap_ratio": 0.9819, "btp_station_total_cases_2023": 85.0, "btp_station_fatal_cases_2023": 12.0, "btp_station_killed_people_2023": 12.0, "btp_station_nonfatal_cases_2023": 73.0, "btp_station_injuries_2023": 62.0, "btp_station_total_cases_2022": 48.0, "btp_station_fatal_cases_2022": 13.0, "btp_station_total_cases_2021": 32.0, "btp_station_fatal_cases_2021": 5.0 }, "geometry": { "type": "LineString", "coordinates": [ [ 77.6649991, 12.9586715 ], [ 77.6651405, 12.9587 ], [ 77.6653239, 12.9586881 ], [ 77.66608, 12.9585275 ], [ 77.6661179, 12.9585195 ], [ 77.6662339, 12.9584948 ], [ 77.6662959, 12.9584823 ] ] } },
{ "type": "Feature", "properties": { "segment_id": "BLR_OMR_WHITEFIELD_003", "corridor_id": "OMR_WHITEFIELD", "corridor_name": "Old Madras Road / Whitefield Corridor", "road_name": "Whitefield - Hoskote Road", "road_type": "primary", "segment_length_m": 178.34, "start_lat": 12.990086, "start_lon": 77.75498, "end_lat": 12.991382, "end_lon": 77.755955, "lanes": 2.0, "lane_count_available": 1, "speed_limit_kph": 60.0, "speed_limit_available": 1, "street_lighting": "unverified", "street_lighting_verified": 0, "junction_count": 2, "junction_density_per_km": 11.21, "crossing_count": 0, "bus_stop_count": 0, "btp_station": "Whitefield Traffic  PS", "btp_station_clean_name": "Whitefield PS", "btp_overlap_ratio": 1.0, "btp_station_total_cases_2023": 316.0, "btp_station_fatal_cases_2023": 54.0, "btp_station_killed_people_2023": 56.0, "btp_station_nonfatal_cases_2023": 262.0, "btp_station_injuries_2023": 235.0, "btp_station_total_cases_2022": null, "btp_station_fatal_cases_2022": null, "btp_station_total_cases_2021": null, "btp_station_fatal_cases_2021": null }, "geometry": { "type": "LineString", "coordinates": [ [ 77.7549804, 12.9900858 ], [ 77.7550539, 12.990203 ], [ 77.7551322, 12.990312 ], [ 77.755626, 12.9909461 ], [ 77.7556823, 12.9910173 ], [ 77.7559548, 12.9913819 ] ] } },
{ "type": "Feature", "properties": { "segment_id": "BLR_OMR_WHITEFIELD_004_1", "corridor_id": "OMR_WHITEFIELD", "corridor_name": "Old Madras Road / Whitefield Corridor", "road_name": "HAL Old Airport Road", "road_type": "primary", "segment_length_m": 500.0, "start_lat": 12.95821, "start_lon": 77.668159, "end_lat": 12.957798, "end_lon": 77.672741, "lanes": 2.0, "lane_count_available": 1, "speed_limit_kph": null, "speed_limit_available": 0, "street_lighting": "unverified", "street_lighting_verified": 0, "junction_count": 2, "junction_density_per_km": 4.0, "crossing_count": 5, "bus_stop_count": 0, "btp_station": "H.A.L Airport Traffic PS", "btp_station_clean_name": "H.A.L. PS", "btp_overlap_ratio": 1.0, "btp_station_total_cases_2023": 97.0, "btp_station_fatal_cases_2023": 17.0, "btp_station_killed_people_2023": 17.0, "btp_station_nonfatal_cases_2023": 80.0, "btp_station_injuries_2023": 80.0, "btp_station_total_cases_2022": 83.0, "btp_station_fatal_cases_2022": 18.0, "btp_station_total_cases_2021": 143.0, "btp_station_fatal_cases_2021": 34.0 }, "geometry": { "type": "LineString", "coordinates": [ [ 77.6681586, 12.9582104 ], [ 77.6686817, 12.9581584 ], [ 77.6687657, 12.9581535 ], [ 77.6704821, 12.9580537 ], [ 77.6716662, 12.9579476 ], [ 77.6717391, 12.9579391 ], [ 77.6722191, 12.9578916 ], [ 77.6724417, 12.957858 ], [ 77.672741238879766, 12.957797699572627 ] ] } },
{ "type": "Feature", "properties": { "segment_id": "BLR_OMR_WHITEFIELD_004_2", "corridor_id": "OMR_WHITEFIELD", "corridor_name": "Old Madras Road / Whitefield Corridor", "road_name": "HAL Old Airport Road", "road_type": "primary", "segment_length_m": 192.3, "start_lat": 12.957798, "start_lon": 77.672741, "end_lat": 12.957189, "end_lon": 77.674395, "lanes": 2.0, "lane_count_available": 1, "speed_limit_kph": null, "speed_limit_available": 0, "street_lighting": "unverified", "street_lighting_verified": 0, "junction_count": 2, "junction_density_per_km": 10.4, "crossing_count": 0, "bus_stop_count": 0, "btp_station": "H.A.L Airport Traffic PS", "btp_station_clean_name": "H.A.L. PS", "btp_overlap_ratio": 1.0, "btp_station_total_cases_2023": 97.0, "btp_station_fatal_cases_2023": 17.0, "btp_station_killed_people_2023": 17.0, "btp_station_nonfatal_cases_2023": 80.0, "btp_station_injuries_2023": 80.0, "btp_station_total_cases_2022": 83.0, "btp_station_fatal_cases_2022": 18.0, "btp_station_total_cases_2021": 143.0, "btp_station_fatal_cases_2021": 34.0 }, "geometry": { "type": "LineString", "coordinates": [ [ 77.672741238879766, 12.957797699572627 ], [ 77.6730517, 12.9577352 ], [ 77.6743253, 12.9572222 ], [ 77.6743949, 12.9571889 ] ] } },
{ "type": "Feature", "properties": { "segment_id": "BLR_OMR_WHITEFIELD_006_1", "corridor_id": "OMR_WHITEFIELD", "corridor_name": "Old Madras Road / Whitefield Corridor", "road_name": "HAL Old Airport Road", "road_type": "primary", "segment_length_m": 500.0, "start_lat": 12.960494, "start_lon": 77.643396, "end_lat": 12.959961, "end_lon": 77.647969, "lanes": 2.0, "lane_count_available": 1, "speed_limit_kph": 30.0, "speed_limit_available": 1, "street_lighting": "unverified", "street_lighting_verified": 0, "junction_count": 2, "junction_density_per_km": 4.0, "crossing_count": 5, "bus_stop_count": 0, "btp_station": "Jeevan Bheemanagar Traffic PS", "btp_station_clean_name": "Jeevan Bheemanagar PS", "btp_overlap_ratio": 1.0, "btp_station_total_cases_2023": 85.0, "btp_station_fatal_cases_2023": 12.0, "btp_station_killed_people_2023": 12.0, "btp_station_nonfatal_cases_2023": 73.0, "btp_station_injuries_2023": 62.0, "btp_station_total_cases_2022": 48.0, "btp_station_fatal_cases_2022": 13.0, "btp_station_total_cases_2021": 32.0, "btp_station_fatal_cases_2021": 5.0 }, "geometry": { "type": "LineString", "coordinates": [ [ 77.643396, 12.9604945 ], [ 77.643576200000012, 12.9604628 ], [ 77.6438205, 12.9604349 ], [ 77.6438849, 12.9604273 ], [ 77.6443615, 12.9603719 ], [ 77.6447125, 12.9603311 ], [ 77.6451181, 12.9602839 ], [ 77.6451583, 12.9602792 ], [ 77.6456337, 12.9602239 ], [ 77.6460778, 12.9601808 ], [ 77.6467124, 12.9601051 ], [ 77.6470509, 12.9600647 ], [ 77.6472248, 12.9600451 ], [ 77.6475411, 12.9600094 ], [ 77.6477142, 12.959991 ], [ 77.647968637742423, 12.959960563086231 ] ] } },
{ "type": "Feature", "properties": { "segment_id": "BLR_OMR_WHITEFIELD_006_2", "corridor_id": "OMR_WHITEFIELD", "corridor_name": "Old Madras Road / Whitefield Corridor", "road_name": "HAL Old Airport Road", "road_type": "primary", "segment_length_m": 500.0, "start_lat": 12.959961, "start_lon": 77.647969, "end_lat": 12.959536, "end_lon": 77.652551, "lanes": 2.0, "lane_count_available": 1, "speed_limit_kph": 30.0, "speed_limit_available": 1, "street_lighting": "unverified", "street_lighting_verified": 0, "junction_count": 2, "junction_density_per_km": 4.0, "crossing_count": 3, "bus_stop_count": 0, "btp_station": "Jeevan Bheemanagar Traffic PS", "btp_station_clean_name": "Jeevan Bheemanagar PS", "btp_overlap_ratio": 1.0, "btp_station_total_cases_2023": 85.0, "btp_station_fatal_cases_2023": 12.0, "btp_station_killed_people_2023": 12.0, "btp_station_nonfatal_cases_2023": 73.0, "btp_station_injuries_2023": 62.0, "btp_station_total_cases_2022": 48.0, "btp_station_fatal_cases_2022": 13.0, "btp_station_total_cases_2021": 32.0, "btp_station_fatal_cases_2021": 5.0 }, "geometry": { "type": "LineString", "coordinates": [ [ 77.647968637742423, 12.959960563086231 ], [ 77.6482258, 12.9599298 ], [ 77.6487035, 12.9598722 ], [ 77.6489796, 12.9598409 ], [ 77.6490236, 12.959836 ], [ 77.6491095, 12.9598235 ], [ 77.6492076, 12.9598088 ], [ 77.6493933, 12.9597812 ], [ 77.6496338, 12.9597561 ], [ 77.6496994, 12.9597475 ], [ 77.6498043, 12.9597365 ], [ 77.6504486, 12.9596639 ], [ 77.6505169, 12.95966 ], [ 77.6508962, 12.9596237 ], [ 77.651548, 12.9595923 ], [ 77.6522343, 12.9595543 ], [ 77.652551048113125, 12.959536401110963 ] ] } },
{ "type": "Feature", "properties": { "segment_id": "BLR_OMR_WHITEFIELD_006_3", "corridor_id": "OMR_WHITEFIELD", "corridor_name": "Old Madras Road / Whitefield Corridor", "road_name": "HAL Old Airport Road", "road_type": "primary", "segment_length_m": 500.0, "start_lat": 12.959536, "start_lon": 77.652551, "end_lat": 12.959288, "end_lon": 77.657149, "lanes": 2.0, "lane_count_available": 1, "speed_limit_kph": 30.0, "speed_limit_available": 1, "street_lighting": "unverified", "street_lighting_verified": 0, "junction_count": 2, "junction_density_per_km": 4.0, "crossing_count": 7, "bus_stop_count": 0, "btp_station": "Jeevan Bheemanagar Traffic PS", "btp_station_clean_name": "Jeevan Bheemanagar PS", "btp_overlap_ratio": 1.0, "btp_station_total_cases_2023": 85.0, "btp_station_fatal_cases_2023": 12.0, "btp_station_killed_people_2023": 12.0, "btp_station_nonfatal_cases_2023": 73.0, "btp_station_injuries_2023": 62.0, "btp_station_total_cases_2022": 48.0, "btp_station_fatal_cases_2022": 13.0, "btp_station_total_cases_2021": 32.0, "btp_station_fatal_cases_2021": 5.0 }, "geometry": { "type": "LineString", "coordinates": [ [ 77.652551048113125, 12.959536401110963 ], [ 77.6532359, 12.9594977 ], [ 77.6540357, 12.9594525 ], [ 77.6540768, 12.9594507 ], [ 77.6542351, 12.9594437 ], [ 77.6542883, 12.9594408 ], [ 77.6543595, 12.9594374 ], [ 77.6544103, 12.9594349 ], [ 77.6553548, 12.9593863 ], [ 77.6554118, 12.9593834 ], [ 77.655537, 12.9593776 ], [ 77.6561471, 12.9593493 ], [ 77.6564752, 12.9593315 ], [ 77.6566702, 12.959321 ], [ 77.6569079, 12.9593086 ], [ 77.6570511, 12.9592991 ], [ 77.657149202853404, 12.959288401974495 ] ] } },
{ "type": "Feature", "properties": { "segment_id": "BLR_OMR_WHITEFIELD_006_4", "corridor_id": "OMR_WHITEFIELD", "corridor_name": "Old Madras Road / Whitefield Corridor", "road_name": "HAL Old Airport Road", "road_type": "primary", "segment_length_m": 438.8, "start_lat": 12.959288, "start_lon": 77.657149, "end_lat": 12.959334, "end_lon": 77.661163, "lanes": 2.0, "lane_count_available": 1, "speed_limit_kph": 30.0, "speed_limit_available": 1, "street_lighting": "unverified", "street_lighting_verified": 0, "junction_count": 2, "junction_density_per_km": 4.56, "crossing_count": 4, "bus_stop_count": 0, "btp_station": "Jeevan Bheemanagar Traffic PS", "btp_station_clean_name": "Jeevan Bheemanagar PS", "btp_overlap_ratio": 1.0, "btp_station_total_cases_2023": 85.0, "btp_station_fatal_cases_2023": 12.0, "btp_station_killed_people_2023": 12.0, "btp_station_nonfatal_cases_2023": 73.0, "btp_station_injuries_2023": 62.0, "btp_station_total_cases_2022": 48.0, "btp_station_fatal_cases_2022": 13.0, "btp_station_total_cases_2021": 32.0, "btp_station_fatal_cases_2021": 5.0 }, "geometry": { "type": "LineString", "coordinates": [ [ 77.657149202853404, 12.959288401974495 ], [ 77.6573583, 12.9592656 ], [ 77.6576569, 12.9592382 ], [ 77.6580586, 12.9591927 ], [ 77.6584374, 12.959161 ], [ 77.6592931, 12.9591069 ], [ 77.6596188, 12.9591059 ], [ 77.6596971, 12.9591085 ], [ 77.659843, 12.9591285 ], [ 77.660316300000019, 12.9592221 ], [ 77.6606912, 12.9592917 ], [ 77.6609837, 12.9593257 ], [ 77.6611625, 12.9593341 ] ] } },
{ "type": "Feature", "properties": { "segment_id": "BLR_OMR_WHITEFIELD_007", "corridor_id": "OMR_WHITEFIELD", "corridor_name": "Old Madras Road / Whitefield Corridor", "road_name": "HAL Old Airport Road", "road_type": "primary", "segment_length_m": 105.78, "start_lat": 12.960767, "start_lon": 77.641114, "end_lat": 12.960695, "end_lon": 77.642085, "lanes": 2.0, "lane_count_available": 1, "speed_limit_kph": null, "speed_limit_available": 0, "street_lighting": "unverified", "street_lighting_verified": 0, "junction_count": 2, "junction_density_per_km": 18.91, "crossing_count": 3, "bus_stop_count": 0, "btp_station": "Halasur Traffic PS", "btp_station_clean_name": "Halasur PS", "btp_overlap_ratio": 1.0, "btp_station_total_cases_2023": 67.0, "btp_station_fatal_cases_2023": 11.0, "btp_station_killed_people_2023": 11.0, "btp_station_nonfatal_cases_2023": 56.0, "btp_station_injuries_2023": 48.0, "btp_station_total_cases_2022": 76.0, "btp_station_fatal_cases_2022": 13.0, "btp_station_total_cases_2021": 47.0, "btp_station_fatal_cases_2021": 19.0 }, "geometry": { "type": "LineString", "coordinates": [ [ 77.6411141, 12.9607666 ], [ 77.6416033, 12.9607419 ], [ 77.6420854, 12.9606951 ] ] } },
{ "type": "Feature", "properties": { "segment_id": "BLR_OMR_WHITEFIELD_008", "corridor_id": "OMR_WHITEFIELD", "corridor_name": "Old Madras Road / Whitefield Corridor", "road_name": "Varthur Lake Road", "road_type": "primary", "segment_length_m": 61.51, "start_lat": 12.956396, "start_lon": 77.744973, "end_lat": 12.95678, "end_lon": 77.745375, "lanes": 2.0, "lane_count_available": 1, "speed_limit_kph": null, "speed_limit_available": 0, "street_lighting": "unverified", "street_lighting_verified": 0, "junction_count": 2, "junction_density_per_km": 32.52, "crossing_count": 0, "bus_stop_count": 0, "btp_station": "Whitefield Traffic  PS", "btp_station_clean_name": "Whitefield PS", "btp_overlap_ratio": 1.0, "btp_station_total_cases_2023": 316.0, "btp_station_fatal_cases_2023": 54.0, "btp_station_killed_people_2023": 56.0, "btp_station_nonfatal_cases_2023": 262.0, "btp_station_injuries_2023": 235.0, "btp_station_total_cases_2022": null, "btp_station_fatal_cases_2022": null, "btp_station_total_cases_2021": null, "btp_station_fatal_cases_2021": null }, "geometry": { "type": "LineString", "coordinates": [ [ 77.7449731, 12.9563959 ], [ 77.7450326, 12.9564471 ], [ 77.7451463, 12.9565919 ], [ 77.7452294, 12.9566351 ], [ 77.7453746, 12.9567797 ] ] } },
{ "type": "Feature", "properties": { "segment_id": "BLR_OMR_WHITEFIELD_009_1", "corridor_id": "OMR_WHITEFIELD", "corridor_name": "Old Madras Road / Whitefield Corridor", "road_name": "Hoodi Main Road", "road_type": "primary", "segment_length_m": 500.0, "start_lat": 12.984954, "start_lon": 77.708224, "end_lat": 12.988492, "end_lon": 77.710682, "lanes": 2.0, "lane_count_available": 1, "speed_limit_kph": 40.0, "speed_limit_available": 1, "street_lighting": "unverified", "street_lighting_verified": 0, "junction_count": 2, "junction_density_per_km": 4.0, "crossing_count": 0, "bus_stop_count": 0, "btp_station": "K.R. Puram Traffic  PS", "btp_station_clean_name": "K.R. Puram PS", "btp_overlap_ratio": 1.0, "btp_station_total_cases_2023": 254.0, "btp_station_fatal_cases_2023": 41.0, "btp_station_killed_people_2023": 42.0, "btp_station_nonfatal_cases_2023": 213.0, "btp_station_injuries_2023": 217.0, "btp_station_total_cases_2022": null, "btp_station_fatal_cases_2022": null, "btp_station_total_cases_2021": null, "btp_station_fatal_cases_2021": null }, "geometry": { "type": "LineString", "coordinates": [ [ 77.7082244, 12.9849539 ], [ 77.7082424, 12.9852016 ], [ 77.708261, 12.9853065 ], [ 77.7082866, 12.9854898 ], [ 77.7083458, 12.9857546 ], [ 77.7083767, 12.985832 ], [ 77.7086724, 12.9865721 ], [ 77.7087227, 12.9866569 ], [ 77.7087856, 12.9867766 ], [ 77.7091747, 12.9874421 ], [ 77.7092213, 12.9875116 ], [ 77.7092659, 12.9875613 ], [ 77.7093318, 12.9876222 ], [ 77.7093982, 12.9876817 ], [ 77.7094689, 12.9877453 ], [ 77.7095444, 12.9878151 ], [ 77.7096423, 12.9878752 ], [ 77.7096804, 12.9878986 ], [ 77.7097646, 12.9879503 ], [ 77.7099132, 12.9880405 ], [ 77.7099946, 12.9880915 ], [ 77.710682400172914, 12.988492382432032 ] ] } },
{ "type": "Feature", "properties": { "segment_id": "BLR_OMR_WHITEFIELD_009_2", "corridor_id": "OMR_WHITEFIELD", "corridor_name": "Old Madras Road / Whitefield Corridor", "road_name": "Hoodi Main Road", "road_type": "primary", "segment_length_m": 335.02, "start_lat": 12.988492, "start_lon": 77.710682, "end_lat": 12.990025, "end_lon": 77.713342, "lanes": 2.0, "lane_count_available": 1, "speed_limit_kph": 40.0, "speed_limit_available": 1, "street_lighting": "unverified", "street_lighting_verified": 0, "junction_count": 2, "junction_density_per_km": 5.97, "crossing_count": 0, "bus_stop_count": 0, "btp_station": "K.R. Puram Traffic  PS", "btp_station_clean_name": "K.R. Puram PS", "btp_overlap_ratio": 1.0, "btp_station_total_cases_2023": 254.0, "btp_station_fatal_cases_2023": 41.0, "btp_station_killed_people_2023": 42.0, "btp_station_nonfatal_cases_2023": 213.0, "btp_station_injuries_2023": 217.0, "btp_station_total_cases_2022": null, "btp_station_fatal_cases_2022": null, "btp_station_total_cases_2021": null, "btp_station_fatal_cases_2021": null }, "geometry": { "type": "LineString", "coordinates": [ [ 77.710682400172914, 12.988492382432032 ], [ 77.7107315, 12.988521 ], [ 77.7120201, 12.9892723 ], [ 77.7123785, 12.9894684 ], [ 77.712506, 12.989535 ], [ 77.7128114, 12.9897041 ], [ 77.7130223, 12.9898384 ], [ 77.7133424, 12.9900255 ] ] } },
{ "type": "Feature", "properties": { "segment_id": "BLR_OMR_WHITEFIELD_010", "corridor_id": "OMR_WHITEFIELD", "corridor_name": "Old Madras Road / Whitefield Corridor", "road_name": "HAL Old Airport Road", "road_type": "primary", "segment_length_m": 144.22, "start_lat": 12.960695, "start_lon": 77.642085, "end_lat": 12.960494, "end_lon": 77.643396, "lanes": 2.0, "lane_count_available": 1, "speed_limit_kph": null, "speed_limit_available": 0, "street_lighting": "unverified", "street_lighting_verified": 0, "junction_count": 2, "junction_density_per_km": 13.87, "crossing_count": 2, "bus_stop_count": 0, "btp_station": "Halasur Traffic PS", "btp_station_clean_name": "Halasur PS", "btp_overlap_ratio": 0.8575, "btp_station_total_cases_2023": 67.0, "btp_station_fatal_cases_2023": 11.0, "btp_station_killed_people_2023": 11.0, "btp_station_nonfatal_cases_2023": 56.0, "btp_station_injuries_2023": 48.0, "btp_station_total_cases_2022": 76.0, "btp_station_fatal_cases_2022": 13.0, "btp_station_total_cases_2021": 47.0, "btp_station_fatal_cases_2021": 19.0 }, "geometry": { "type": "LineString", "coordinates": [ [ 77.6420854, 12.9606951 ], [ 77.6422626, 12.9606619 ], [ 77.6427035, 12.9606159 ], [ 77.6431981, 12.9605471 ], [ 77.643396, 12.9604945 ] ] } },
{ "type": "Feature", "properties": { "segment_id": "BLR_OMR_WHITEFIELD_012", "corridor_id": "OMR_WHITEFIELD", "corridor_name": "Old Madras Road / Whitefield Corridor", "road_name": "Whitefield Road", "road_type": "primary", "segment_length_m": 401.23, "start_lat": 12.99221, "start_lon": 77.719634, "end_lat": 12.990598, "end_lon": 77.722918, "lanes": 2.0, "lane_count_available": 1, "speed_limit_kph": null, "speed_limit_available": 0, "street_lighting": "unverified", "street_lighting_verified": 0, "junction_count": 2, "junction_density_per_km": 4.98, "crossing_count": 0, "bus_stop_count": 0, "btp_station": "K.R. Puram Traffic  PS", "btp_station_clean_name": "K.R. Puram PS", "btp_overlap_ratio": 1.0, "btp_station_total_cases_2023": 254.0, "btp_station_fatal_cases_2023": 41.0, "btp_station_killed_people_2023": 42.0, "btp_station_nonfatal_cases_2023": 213.0, "btp_station_injuries_2023": 217.0, "btp_station_total_cases_2022": null, "btp_station_fatal_cases_2022": null, "btp_station_total_cases_2021": null, "btp_station_fatal_cases_2021": null }, "geometry": { "type": "LineString", "coordinates": [ [ 77.7196345, 12.9922102 ], [ 77.719738, 12.9921688 ], [ 77.7197627, 12.9921544 ], [ 77.7198019, 12.9921316 ], [ 77.7202955, 12.9918442 ], [ 77.7207526, 12.991557 ], [ 77.7207813, 12.9915398 ], [ 77.7210285, 12.9913868 ], [ 77.7211317, 12.9913243 ], [ 77.7212397, 12.9912564 ], [ 77.721641, 12.9910302 ], [ 77.7217364, 12.990985 ], [ 77.7218375, 12.9909372 ], [ 77.7219823, 12.9908683 ], [ 77.7220996, 12.9908318 ], [ 77.7222108, 12.9907972 ], [ 77.7226123, 12.9906823 ], [ 77.7227944, 12.9906342 ], [ 77.7228789, 12.9906093 ], [ 77.7229177, 12.9905978 ] ] } },
{ "type": "Feature", "properties": { "segment_id": "BLR_OMR_WHITEFIELD_013", "corridor_id": "OMR_WHITEFIELD", "corridor_name": "Old Madras Road / Whitefield Corridor", "road_name": "Hoodi Main Road", "road_type": "primary", "segment_length_m": 105.47, "start_lat": 12.991694, "start_lon": 77.715385, "end_lat": 12.991048, "end_lon": 77.714671, "lanes": null, "lane_count_available": 0, "speed_limit_kph": null, "speed_limit_available": 0, "street_lighting": "unverified", "street_lighting_verified": 0, "junction_count": 2, "junction_density_per_km": 18.96, "crossing_count": 0, "bus_stop_count": 0, "btp_station": "K.R. Puram Traffic  PS", "btp_station_clean_name": "K.R. Puram PS", "btp_overlap_ratio": 1.0, "btp_station_total_cases_2023": 254.0, "btp_station_fatal_cases_2023": 41.0, "btp_station_killed_people_2023": 42.0, "btp_station_nonfatal_cases_2023": 213.0, "btp_station_injuries_2023": 217.0, "btp_station_total_cases_2022": null, "btp_station_fatal_cases_2022": null, "btp_station_total_cases_2021": null, "btp_station_fatal_cases_2021": null }, "geometry": { "type": "LineString", "coordinates": [ [ 77.7153855, 12.9916939 ], [ 77.7151017, 12.9914276 ], [ 77.7147914, 12.9911531 ], [ 77.7146712, 12.9910483 ] ] } },
{ "type": "Feature", "properties": { "segment_id": "BLR_OMR_WHITEFIELD_014_1", "corridor_id": "OMR_WHITEFIELD", "corridor_name": "Old Madras Road / Whitefield Corridor", "road_name": "Whitefield Main Road", "road_type": "primary", "segment_length_m": 500.0, "start_lat": 12.961349, "start_lon": 77.747633, "end_lat": 12.965683, "end_lon": 77.748894, "lanes": 2.0, "lane_count_available": 1, "speed_limit_kph": null, "speed_limit_available": 0, "street_lighting": "unverified", "street_lighting_verified": 0, "junction_count": 2, "junction_density_per_km": 4.0, "crossing_count": 2, "bus_stop_count": 0, "btp_station": "Whitefield Traffic  PS", "btp_station_clean_name": "Whitefield PS", "btp_overlap_ratio": 1.0, "btp_station_total_cases_2023": 316.0, "btp_station_fatal_cases_2023": 54.0, "btp_station_killed_people_2023": 56.0, "btp_station_nonfatal_cases_2023": 262.0, "btp_station_injuries_2023": 235.0, "btp_station_total_cases_2022": null, "btp_station_fatal_cases_2022": null, "btp_station_total_cases_2021": null, "btp_station_fatal_cases_2021": null }, "geometry": { "type": "LineString", "coordinates": [ [ 77.7476326, 12.9613488 ], [ 77.7476395, 12.961439 ], [ 77.7476512, 12.9615928 ], [ 77.7476588, 12.9616912 ], [ 77.7476855, 12.9618387 ], [ 77.7478827, 12.9624381 ], [ 77.7480572, 12.9630071 ], [ 77.7481139, 12.9631596 ], [ 77.7482234, 12.9635345 ], [ 77.7482917, 12.9637278 ], [ 77.7483488, 12.9638847 ], [ 77.7484354, 12.9641555 ], [ 77.7484756, 12.9642949 ], [ 77.7486567, 12.9649242 ], [ 77.7486832, 12.9650079 ], [ 77.7487105, 12.9650941 ], [ 77.7487945, 12.9653659 ], [ 77.748893534205905, 12.965682615803813 ] ] } },
{ "type": "Feature", "properties": { "segment_id": "BLR_OMR_WHITEFIELD_014_2", "corridor_id": "OMR_WHITEFIELD", "corridor_name": "Old Madras Road / Whitefield Corridor", "road_name": "Whitefield Main Road", "road_type": "primary", "segment_length_m": 323.21, "start_lat": 12.965683, "start_lon": 77.748894, "end_lat": 12.96849, "end_lon": 77.749706, "lanes": 2.0, "lane_count_available": 1, "speed_limit_kph": null, "speed_limit_available": 0, "street_lighting": "unverified", "street_lighting_verified": 0, "junction_count": 2, "junction_density_per_km": 6.19, "crossing_count": 0, "bus_stop_count": 0, "btp_station": "Whitefield Traffic  PS", "btp_station_clean_name": "Whitefield PS", "btp_overlap_ratio": 1.0, "btp_station_total_cases_2023": 316.0, "btp_station_fatal_cases_2023": 54.0, "btp_station_killed_people_2023": 56.0, "btp_station_nonfatal_cases_2023": 262.0, "btp_station_injuries_2023": 235.0, "btp_station_total_cases_2022": null, "btp_station_fatal_cases_2022": null, "btp_station_total_cases_2021": null, "btp_station_fatal_cases_2021": null }, "geometry": { "type": "LineString", "coordinates": [ [ 77.748893534205905, 12.965682615803813 ], [ 77.7490288, 12.9661152 ], [ 77.7491135, 12.9663685 ], [ 77.7492754, 12.9669014 ], [ 77.7495178, 12.9677494 ], [ 77.7497059, 12.9684905 ] ] } },
{ "type": "Feature", "properties": { "segment_id": "BLR_OMR_WHITEFIELD_015", "corridor_id": "OMR_WHITEFIELD", "corridor_name": "Old Madras Road / Whitefield Corridor", "road_name": "Varthur Road", "road_type": "primary_link", "segment_length_m": 178.59, "start_lat": 12.956022, "start_lon": 77.714884, "end_lat": 12.955832, "end_lon": 77.716499, "lanes": 2.0, "lane_count_available": 1, "speed_limit_kph": null, "speed_limit_available": 0, "street_lighting": "unverified", "street_lighting_verified": 0, "junction_count": 2, "junction_density_per_km": 11.2, "crossing_count": 4, "bus_stop_count": 0, "btp_station": "Whitefield Traffic  PS", "btp_station_clean_name": "Whitefield PS", "btp_overlap_ratio": 0.9697, "btp_station_total_cases_2023": 316.0, "btp_station_fatal_cases_2023": 54.0, "btp_station_killed_people_2023": 56.0, "btp_station_nonfatal_cases_2023": 262.0, "btp_station_injuries_2023": 235.0, "btp_station_total_cases_2022": null, "btp_station_fatal_cases_2022": null, "btp_station_total_cases_2021": null, "btp_station_fatal_cases_2021": null }, "geometry": { "type": "LineString", "coordinates": [ [ 77.7148843, 12.9560223 ], [ 77.7150265, 12.9560123 ], [ 77.7158996, 12.9559429 ], [ 77.7162416, 12.9559184 ], [ 77.716298, 12.9559126 ], [ 77.7163905, 12.9559031 ], [ 77.7164233, 12.9558905 ], [ 77.7164473, 12.9558825 ], [ 77.7164989, 12.9558317 ] ] } },
{ "type": "Feature", "properties": { "segment_id": "BLR_OMR_WHITEFIELD_016", "corridor_id": "OMR_WHITEFIELD", "corridor_name": "Old Madras Road / Whitefield Corridor", "road_name": "Whitefield Road", "road_type": "primary", "segment_length_m": 403.45, "start_lat": 12.990521, "start_lon": 77.722905, "end_lat": 12.992144, "end_lon": 77.719604, "lanes": 2.0, "lane_count_available": 1, "speed_limit_kph": null, "speed_limit_available": 0, "street_lighting": "unverified", "street_lighting_verified": 0, "junction_count": 2, "junction_density_per_km": 4.96, "crossing_count": 0, "bus_stop_count": 0, "btp_station": "K.R. Puram Traffic  PS", "btp_station_clean_name": "K.R. Puram PS", "btp_overlap_ratio": 1.0, "btp_station_total_cases_2023": 254.0, "btp_station_fatal_cases_2023": 41.0, "btp_station_killed_people_2023": 42.0, "btp_station_nonfatal_cases_2023": 213.0, "btp_station_injuries_2023": 217.0, "btp_station_total_cases_2022": null, "btp_station_fatal_cases_2022": null, "btp_station_total_cases_2021": null, "btp_station_fatal_cases_2021": null }, "geometry": { "type": "LineString", "coordinates": [ [ 77.7229047, 12.9905213 ], [ 77.7223682, 12.9906826 ], [ 77.7219753, 12.9907936 ], [ 77.7218356, 12.990847 ], [ 77.7217589, 12.9908851 ], [ 77.7216235, 12.9909675 ], [ 77.7214793, 12.991048 ], [ 77.7211124, 12.9912529 ], [ 77.7209983, 12.9913108 ], [ 77.7208143, 12.9914156 ], [ 77.7203255, 12.9917387 ], [ 77.7200329, 12.9919098 ], [ 77.7199181, 12.991977 ], [ 77.7197664, 12.9920657 ], [ 77.7197348, 12.9920841 ], [ 77.7197053, 12.9921014 ], [ 77.7196351, 12.9921311 ], [ 77.7196043, 12.9921442 ] ] } },
{ "type": "Feature", "properties": { "segment_id": "BLR_OMR_WHITEFIELD_017_1", "corridor_id": "OMR_WHITEFIELD", "corridor_name": "Old Madras Road / Whitefield Corridor", "road_name": "Whitefield Road", "road_type": "primary", "segment_length_m": 500.0, "start_lat": 12.990598, "start_lon": 77.722918, "end_lat": 12.989078, "end_lon": 77.727213, "lanes": 2.0, "lane_count_available": 1, "speed_limit_kph": null, "speed_limit_available": 0, "street_lighting": "unverified", "street_lighting_verified": 0, "junction_count": 2, "junction_density_per_km": 4.0, "crossing_count": 0, "bus_stop_count": 0, "btp_station": "K.R. Puram Traffic  PS", "btp_station_clean_name": "K.R. Puram PS", "btp_overlap_ratio": 0.9058, "btp_station_total_cases_2023": 254.0, "btp_station_fatal_cases_2023": 41.0, "btp_station_killed_people_2023": 42.0, "btp_station_nonfatal_cases_2023": 213.0, "btp_station_injuries_2023": 217.0, "btp_station_total_cases_2022": null, "btp_station_fatal_cases_2022": null, "btp_station_total_cases_2021": null, "btp_station_fatal_cases_2021": null }, "geometry": { "type": "LineString", "coordinates": [ [ 77.7229177, 12.9905978 ], [ 77.7231487, 12.9905353 ], [ 77.7234856, 12.9904458 ], [ 77.7237028, 12.9903888 ], [ 77.7238724, 12.9903442 ], [ 77.7240334, 12.9902953 ], [ 77.7248047, 12.9900613 ], [ 77.7249695, 12.9899865 ], [ 77.7252603, 12.9898544 ], [ 77.725423, 12.9897624 ], [ 77.7256, 12.9896442 ], [ 77.7259066, 12.9894267 ], [ 77.7260297, 12.9893638 ], [ 77.7261406, 12.989325 ], [ 77.726369, 12.9892712 ], [ 77.7266621, 12.9892004 ], [ 77.7267562, 12.9891786 ], [ 77.7268464, 12.9891572 ], [ 77.727212, 12.9890783 ], [ 77.727212966637822, 12.989078064307506 ] ] } },
{ "type": "Feature", "properties": { "segment_id": "BLR_OMR_WHITEFIELD_017_2", "corridor_id": "OMR_WHITEFIELD", "corridor_name": "Old Madras Road / Whitefield Corridor", "road_name": "Whitefield Road", "road_type": "primary", "segment_length_m": 271.3, "start_lat": 12.989078, "start_lon": 77.727213, "end_lat": 12.988586, "end_lon": 77.72966, "lanes": 2.0, "lane_count_available": 1, "speed_limit_kph": null, "speed_limit_available": 0, "street_lighting": "unverified", "street_lighting_verified": 0, "junction_count": 2, "junction_density_per_km": 7.37, "crossing_count": 0, "bus_stop_count": 0, "btp_station": "Whitefield Traffic  PS", "btp_station_clean_name": "Whitefield PS", "btp_overlap_ratio": 1.0, "btp_station_total_cases_2023": 316.0, "btp_station_fatal_cases_2023": 54.0, "btp_station_killed_people_2023": 56.0, "btp_station_nonfatal_cases_2023": 262.0, "btp_station_injuries_2023": 235.0, "btp_station_total_cases_2022": null, "btp_station_fatal_cases_2022": null, "btp_station_total_cases_2021": null, "btp_station_fatal_cases_2021": null }, "geometry": { "type": "LineString", "coordinates": [ [ 77.727212966637822, 12.989078064307506 ], [ 77.7272444, 12.9890704 ], [ 77.727475, 12.9890223 ], [ 77.7275695, 12.9890025 ], [ 77.7285691, 12.9887773 ], [ 77.7287564, 12.9887406 ], [ 77.7291409, 12.9886703 ], [ 77.7291828, 12.9886635 ], [ 77.7296303, 12.9885906 ], [ 77.7296603, 12.9885859 ] ] } },
{ "type": "Feature", "properties": { "segment_id": "BLR_OMR_WHITEFIELD_018_1", "corridor_id": "OMR_WHITEFIELD", "corridor_name": "Old Madras Road / Whitefield Corridor", "road_name": "WhiteField  - Hoskote Road", "road_type": "primary", "segment_length_m": 500.0, "start_lat": 12.989998, "start_lon": 77.755115, "end_lat": 12.985834, "end_lon": 77.753335, "lanes": 2.0, "lane_count_available": 1, "speed_limit_kph": 60.0, "speed_limit_available": 1, "street_lighting": "unverified", "street_lighting_verified": 0, "junction_count": 2, "junction_density_per_km": 4.0, "crossing_count": 0, "bus_stop_count": 0, "btp_station": "Whitefield Traffic  PS", "btp_station_clean_name": "Whitefield PS", "btp_overlap_ratio": 1.0, "btp_station_total_cases_2023": 316.0, "btp_station_fatal_cases_2023": 54.0, "btp_station_killed_people_2023": 56.0, "btp_station_nonfatal_cases_2023": 262.0, "btp_station_injuries_2023": 235.0, "btp_station_total_cases_2022": null, "btp_station_fatal_cases_2022": null, "btp_station_total_cases_2021": null, "btp_station_fatal_cases_2021": null }, "geometry": { "type": "LineString", "coordinates": [ [ 77.7551147, 12.9899982 ], [ 77.7550263, 12.9898389 ], [ 77.7548674, 12.9894785 ], [ 77.754815, 12.9893524 ], [ 77.7544233, 12.9884114 ], [ 77.7542706, 12.9880528 ], [ 77.7536351, 12.9865539 ], [ 77.7534967, 12.9862156 ], [ 77.7534338, 12.9860617 ], [ 77.7533477, 12.9858665 ], [ 77.753334690198102, 12.985833990078156 ] ] } },
{ "type": "Feature", "properties": { "segment_id": "BLR_OMR_WHITEFIELD_018_2", "corridor_id": "OMR_WHITEFIELD", "corridor_name": "Old Madras Road / Whitefield Corridor", "road_name": "WhiteField  - Hoskote Road", "road_type": "primary", "segment_length_m": 241.5, "start_lat": 12.985834, "start_lon": 77.753335, "end_lat": 12.98381, "end_lon": 77.752507, "lanes": 2.0, "lane_count_available": 1, "speed_limit_kph": 60.0, "speed_limit_available": 1, "street_lighting": "unverified", "street_lighting_verified": 0, "junction_count": 2, "junction_density_per_km": 8.28, "crossing_count": 10, "bus_stop_count": 0, "btp_station": "Whitefield Traffic  PS", "btp_station_clean_name": "Whitefield PS", "btp_overlap_ratio": 1.0, "btp_station_total_cases_2023": 316.0, "btp_station_fatal_cases_2023": 54.0, "btp_station_killed_people_2023": 56.0, "btp_station_nonfatal_cases_2023": 262.0, "btp_station_injuries_2023": 235.0, "btp_station_total_cases_2022": null, "btp_station_fatal_cases_2022": null, "btp_station_total_cases_2021": null, "btp_station_fatal_cases_2021": null }, "geometry": { "type": "LineString", "coordinates": [ [ 77.753334690198102, 12.985833990078156 ], [ 77.7531232, 12.9853055 ], [ 77.7529906, 12.9850034 ], [ 77.7527885, 12.9845067 ], [ 77.75263, 12.9841171 ], [ 77.7526162, 12.9840804 ], [ 77.7525664, 12.9839487 ], [ 77.7525526, 12.9839158 ], [ 77.7525067, 12.9838096 ] ] } },
{ "type": "Feature", "properties": { "segment_id": "BLR_OMR_WHITEFIELD_019_1", "corridor_id": "OMR_WHITEFIELD", "corridor_name": "Old Madras Road / Whitefield Corridor", "road_name": "WhiteField - Hoskote Road / WhiteField  - Hoskote Road / Kadugodi Main Road / Kadugodi Railway Bridge", "road_type": "primary", "segment_length_m": 500.0, "start_lat": 13.00049, "start_lon": 77.757789, "end_lat": 12.996053, "end_lon": 77.758345, "lanes": 2.0, "lane_count_available": 1, "speed_limit_kph": 60.0, "speed_limit_available": 1, "street_lighting": "unverified", "street_lighting_verified": 0, "junction_count": 1, "junction_density_per_km": 2.0, "crossing_count": 0, "bus_stop_count": 0, "btp_station": "Whitefield Traffic  PS", "btp_station_clean_name": "Whitefield PS", "btp_overlap_ratio": 1.0, "btp_station_total_cases_2023": 316.0, "btp_station_fatal_cases_2023": 54.0, "btp_station_killed_people_2023": 56.0, "btp_station_nonfatal_cases_2023": 262.0, "btp_station_injuries_2023": 235.0, "btp_station_total_cases_2022": null, "btp_station_fatal_cases_2022": null, "btp_station_total_cases_2021": null, "btp_station_fatal_cases_2021": null }, "geometry": { "type": "LineString", "coordinates": [ [ 77.7577891, 13.0004896 ], [ 77.7578054, 13.0003918 ], [ 77.7579855, 12.9995767 ], [ 77.7581667, 12.9986904 ], [ 77.7582988, 12.9980424 ], [ 77.7584133, 12.9974476 ], [ 77.7584872, 12.9970647 ], [ 77.75849030000002, 12.9969777 ], [ 77.7584864, 12.9968906 ], [ 77.75834502918724, 12.996052743659883 ] ] } },
{ "type": "Feature", "properties": { "segment_id": "BLR_OMR_WHITEFIELD_019_2", "corridor_id": "OMR_WHITEFIELD", "corridor_name": "Old Madras Road / Whitefield Corridor", "road_name": "WhiteField - Hoskote Road / WhiteField  - Hoskote Road / Kadugodi Main Road / Kadugodi Railway Bridge", "road_type": "primary", "segment_length_m": 593.29, "start_lat": 12.996053, "start_lon": 77.758345, "end_lat": 12.991287, "end_lon": 77.756058, "lanes": 2.0, "lane_count_available": 1, "speed_limit_kph": 60.0, "speed_limit_available": 1, "street_lighting": "unverified", "street_lighting_verified": 0, "junction_count": 1, "junction_density_per_km": 1.69, "crossing_count": 0, "bus_stop_count": 0, "btp_station": "Whitefield Traffic  PS", "btp_station_clean_name": "Whitefield PS", "btp_overlap_ratio": 1.0, "btp_station_total_cases_2023": 316.0, "btp_station_fatal_cases_2023": 54.0, "btp_station_killed_people_2023": 56.0, "btp_station_nonfatal_cases_2023": 262.0, "btp_station_injuries_2023": 235.0, "btp_station_total_cases_2022": null, "btp_station_fatal_cases_2022": null, "btp_station_total_cases_2021": null, "btp_station_fatal_cases_2021": null }, "geometry": { "type": "LineString", "coordinates": [ [ 77.75834502918724, 12.996052743659883 ], [ 77.7583446, 12.9960502 ], [ 77.7582973, 12.9958454 ], [ 77.7582532, 12.9956864 ], [ 77.7581798, 12.9954772 ], [ 77.7580591, 12.995195 ], [ 77.7580106, 12.9950767 ], [ 77.7578774, 12.994738 ], [ 77.757844, 12.9946454 ], [ 77.7578103, 12.9945193 ], [ 77.7578067, 12.9945059 ], [ 77.7577793, 12.9944172 ], [ 77.7577393, 12.9942877 ], [ 77.7575989, 12.9939975 ], [ 77.7575442, 12.9937897 ], [ 77.7575196, 12.9936361 ], [ 77.7574884, 12.9933622 ], [ 77.7574723, 12.9932683 ], [ 77.7574415, 12.9931596 ], [ 77.7574062, 12.9930725 ], [ 77.7573708, 12.9930013 ], [ 77.7573286, 12.9929382 ], [ 77.7572855, 12.9928906 ], [ 77.7571476, 12.9927475 ], [ 77.7569946, 12.9925611 ], [ 77.7568997, 12.9924332 ], [ 77.7563891, 12.9917355 ], [ 77.7560918, 12.9913325 ], [ 77.7560581, 12.9912873 ] ] } },
{ "type": "Feature", "properties": { "segment_id": "BLR_OMR_WHITEFIELD_020", "corridor_id": "OMR_WHITEFIELD", "corridor_name": "Old Madras Road / Whitefield Corridor", "road_name": "Whitefield Main Road", "road_type": "primary", "segment_length_m": 564.34, "start_lat": 12.961355, "start_lon": 77.747703, "end_lat": 12.956794, "end_lon": 77.745519, "lanes": 2.0, "lane_count_available": 1, "speed_limit_kph": null, "speed_limit_available": 0, "street_lighting": "unverified", "street_lighting_verified": 0, "junction_count": 2, "junction_density_per_km": 3.54, "crossing_count": 0, "bus_stop_count": 0, "btp_station": "Whitefield Traffic  PS", "btp_station_clean_name": "Whitefield PS", "btp_overlap_ratio": 1.0, "btp_station_total_cases_2023": 316.0, "btp_station_fatal_cases_2023": 54.0, "btp_station_killed_people_2023": 56.0, "btp_station_nonfatal_cases_2023": 262.0, "btp_station_injuries_2023": 235.0, "btp_station_total_cases_2022": null, "btp_station_fatal_cases_2022": null, "btp_station_total_cases_2021": null, "btp_station_fatal_cases_2021": null }, "geometry": { "type": "LineString", "coordinates": [ [ 77.7477027, 12.9613551 ], [ 77.7476739, 12.9612011 ], [ 77.7475965, 12.9610252 ], [ 77.7471337, 12.9601389 ], [ 77.7469363, 12.9597874 ], [ 77.7468261, 12.9595912 ], [ 77.7467242, 12.9594098 ], [ 77.7466851, 12.9593402 ], [ 77.7466403, 12.9592603 ], [ 77.7466075, 12.9591999 ], [ 77.7465791, 12.9591474 ], [ 77.7464663, 12.9589396 ], [ 77.7462818, 12.9585816 ], [ 77.7462625, 12.9585442 ], [ 77.7461545, 12.9583208 ], [ 77.7459062, 12.9577647 ], [ 77.7457545, 12.9573928 ], [ 77.7457458, 12.9573485 ], [ 77.7457246, 12.9572412 ], [ 77.745711, 12.957123 ], [ 77.7457002, 12.9569954 ], [ 77.7456603, 12.9568806 ], [ 77.7455851, 12.9568159 ], [ 77.7455189, 12.9567937 ] ] } },
{ "type": "Feature", "properties": { "segment_id": "BLR_OMR_WHITEFIELD_021_1", "corridor_id": "OMR_WHITEFIELD", "corridor_name": "Old Madras Road / Whitefield Corridor", "road_name": "Whitefield Road", "road_type": "primary", "segment_length_m": 500.0, "start_lat": 13.000411, "start_lon": 77.679125, "end_lat": 13.000402, "end_lon": 77.683714, "lanes": 3.0, "lane_count_available": 1, "speed_limit_kph": null, "speed_limit_available": 0, "street_lighting": "unverified", "street_lighting_verified": 0, "junction_count": 2, "junction_density_per_km": 4.0, "crossing_count": 0, "bus_stop_count": 0, "btp_station": "K.R. Puram Traffic  PS", "btp_station_clean_name": "K.R. Puram PS", "btp_overlap_ratio": 1.0, "btp_station_total_cases_2023": 254.0, "btp_station_fatal_cases_2023": 41.0, "btp_station_killed_people_2023": 42.0, "btp_station_nonfatal_cases_2023": 213.0, "btp_station_injuries_2023": 217.0, "btp_station_total_cases_2022": null, "btp_station_fatal_cases_2022": null, "btp_station_total_cases_2021": null, "btp_station_fatal_cases_2021": null }, "geometry": { "type": "LineString", "coordinates": [ [ 77.6791245, 13.0004114 ], [ 77.6797285, 13.0005191 ], [ 77.6802173, 13.0005408 ], [ 77.6807185, 13.0005267 ], [ 77.6812254, 13.000477 ], [ 77.6812977, 13.0004699 ], [ 77.6815557, 13.0004352 ], [ 77.682128, 13.000411 ], [ 77.6825697, 13.0003979 ], [ 77.6832227, 13.0004006 ], [ 77.6835637, 13.0004044 ], [ 77.6836496, 13.0004037 ], [ 77.683713760225658, 13.000401743861751 ] ] } },
{ "type": "Feature", "properties": { "segment_id": "BLR_OMR_WHITEFIELD_021_2", "corridor_id": "OMR_WHITEFIELD", "corridor_name": "Old Madras Road / Whitefield Corridor", "road_name": "Whitefield Road", "road_type": "primary", "segment_length_m": 500.0, "start_lat": 13.000402, "start_lon": 77.683714, "end_lat": 12.999195, "end_lon": 77.687973, "lanes": 3.0, "lane_count_available": 1, "speed_limit_kph": null, "speed_limit_available": 0, "street_lighting": "unverified", "street_lighting_verified": 0, "junction_count": 2, "junction_density_per_km": 4.0, "crossing_count": 0, "bus_stop_count": 0, "btp_station": "K.R. Puram Traffic  PS", "btp_station_clean_name": "K.R. Puram PS", "btp_overlap_ratio": 1.0, "btp_station_total_cases_2023": 254.0, "btp_station_fatal_cases_2023": 41.0, "btp_station_killed_people_2023": 42.0, "btp_station_nonfatal_cases_2023": 213.0, "btp_station_injuries_2023": 217.0, "btp_station_total_cases_2022": null, "btp_station_fatal_cases_2022": null, "btp_station_total_cases_2021": null, "btp_station_fatal_cases_2021": null }, "geometry": { "type": "LineString", "coordinates": [ [ 77.683713760225658, 13.000401743861751 ], [ 77.6843482, 13.0003824 ], [ 77.6845686, 13.0003701 ], [ 77.6851873, 13.0003355 ], [ 77.6860321, 13.0002563 ], [ 77.6863186, 13.0002295 ], [ 77.6865798, 13.0001814 ], [ 77.6867642, 13.0000947 ], [ 77.6868087, 13.0000738 ], [ 77.6870192, 12.9999495 ], [ 77.6872872, 12.9997739 ], [ 77.6874325, 12.9996787 ], [ 77.6876092, 12.9995393 ], [ 77.6876636, 12.9994886 ], [ 77.6877385, 12.9994187 ], [ 77.6879334, 12.9992369 ], [ 77.687972661003215, 12.99919548514017 ] ] } },
{ "type": "Feature", "properties": { "segment_id": "BLR_OMR_WHITEFIELD_021_3", "corridor_id": "OMR_WHITEFIELD", "corridor_name": "Old Madras Road / Whitefield Corridor", "road_name": "Whitefield Road", "road_type": "primary", "segment_length_m": 500.0, "start_lat": 12.999195, "start_lon": 77.687973, "end_lat": 12.996905, "end_lon": 77.691854, "lanes": 3.0, "lane_count_available": 1, "speed_limit_kph": null, "speed_limit_available": 0, "street_lighting": "unverified", "street_lighting_verified": 0, "junction_count": 2, "junction_density_per_km": 4.0, "crossing_count": 0, "bus_stop_count": 0, "btp_station": "K.R. Puram Traffic  PS", "btp_station_clean_name": "K.R. Puram PS", "btp_overlap_ratio": 1.0, "btp_station_total_cases_2023": 254.0, "btp_station_fatal_cases_2023": 41.0, "btp_station_killed_people_2023": 42.0, "btp_station_nonfatal_cases_2023": 213.0, "btp_station_injuries_2023": 217.0, "btp_station_total_cases_2022": null, "btp_station_fatal_cases_2022": null, "btp_station_total_cases_2021": null, "btp_station_fatal_cases_2021": null }, "geometry": { "type": "LineString", "coordinates": [ [ 77.687972661003215, 12.99919548514017 ], [ 77.6883982, 12.9987466 ], [ 77.6885652, 12.9985458 ], [ 77.6886786, 12.998425 ], [ 77.6887701, 12.9983436 ], [ 77.688803, 12.9983143 ], [ 77.6889476, 12.9982094 ], [ 77.6890761, 12.9981389 ], [ 77.6893509, 12.9980114 ], [ 77.6903755, 12.9974961 ], [ 77.6907102, 12.9973278 ], [ 77.6907171, 12.9973243 ], [ 77.6908069, 12.9972869 ], [ 77.6909235, 12.9972383 ], [ 77.6912292, 12.9971246 ], [ 77.6913544, 12.9970781 ], [ 77.691488, 12.9970284 ], [ 77.6917973, 12.9969235 ], [ 77.691853574710336, 12.996904684917419 ] ] } },
{ "type": "Feature", "properties": { "segment_id": "BLR_OMR_WHITEFIELD_021_4", "corridor_id": "OMR_WHITEFIELD", "corridor_name": "Old Madras Road / Whitefield Corridor", "road_name": "Whitefield Road", "road_type": "primary", "segment_length_m": 500.0, "start_lat": 12.996905, "start_lon": 77.691854, "end_lat": 12.995392, "end_lon": 77.696174, "lanes": 3.0, "lane_count_available": 1, "speed_limit_kph": null, "speed_limit_available": 0, "street_lighting": "unverified", "street_lighting_verified": 0, "junction_count": 2, "junction_density_per_km": 4.0, "crossing_count": 4, "bus_stop_count": 0, "btp_station": "K.R. Puram Traffic  PS", "btp_station_clean_name": "K.R. Puram PS", "btp_overlap_ratio": 1.0, "btp_station_total_cases_2023": 254.0, "btp_station_fatal_cases_2023": 41.0, "btp_station_killed_people_2023": 42.0, "btp_station_nonfatal_cases_2023": 213.0, "btp_station_injuries_2023": 217.0, "btp_station_total_cases_2022": null, "btp_station_fatal_cases_2022": null, "btp_station_total_cases_2021": null, "btp_station_fatal_cases_2021": null }, "geometry": { "type": "LineString", "coordinates": [ [ 77.691853574710336, 12.996904684917419 ], [ 77.6920282, 12.9968463 ], [ 77.6926018, 12.9966465 ], [ 77.6933423, 12.9963976 ], [ 77.6936571, 12.9962866 ], [ 77.6937264, 12.9962601 ], [ 77.6937776, 12.9962406 ], [ 77.694104, 12.9960969 ], [ 77.6946516, 12.9958457 ], [ 77.6947535, 12.9957932 ], [ 77.6949159, 12.9957142 ], [ 77.6952264, 12.9955879 ], [ 77.6953693, 12.9955386 ], [ 77.6954121, 12.9955279 ], [ 77.6955744, 12.9954872 ], [ 77.6957011, 12.9954676 ], [ 77.6958737, 12.9954346 ], [ 77.696059, 12.9954089 ], [ 77.6961443, 12.9953966 ], [ 77.696174392608313, 12.995391956080057 ] ] } },
{ "type": "Feature", "properties": { "segment_id": "BLR_OMR_WHITEFIELD_021_5", "corridor_id": "OMR_WHITEFIELD", "corridor_name": "Old Madras Road / Whitefield Corridor", "road_name": "Whitefield Road", "road_type": "primary", "segment_length_m": 261.74, "start_lat": 12.995392, "start_lon": 77.696174, "end_lat": 12.994916, "end_lon": 77.698528, "lanes": 3.0, "lane_count_available": 1, "speed_limit_kph": null, "speed_limit_available": 0, "street_lighting": "unverified", "street_lighting_verified": 0, "junction_count": 2, "junction_density_per_km": 7.64, "crossing_count": 2, "bus_stop_count": 0, "btp_station": "K.R. Puram Traffic  PS", "btp_station_clean_name": "K.R. Puram PS", "btp_overlap_ratio": 1.0, "btp_station_total_cases_2023": 254.0, "btp_station_fatal_cases_2023": 41.0, "btp_station_killed_people_2023": 42.0, "btp_station_nonfatal_cases_2023": 213.0, "btp_station_injuries_2023": 217.0, "btp_station_total_cases_2022": null, "btp_station_fatal_cases_2022": null, "btp_station_total_cases_2021": null, "btp_station_fatal_cases_2021": null }, "geometry": { "type": "LineString", "coordinates": [ [ 77.696174392608313, 12.995391956080057 ], [ 77.6961929, 12.9953891 ], [ 77.6962825, 12.9953741 ], [ 77.6966506, 12.9953336 ], [ 77.6968467, 12.9953075 ], [ 77.6969031, 12.9953 ], [ 77.6976147, 12.995174 ], [ 77.6979517, 12.9951053 ], [ 77.698041, 12.995088 ], [ 77.698528300000021, 12.994916 ] ] } },
{ "type": "Feature", "properties": { "segment_id": "BLR_OMR_WHITEFIELD_022", "corridor_id": "OMR_WHITEFIELD", "corridor_name": "Old Madras Road / Whitefield Corridor", "road_name": "Hoodi Main Road / Whitefield Road", "road_type": "primary", "segment_length_m": 582.61, "start_lat": 12.992144, "start_lon": 77.719604, "end_lat": 12.991001, "end_lon": 77.71472, "lanes": 2.0, "lane_count_available": 1, "speed_limit_kph": 40.0, "speed_limit_available": 1, "street_lighting": "unverified", "street_lighting_verified": 0, "junction_count": 2, "junction_density_per_km": 3.43, "crossing_count": 0, "bus_stop_count": 0, "btp_station": "K.R. Puram Traffic  PS", "btp_station_clean_name": "K.R. Puram PS", "btp_overlap_ratio": 1.0, "btp_station_total_cases_2023": 254.0, "btp_station_fatal_cases_2023": 41.0, "btp_station_killed_people_2023": 42.0, "btp_station_nonfatal_cases_2023": 213.0, "btp_station_injuries_2023": 217.0, "btp_station_total_cases_2022": null, "btp_station_fatal_cases_2022": null, "btp_station_total_cases_2021": null, "btp_station_fatal_cases_2021": null }, "geometry": { "type": "LineString", "coordinates": [ [ 77.7196043, 12.9921442 ], [ 77.7195277, 12.9921606 ], [ 77.7194597, 12.9921723 ], [ 77.7192719, 12.9921859 ], [ 77.7189582, 12.992194 ], [ 77.7188271, 12.9921974 ], [ 77.7187621, 12.9921968 ], [ 77.7184845, 12.9921906 ], [ 77.7183302, 12.9921931 ], [ 77.7180661, 12.9921851 ], [ 77.7177856, 12.9921806 ], [ 77.7177102, 12.9921854 ], [ 77.7169324, 12.992222 ], [ 77.7165339, 12.9922515 ], [ 77.7164426, 12.9922582 ], [ 77.7161997, 12.9922225 ], [ 77.7160004, 12.9921587 ], [ 77.7159078, 12.9920914 ], [ 77.7158361, 12.9920366 ], [ 77.715653, 12.9918594 ], [ 77.7155801, 12.991787 ], [ 77.715555, 12.9917622 ], [ 77.7154469, 12.9916549 ], [ 77.7151473, 12.9913879 ], [ 77.7151087, 12.991345 ], [ 77.7149602, 12.9912153 ], [ 77.7148426, 12.9911122 ], [ 77.7147198, 12.9910011 ] ] } },
{ "type": "Feature", "properties": { "segment_id": "BLR_OMR_WHITEFIELD_023", "corridor_id": "OMR_WHITEFIELD", "corridor_name": "Old Madras Road / Whitefield Corridor", "road_name": "HAL Old Airport Road", "road_type": "primary", "segment_length_m": 106.43, "start_lat": 12.960855, "start_lon": 77.640139, "end_lat": 12.960767, "end_lon": 77.641114, "lanes": 2.0, "lane_count_available": 1, "speed_limit_kph": null, "speed_limit_available": 0, "street_lighting": "unverified", "street_lighting_verified": 0, "junction_count": 1, "junction_density_per_km": 9.4, "crossing_count": 3, "bus_stop_count": 0, "btp_station": "Halasur Traffic PS", "btp_station_clean_name": "Halasur PS", "btp_overlap_ratio": 1.0, "btp_station_total_cases_2023": 67.0, "btp_station_fatal_cases_2023": 11.0, "btp_station_killed_people_2023": 11.0, "btp_station_nonfatal_cases_2023": 56.0, "btp_station_injuries_2023": 48.0, "btp_station_total_cases_2022": 76.0, "btp_station_fatal_cases_2022": 13.0, "btp_station_total_cases_2021": 47.0, "btp_station_fatal_cases_2021": 19.0 }, "geometry": { "type": "LineString", "coordinates": [ [ 77.6401385, 12.9608555 ], [ 77.6409739, 12.9607684 ], [ 77.6411141, 12.9607666 ] ] } },
{ "type": "Feature", "properties": { "segment_id": "BLR_OMR_WHITEFIELD_024_1", "corridor_id": "OMR_WHITEFIELD", "corridor_name": "Old Madras Road / Whitefield Corridor", "road_name": "Whitefield - Hoskote Road", "road_type": "primary", "segment_length_m": 500.0, "start_lat": 12.991382, "start_lon": 77.755955, "end_lat": 12.995313, "end_lon": 77.758056, "lanes": 2.0, "lane_count_available": 1, "speed_limit_kph": 60.0, "speed_limit_available": 1, "street_lighting": "unverified", "street_lighting_verified": 0, "junction_count": 1, "junction_density_per_km": 2.0, "crossing_count": 0, "bus_stop_count": 0, "btp_station": "Whitefield Traffic  PS", "btp_station_clean_name": "Whitefield PS", "btp_overlap_ratio": 1.0, "btp_station_total_cases_2023": 316.0, "btp_station_fatal_cases_2023": 54.0, "btp_station_killed_people_2023": 56.0, "btp_station_nonfatal_cases_2023": 262.0, "btp_station_injuries_2023": 235.0, "btp_station_total_cases_2022": null, "btp_station_fatal_cases_2022": null, "btp_station_total_cases_2021": null, "btp_station_fatal_cases_2021": null }, "geometry": { "type": "LineString", "coordinates": [ [ 77.7559548, 12.9913819 ], [ 77.7568096, 12.992549 ], [ 77.7568835, 12.992641 ], [ 77.7569624, 12.9927304 ], [ 77.7570753, 12.9928384 ], [ 77.75719, 12.9929424 ], [ 77.7572541, 12.9930218 ], [ 77.7573072, 12.9931058 ], [ 77.7573456, 12.9931948 ], [ 77.7573777, 12.9932815 ], [ 77.7573989, 12.993362 ], [ 77.7574179, 12.9934634 ], [ 77.757438, 12.9936436 ], [ 77.7574658, 12.9937896 ], [ 77.7575272, 12.9940039 ], [ 77.7576442, 12.9943106 ], [ 77.7576946, 12.9944473 ], [ 77.7577791, 12.9946513 ], [ 77.7577937, 12.9946755 ], [ 77.7578274, 12.9947496 ], [ 77.7580128, 12.9952057 ], [ 77.758055676723188, 12.995313116792882 ] ] } },
{ "type": "Feature", "properties": { "segment_id": "BLR_OMR_WHITEFIELD_024_2", "corridor_id": "OMR_WHITEFIELD", "corridor_name": "Old Madras Road / Whitefield Corridor", "road_name": "Whitefield - Hoskote Road", "road_type": "primary", "segment_length_m": 585.32, "start_lat": 12.995313, "start_lon": 77.758056, "end_lat": 13.00048, "end_lon": 77.757727, "lanes": 2.0, "lane_count_available": 1, "speed_limit_kph": 60.0, "speed_limit_available": 1, "street_lighting": "unverified", "street_lighting_verified": 0, "junction_count": 1, "junction_density_per_km": 1.71, "crossing_count": 0, "bus_stop_count": 0, "btp_station": "Whitefield Traffic  PS", "btp_station_clean_name": "Whitefield PS", "btp_overlap_ratio": 1.0, "btp_station_total_cases_2023": 316.0, "btp_station_fatal_cases_2023": 54.0, "btp_station_killed_people_2023": 56.0, "btp_station_nonfatal_cases_2023": 262.0, "btp_station_injuries_2023": 235.0, "btp_station_total_cases_2022": null, "btp_station_fatal_cases_2022": null, "btp_station_total_cases_2021": null, "btp_station_fatal_cases_2021": null }, "geometry": { "type": "LineString", "coordinates": [ [ 77.758055676723188, 12.995313116792882 ], [ 77.7581272, 12.9954923 ], [ 77.7582029, 12.9956876 ], [ 77.7582478, 12.9958425 ], [ 77.7582841, 12.9960359 ], [ 77.7584302, 12.9968912 ], [ 77.7584396, 12.9969669 ], [ 77.7584397, 12.9970571 ], [ 77.7583712, 12.9974126 ], [ 77.7582398, 12.9980398 ], [ 77.7581151, 12.998684 ], [ 77.75793, 12.9995491 ], [ 77.757757700000013, 13.0003658 ], [ 77.7577267, 13.0004804 ] ] } },
{ "type": "Feature", "properties": { "segment_id": "BLR_OMR_WHITEFIELD_025_1", "corridor_id": "OMR_WHITEFIELD", "corridor_name": "Old Madras Road / Whitefield Corridor", "road_name": "Whitefield Road", "road_type": "primary", "segment_length_m": 500.0, "start_lat": 12.992983, "start_lon": 77.705308, "end_lat": 12.994128, "end_lon": 77.700855, "lanes": 3.0, "lane_count_available": 1, "speed_limit_kph": null, "speed_limit_available": 0, "street_lighting": "unverified", "street_lighting_verified": 0, "junction_count": 2, "junction_density_per_km": 4.0, "crossing_count": 8, "bus_stop_count": 1, "btp_station": "K.R. Puram Traffic  PS", "btp_station_clean_name": "K.R. Puram PS", "btp_overlap_ratio": 1.0, "btp_station_total_cases_2023": 254.0, "btp_station_fatal_cases_2023": 41.0, "btp_station_killed_people_2023": 42.0, "btp_station_nonfatal_cases_2023": 213.0, "btp_station_injuries_2023": 217.0, "btp_station_total_cases_2022": null, "btp_station_fatal_cases_2022": null, "btp_station_total_cases_2021": null, "btp_station_fatal_cases_2021": null }, "geometry": { "type": "LineString", "coordinates": [ [ 77.705308400000021, 12.9929831 ], [ 77.7050634, 12.9930194 ], [ 77.7050091, 12.993032 ], [ 77.7049321, 12.9930501 ], [ 77.7048421, 12.9930729 ], [ 77.7044575, 12.9931757 ], [ 77.7038857, 12.9933377 ], [ 77.7032025, 12.9935116 ], [ 77.7029623, 12.9935727 ], [ 77.7029165, 12.9935844 ], [ 77.7028522, 12.9936009 ], [ 77.7027916, 12.9936163 ], [ 77.7026349, 12.9936601 ], [ 77.7022281, 12.9937708 ], [ 77.7019026, 12.9938614 ], [ 77.7017553, 12.9938939 ], [ 77.7016952, 12.9939103 ], [ 77.7016569, 12.9939198 ], [ 77.7013936, 12.9939938 ], [ 77.7011331, 12.9940545 ], [ 77.7010736, 12.9940706 ], [ 77.7008982, 12.9941181 ], [ 77.700855166436583, 12.994127827029777 ] ] } },
{ "type": "Feature", "properties": { "segment_id": "BLR_OMR_WHITEFIELD_025_2", "corridor_id": "OMR_WHITEFIELD", "corridor_name": "Old Madras Road / Whitefield Corridor", "road_name": "Whitefield Road", "road_type": "primary", "segment_length_m": 268.46, "start_lat": 12.994128, "start_lon": 77.700855, "end_lat": 12.994822, "end_lon": 77.698489, "lanes": 3.0, "lane_count_available": 1, "speed_limit_kph": null, "speed_limit_available": 0, "street_lighting": "unverified", "street_lighting_verified": 0, "junction_count": 2, "junction_density_per_km": 7.45, "crossing_count": 0, "bus_stop_count": 0, "btp_station": "K.R. Puram Traffic  PS", "btp_station_clean_name": "K.R. Puram PS", "btp_overlap_ratio": 1.0, "btp_station_total_cases_2023": 254.0, "btp_station_fatal_cases_2023": 41.0, "btp_station_killed_people_2023": 42.0, "btp_station_nonfatal_cases_2023": 213.0, "btp_station_injuries_2023": 217.0, "btp_station_total_cases_2022": null, "btp_station_fatal_cases_2022": null, "btp_station_total_cases_2021": null, "btp_station_fatal_cases_2021": null }, "geometry": { "type": "LineString", "coordinates": [ [ 77.700855166436583, 12.994127827029777 ], [ 77.7007845, 12.9941438 ], [ 77.7005616, 12.9941954 ], [ 77.7003905, 12.9942406 ], [ 77.7001502, 12.9943012 ], [ 77.6999837, 12.9943463 ], [ 77.6996572, 12.9944281 ], [ 77.6993687, 12.9945046 ], [ 77.699079, 12.9945993 ], [ 77.6985662, 12.9947908 ], [ 77.6984891, 12.994822 ] ] } },
{ "type": "Feature", "properties": { "segment_id": "BLR_OMR_WHITEFIELD_026", "corridor_id": "OMR_WHITEFIELD", "corridor_name": "Old Madras Road / Whitefield Corridor", "road_name": "Varthur Road", "road_type": "primary", "segment_length_m": 495.97, "start_lat": 12.95665, "start_lon": 77.74479, "end_lat": 12.956967, "end_lon": 77.740255, "lanes": 2.0, "lane_count_available": 1, "speed_limit_kph": null, "speed_limit_available": 0, "street_lighting": "unverified", "street_lighting_verified": 0, "junction_count": 2, "junction_density_per_km": 4.03, "crossing_count": 0, "bus_stop_count": 0, "btp_station": "Whitefield Traffic  PS", "btp_station_clean_name": "Whitefield PS", "btp_overlap_ratio": 1.0, "btp_station_total_cases_2023": 316.0, "btp_station_fatal_cases_2023": 54.0, "btp_station_killed_people_2023": 56.0, "btp_station_nonfatal_cases_2023": 262.0, "btp_station_injuries_2023": 235.0, "btp_station_total_cases_2022": null, "btp_station_fatal_cases_2022": null, "btp_station_total_cases_2021": null, "btp_station_fatal_cases_2021": null }, "geometry": { "type": "LineString", "coordinates": [ [ 77.7447904, 12.95665 ], [ 77.7447384, 12.9566572 ], [ 77.7445787, 12.9566684 ], [ 77.7444272, 12.9566986 ], [ 77.7439085, 12.9568301 ], [ 77.7436365, 12.9568897 ], [ 77.7435071, 12.9569115 ], [ 77.7433469, 12.9569356 ], [ 77.7429824, 12.9569369 ], [ 77.7422794, 12.9569423 ], [ 77.742171, 12.9569454 ], [ 77.7420409, 12.956945 ], [ 77.7416687, 12.9569459 ], [ 77.7414154, 12.9569487 ], [ 77.7413108, 12.9569547 ], [ 77.7412093, 12.9569546 ], [ 77.740911, 12.9569648 ], [ 77.7407897, 12.9569623 ], [ 77.7406486, 12.9569607 ], [ 77.7406254, 12.9569615 ], [ 77.7404949, 12.9569617 ], [ 77.7402547, 12.9569666 ] ] } },
{ "type": "Feature", "properties": { "segment_id": "BLR_OMR_WHITEFIELD_027_1", "corridor_id": "OMR_WHITEFIELD", "corridor_name": "Old Madras Road / Whitefield Corridor", "road_name": "Varthur Road", "road_type": "primary", "segment_length_m": 500.0, "start_lat": 12.954584, "start_lon": 77.679938, "end_lat": 12.954802, "end_lon": 77.684515, "lanes": 2.0, "lane_count_available": 1, "speed_limit_kph": 40.0, "speed_limit_available": 1, "street_lighting": "unverified", "street_lighting_verified": 0, "junction_count": 2, "junction_density_per_km": 4.0, "crossing_count": 6, "bus_stop_count": 0, "btp_station": "H.A.L Airport Traffic PS", "btp_station_clean_name": "H.A.L. PS", "btp_overlap_ratio": 1.0, "btp_station_total_cases_2023": 97.0, "btp_station_fatal_cases_2023": 17.0, "btp_station_killed_people_2023": 17.0, "btp_station_nonfatal_cases_2023": 80.0, "btp_station_injuries_2023": 80.0, "btp_station_total_cases_2022": 83.0, "btp_station_fatal_cases_2022": 18.0, "btp_station_total_cases_2021": 143.0, "btp_station_fatal_cases_2021": 34.0 }, "geometry": { "type": "LineString", "coordinates": [ [ 77.6799376, 12.9545845 ], [ 77.6800572, 12.9545405 ], [ 77.6801316, 12.9545134 ], [ 77.680395, 12.9544894 ], [ 77.6807423, 12.954497 ], [ 77.6819894, 12.9545631 ], [ 77.6822831, 12.9545788 ], [ 77.6823283, 12.9545827 ], [ 77.6826943, 12.9546175 ], [ 77.6837918, 12.9547249 ], [ 77.68451457919474, 12.954801666469933 ] ] } },
{ "type": "Feature", "properties": { "segment_id": "BLR_OMR_WHITEFIELD_027_2", "corridor_id": "OMR_WHITEFIELD", "corridor_name": "Old Madras Road / Whitefield Corridor", "road_name": "Varthur Road", "road_type": "primary", "segment_length_m": 500.0, "start_lat": 12.954802, "start_lon": 77.684515, "end_lat": 12.955367, "end_lon": 77.689081, "lanes": 2.0, "lane_count_available": 1, "speed_limit_kph": 40.0, "speed_limit_available": 1, "street_lighting": "unverified", "street_lighting_verified": 0, "junction_count": 2, "junction_density_per_km": 4.0, "crossing_count": 2, "bus_stop_count": 0, "btp_station": "H.A.L Airport Traffic PS", "btp_station_clean_name": "H.A.L. PS", "btp_overlap_ratio": 1.0, "btp_station_total_cases_2023": 97.0, "btp_station_fatal_cases_2023": 17.0, "btp_station_killed_people_2023": 17.0, "btp_station_nonfatal_cases_2023": 80.0, "btp_station_injuries_2023": 80.0, "btp_station_total_cases_2022": 83.0, "btp_station_fatal_cases_2022": 18.0, "btp_station_total_cases_2021": 143.0, "btp_station_fatal_cases_2021": 34.0 }, "geometry": { "type": "LineString", "coordinates": [ [ 77.68451457919474, 12.954801666469933 ], [ 77.6877992, 12.9551505 ], [ 77.6880547, 12.9551851 ], [ 77.6883054, 12.9552296 ], [ 77.68908141014515, 12.95536723811176 ] ] } },
{ "type": "Feature", "properties": { "segment_id": "BLR_OMR_WHITEFIELD_027_3", "corridor_id": "OMR_WHITEFIELD", "corridor_name": "Old Madras Road / Whitefield Corridor", "road_name": "Varthur Road", "road_type": "primary", "segment_length_m": 500.0, "start_lat": 12.955367, "start_lon": 77.689081, "end_lat": 12.956177, "end_lon": 77.693611, "lanes": 2.0, "lane_count_available": 1, "speed_limit_kph": 40.0, "speed_limit_available": 1, "street_lighting": "unverified", "street_lighting_verified": 0, "junction_count": 2, "junction_density_per_km": 4.0, "crossing_count": 12, "bus_stop_count": 0, "btp_station": "H.A.L Airport Traffic PS", "btp_station_clean_name": "H.A.L. PS", "btp_overlap_ratio": 1.0, "btp_station_total_cases_2023": 97.0, "btp_station_fatal_cases_2023": 17.0, "btp_station_killed_people_2023": 17.0, "btp_station_nonfatal_cases_2023": 80.0, "btp_station_injuries_2023": 80.0, "btp_station_total_cases_2022": 83.0, "btp_station_fatal_cases_2022": 18.0, "btp_station_total_cases_2021": 143.0, "btp_station_fatal_cases_2021": 34.0 }, "geometry": { "type": "LineString", "coordinates": [ [ 77.68908141014515, 12.95536723811176 ], [ 77.6893304, 12.9554114 ], [ 77.6893686, 12.9554188 ], [ 77.6894084, 12.9554265 ], [ 77.6894965, 12.955443 ], [ 77.6895674, 12.9554586 ], [ 77.6907237, 12.9556629 ], [ 77.6915576, 12.9557988 ], [ 77.6915927, 12.9558043 ], [ 77.6917328, 12.955826 ], [ 77.6917798, 12.9558328 ], [ 77.6918759, 12.9558481 ], [ 77.6930909, 12.9560629 ], [ 77.693611104296977, 12.95617742557129 ] ] } },
{ "type": "Feature", "properties": { "segment_id": "BLR_OMR_WHITEFIELD_027_4", "corridor_id": "OMR_WHITEFIELD", "corridor_name": "Old Madras Road / Whitefield Corridor", "road_name": "Varthur Road", "road_type": "primary", "segment_length_m": 305.49, "start_lat": 12.956177, "start_lon": 77.693611, "end_lat": 12.956654, "end_lon": 77.696381, "lanes": 2.0, "lane_count_available": 1, "speed_limit_kph": 40.0, "speed_limit_available": 1, "street_lighting": "unverified", "street_lighting_verified": 0, "junction_count": 2, "junction_density_per_km": 6.55, "crossing_count": 0, "bus_stop_count": 0, "btp_station": "H.A.L Airport Traffic PS", "btp_station_clean_name": "H.A.L. PS", "btp_overlap_ratio": 1.0, "btp_station_total_cases_2023": 97.0, "btp_station_fatal_cases_2023": 17.0, "btp_station_killed_people_2023": 17.0, "btp_station_nonfatal_cases_2023": 80.0, "btp_station_injuries_2023": 80.0, "btp_station_total_cases_2022": 83.0, "btp_station_fatal_cases_2022": 18.0, "btp_station_total_cases_2021": 143.0, "btp_station_fatal_cases_2021": 34.0 }, "geometry": { "type": "LineString", "coordinates": [ [ 77.693611104296977, 12.95617742557129 ], [ 77.6937895, 12.9562167 ], [ 77.6940745, 12.9562551 ], [ 77.6944879, 12.95631 ], [ 77.6948978, 12.9563968 ], [ 77.6963813, 12.9566544 ] ] } },
{ "type": "Feature", "properties": { "segment_id": "BLR_OMR_WHITEFIELD_028_1", "corridor_id": "OMR_WHITEFIELD", "corridor_name": "Old Madras Road / Whitefield Corridor", "road_name": "HAL Old Airport Road", "road_type": "primary", "segment_length_m": 500.0, "start_lat": 12.959267, "start_lon": 77.661159, "end_lat": 12.959238, "end_lon": 77.656584, "lanes": 2.0, "lane_count_available": 1, "speed_limit_kph": 25.0, "speed_limit_available": 1, "street_lighting": "unverified", "street_lighting_verified": 0, "junction_count": 2, "junction_density_per_km": 4.0, "crossing_count": 4, "bus_stop_count": 0, "btp_station": "Jeevan Bheemanagar Traffic PS", "btp_station_clean_name": "Jeevan Bheemanagar PS", "btp_overlap_ratio": 1.0, "btp_station_total_cases_2023": 85.0, "btp_station_fatal_cases_2023": 12.0, "btp_station_killed_people_2023": 12.0, "btp_station_nonfatal_cases_2023": 73.0, "btp_station_injuries_2023": 62.0, "btp_station_total_cases_2022": 48.0, "btp_station_fatal_cases_2022": 13.0, "btp_station_total_cases_2021": 32.0, "btp_station_fatal_cases_2021": 5.0 }, "geometry": { "type": "LineString", "coordinates": [ [ 77.6611589, 12.9592666 ], [ 77.660997, 12.9592536 ], [ 77.6608618, 12.9592366 ], [ 77.6605778, 12.9591783 ], [ 77.6605377, 12.9591728 ], [ 77.6604586, 12.9591589 ], [ 77.6602477, 12.9591187 ], [ 77.6597821, 12.959037 ], [ 77.6595615, 12.9590191 ], [ 77.6592924, 12.9590322 ], [ 77.658434400000019, 12.9590852 ], [ 77.6583574, 12.9590924 ], [ 77.6576454, 12.9591621 ], [ 77.6574932, 12.9591734 ], [ 77.6573686, 12.9591859 ], [ 77.6572258, 12.9592051 ], [ 77.6569319, 12.9592202 ], [ 77.6566514, 12.9592346 ], [ 77.656584374510928, 12.959238055319693 ] ] } },
{ "type": "Feature", "properties": { "segment_id": "BLR_OMR_WHITEFIELD_028_2", "corridor_id": "OMR_WHITEFIELD", "corridor_name": "Old Madras Road / Whitefield Corridor", "road_name": "HAL Old Airport Road", "road_type": "primary", "segment_length_m": 500.0, "start_lat": 12.959238, "start_lon": 77.656584, "end_lat": 12.959462, "end_lon": 77.651985, "lanes": 2.0, "lane_count_available": 1, "speed_limit_kph": 25.0, "speed_limit_available": 1, "street_lighting": "unverified", "street_lighting_verified": 0, "junction_count": 2, "junction_density_per_km": 4.0, "crossing_count": 6, "bus_stop_count": 0, "btp_station": "Jeevan Bheemanagar Traffic PS", "btp_station_clean_name": "Jeevan Bheemanagar PS", "btp_overlap_ratio": 1.0, "btp_station_total_cases_2023": 85.0, "btp_station_fatal_cases_2023": 12.0, "btp_station_killed_people_2023": 12.0, "btp_station_nonfatal_cases_2023": 73.0, "btp_station_injuries_2023": 62.0, "btp_station_total_cases_2022": 48.0, "btp_station_fatal_cases_2022": 13.0, "btp_station_total_cases_2021": 32.0, "btp_station_fatal_cases_2021": 5.0 }, "geometry": { "type": "LineString", "coordinates": [ [ 77.656584374510928, 12.959238055319693 ], [ 77.656471, 12.9592439 ], [ 77.6558346, 12.959274 ], [ 77.6556511, 12.959281 ], [ 77.6555641, 12.9592843 ], [ 77.6553328, 12.9592874 ], [ 77.6551771, 12.9592936 ], [ 77.65488120000002, 12.9593057 ], [ 77.6543745, 12.9593266 ], [ 77.6543509, 12.9593283 ], [ 77.6542801, 12.9593333 ], [ 77.6542214, 12.9593375 ], [ 77.6540722, 12.9593481 ], [ 77.6536342, 12.9593688 ], [ 77.6535506, 12.9593733 ], [ 77.6532352, 12.9593906 ], [ 77.652821700000018, 12.9594158 ], [ 77.6526068, 12.9594278 ], [ 77.6523619, 12.9594415 ], [ 77.651985070394346, 12.959462139972572 ] ] } },
{ "type": "Feature", "properties": { "segment_id": "BLR_OMR_WHITEFIELD_028_3", "corridor_id": "OMR_WHITEFIELD", "corridor_name": "Old Madras Road / Whitefield Corridor", "road_name": "HAL Old Airport Road", "road_type": "primary", "segment_length_m": 500.0, "start_lat": 12.959462, "start_lon": 77.651985, "end_lat": 12.959931, "end_lon": 77.647406, "lanes": 2.0, "lane_count_available": 1, "speed_limit_kph": 25.0, "speed_limit_available": 1, "street_lighting": "unverified", "street_lighting_verified": 0, "junction_count": 2, "junction_density_per_km": 4.0, "crossing_count": 3, "bus_stop_count": 0, "btp_station": "Jeevan Bheemanagar Traffic PS", "btp_station_clean_name": "Jeevan Bheemanagar PS", "btp_overlap_ratio": 1.0, "btp_station_total_cases_2023": 85.0, "btp_station_fatal_cases_2023": 12.0, "btp_station_killed_people_2023": 12.0, "btp_station_nonfatal_cases_2023": 73.0, "btp_station_injuries_2023": 62.0, "btp_station_total_cases_2022": 48.0, "btp_station_fatal_cases_2022": 13.0, "btp_station_total_cases_2021": 32.0, "btp_station_fatal_cases_2021": 5.0 }, "geometry": { "type": "LineString", "coordinates": [ [ 77.651985070394346, 12.959462139972572 ], [ 77.6514618, 12.9594908 ], [ 77.6508434, 12.959534 ], [ 77.650385, 12.9595823 ], [ 77.6497946, 12.9596568 ], [ 77.6492467, 12.9597159 ], [ 77.6491139, 12.9597348 ], [ 77.6490664, 12.9597401 ], [ 77.6490101, 12.9597464 ], [ 77.6489326, 12.9597548 ], [ 77.6484794, 12.9598052 ], [ 77.648376, 12.9598167 ], [ 77.647712, 12.959899 ], [ 77.647508, 12.9599192 ], [ 77.647406019297861, 12.959930700159491 ] ] } },
{ "type": "Feature", "properties": { "segment_id": "BLR_OMR_WHITEFIELD_028_4", "corridor_id": "OMR_WHITEFIELD", "corridor_name": "Old Madras Road / Whitefield Corridor", "road_name": "HAL Old Airport Road", "road_type": "primary", "segment_length_m": 579.28, "start_lat": 12.959931, "start_lon": 77.647406, "end_lat": 12.960514, "end_lon": 77.642104, "lanes": 2.0, "lane_count_available": 1, "speed_limit_kph": 25.0, "speed_limit_available": 1, "street_lighting": "unverified", "street_lighting_verified": 0, "junction_count": 2, "junction_density_per_km": 3.45, "crossing_count": 7, "bus_stop_count": 0, "btp_station": "Jeevan Bheemanagar Traffic PS", "btp_station_clean_name": "Jeevan Bheemanagar PS", "btp_overlap_ratio": 0.8854, "btp_station_total_cases_2023": 85.0, "btp_station_fatal_cases_2023": 12.0, "btp_station_killed_people_2023": 12.0, "btp_station_nonfatal_cases_2023": 73.0, "btp_station_injuries_2023": 62.0, "btp_station_total_cases_2022": 48.0, "btp_station_fatal_cases_2022": 13.0, "btp_station_total_cases_2021": 32.0, "btp_station_fatal_cases_2021": 5.0 }, "geometry": { "type": "LineString", "coordinates": [ [ 77.647406019297861, 12.959930700159491 ], [ 77.6469981, 12.9599767 ], [ 77.6460198, 12.9600918 ], [ 77.6459264, 12.9601006 ], [ 77.6456051, 12.9601341 ], [ 77.6455901, 12.9601357 ], [ 77.6453353, 12.9601702 ], [ 77.6450009, 12.9602078 ], [ 77.6446928, 12.9602461 ], [ 77.6442193, 12.9602973 ], [ 77.644171, 12.9603026 ], [ 77.6437126, 12.9603533 ], [ 77.643669, 12.9603582 ], [ 77.6432835, 12.9604011 ], [ 77.643155, 12.9604154 ], [ 77.6429729, 12.9604298 ], [ 77.6427688, 12.9604459 ], [ 77.642685, 12.9604548 ], [ 77.642644300000015, 12.9604574 ], [ 77.6422497, 12.9604944 ], [ 77.6422097, 12.9604999 ], [ 77.6421042, 12.9605143 ] ] } },
{ "type": "Feature", "properties": { "segment_id": "BLR_OMR_WHITEFIELD_029_1", "corridor_id": "OMR_WHITEFIELD", "corridor_name": "Old Madras Road / Whitefield Corridor", "road_name": "Swamy Vivekananda Road", "road_type": "primary", "segment_length_m": 500.0, "start_lat": 12.987383, "start_lon": 77.648887, "end_lat": 12.989317, "end_lon": 77.653049, "lanes": 2.0, "lane_count_available": 1, "speed_limit_kph": null, "speed_limit_available": 0, "street_lighting": "unverified", "street_lighting_verified": 0, "junction_count": 2, "junction_density_per_km": 4.0, "crossing_count": 0, "bus_stop_count": 0, "btp_station": "Jeevan Bheemanagar Traffic PS", "btp_station_clean_name": "Jeevan Bheemanagar PS", "btp_overlap_ratio": 1.0, "btp_station_total_cases_2023": 85.0, "btp_station_fatal_cases_2023": 12.0, "btp_station_killed_people_2023": 12.0, "btp_station_nonfatal_cases_2023": 73.0, "btp_station_injuries_2023": 62.0, "btp_station_total_cases_2022": 48.0, "btp_station_fatal_cases_2022": 13.0, "btp_station_total_cases_2021": 32.0, "btp_station_fatal_cases_2021": 5.0 }, "geometry": { "type": "LineString", "coordinates": [ [ 77.6488865, 12.9873829 ], [ 77.6493365, 12.9875841 ], [ 77.649562, 12.9876908 ], [ 77.6498191, 12.9878125 ], [ 77.651014, 12.9883633 ], [ 77.651784500000019, 12.9887217 ], [ 77.6518405, 12.9887468 ], [ 77.6523619, 12.9890013 ], [ 77.6528579, 12.9892293 ], [ 77.652953, 12.989273 ], [ 77.653048548895413, 12.989316914794117 ] ] } },
{ "type": "Feature", "properties": { "segment_id": "BLR_OMR_WHITEFIELD_029_2", "corridor_id": "OMR_WHITEFIELD", "corridor_name": "Old Madras Road / Whitefield Corridor", "road_name": "Swamy Vivekananda Road", "road_type": "primary", "segment_length_m": 500.0, "start_lat": 12.989317, "start_lon": 77.653049, "end_lat": 12.991296, "end_lon": 77.657188, "lanes": 2.0, "lane_count_available": 1, "speed_limit_kph": null, "speed_limit_available": 0, "street_lighting": "unverified", "street_lighting_verified": 0, "junction_count": 2, "junction_density_per_km": 4.0, "crossing_count": 4, "bus_stop_count": 0, "btp_station": "Jeevan Bheemanagar Traffic PS", "btp_station_clean_name": "Jeevan Bheemanagar PS", "btp_overlap_ratio": 1.0, "btp_station_total_cases_2023": 85.0, "btp_station_fatal_cases_2023": 12.0, "btp_station_killed_people_2023": 12.0, "btp_station_nonfatal_cases_2023": 73.0, "btp_station_injuries_2023": 62.0, "btp_station_total_cases_2022": 48.0, "btp_station_fatal_cases_2022": 13.0, "btp_station_total_cases_2021": 32.0, "btp_station_fatal_cases_2021": 5.0 }, "geometry": { "type": "LineString", "coordinates": [ [ 77.653048548895413, 12.989316914794117 ], [ 77.6535137, 12.9895307 ], [ 77.6538212, 12.9896805 ], [ 77.6539039, 12.9897212 ], [ 77.6545491, 12.9900312 ], [ 77.654593, 12.9900512 ], [ 77.6568584, 12.991134 ], [ 77.656898, 12.9911529 ], [ 77.6569161, 12.9911615 ], [ 77.6569446, 12.991175 ], [ 77.6571046, 12.9912508 ], [ 77.657188418652609, 12.991296175517594 ] ] } },
{ "type": "Feature", "properties": { "segment_id": "BLR_OMR_WHITEFIELD_029_3", "corridor_id": "OMR_WHITEFIELD", "corridor_name": "Old Madras Road / Whitefield Corridor", "road_name": "Swamy Vivekananda Road", "road_type": "primary", "segment_length_m": 500.0, "start_lat": 12.991296, "start_lon": 77.657188, "end_lat": 12.993314, "end_lon": 77.661309, "lanes": 2.0, "lane_count_available": 1, "speed_limit_kph": null, "speed_limit_available": 0, "street_lighting": "unverified", "street_lighting_verified": 0, "junction_count": 2, "junction_density_per_km": 4.0, "crossing_count": 2, "bus_stop_count": 0, "btp_station": "Jeevan Bheemanagar Traffic PS", "btp_station_clean_name": "Jeevan Bheemanagar PS", "btp_overlap_ratio": 1.0, "btp_station_total_cases_2023": 85.0, "btp_station_fatal_cases_2023": 12.0, "btp_station_killed_people_2023": 12.0, "btp_station_nonfatal_cases_2023": 73.0, "btp_station_injuries_2023": 62.0, "btp_station_total_cases_2022": 48.0, "btp_station_fatal_cases_2022": 13.0, "btp_station_total_cases_2021": 32.0, "btp_station_fatal_cases_2021": 5.0 }, "geometry": { "type": "LineString", "coordinates": [ [ 77.657188418652609, 12.991296175517594 ], [ 77.657211, 12.9913084 ], [ 77.6572943, 12.9913521 ], [ 77.6575235, 12.9914611 ], [ 77.6577157, 12.9915557 ], [ 77.659826, 12.9925719 ], [ 77.6603754, 12.9928469 ], [ 77.6605249, 12.9929217 ], [ 77.6612585, 12.9932889 ], [ 77.661308866407381, 12.993314104311024 ] ] } },
{ "type": "Feature", "properties": { "segment_id": "BLR_OMR_WHITEFIELD_029_4", "corridor_id": "OMR_WHITEFIELD", "corridor_name": "Old Madras Road / Whitefield Corridor", "road_name": "Swamy Vivekananda Road", "road_type": "primary", "segment_length_m": 500.0, "start_lat": 12.993314, "start_lon": 77.661309, "end_lat": 12.995212, "end_lon": 77.665487, "lanes": 2.0, "lane_count_available": 1, "speed_limit_kph": null, "speed_limit_available": 0, "street_lighting": "unverified", "street_lighting_verified": 0, "junction_count": 2, "junction_density_per_km": 4.0, "crossing_count": 0, "bus_stop_count": 0, "btp_station": "Jeevan Bheemanagar Traffic PS", "btp_station_clean_name": "Jeevan Bheemanagar PS", "btp_overlap_ratio": 0.6683, "btp_station_total_cases_2023": 85.0, "btp_station_fatal_cases_2023": 12.0, "btp_station_killed_people_2023": 12.0, "btp_station_nonfatal_cases_2023": 73.0, "btp_station_injuries_2023": 62.0, "btp_station_total_cases_2022": 48.0, "btp_station_fatal_cases_2022": 13.0, "btp_station_total_cases_2021": 32.0, "btp_station_fatal_cases_2021": 5.0 }, "geometry": { "type": "LineString", "coordinates": [ [ 77.661308866407381, 12.993314104311024 ], [ 77.6617373, 12.9935285 ], [ 77.6620744, 12.9936781 ], [ 77.6621565, 12.9937136 ], [ 77.663366, 12.9942378 ], [ 77.6635086, 12.9942926 ], [ 77.6641998, 12.994608 ], [ 77.665083100000018, 12.9950111 ], [ 77.665487074221247, 12.995212179491999 ] ] } },
{ "type": "Feature", "properties": { "segment_id": "BLR_OMR_WHITEFIELD_029_5", "corridor_id": "OMR_WHITEFIELD", "corridor_name": "Old Madras Road / Whitefield Corridor", "road_name": "Swamy Vivekananda Road", "road_type": "primary", "segment_length_m": 252.78, "start_lat": 12.995212, "start_lon": 77.665487, "end_lat": 12.996225, "end_lon": 77.667563, "lanes": 2.0, "lane_count_available": 1, "speed_limit_kph": null, "speed_limit_available": 0, "street_lighting": "unverified", "street_lighting_verified": 0, "junction_count": 2, "junction_density_per_km": 7.91, "crossing_count": 0, "bus_stop_count": 0, "btp_station": "K.R. Puram Traffic  PS", "btp_station_clean_name": "K.R. Puram PS", "btp_overlap_ratio": 1.0, "btp_station_total_cases_2023": 254.0, "btp_station_fatal_cases_2023": 41.0, "btp_station_killed_people_2023": 42.0, "btp_station_nonfatal_cases_2023": 213.0, "btp_station_injuries_2023": 217.0, "btp_station_total_cases_2022": null, "btp_station_fatal_cases_2022": null, "btp_station_total_cases_2021": null, "btp_station_fatal_cases_2021": null }, "geometry": { "type": "LineString", "coordinates": [ [ 77.665487074221247, 12.995212179491999 ], [ 77.6658616, 12.9953986 ], [ 77.6661282, 12.9956013 ], [ 77.6662045, 12.9956481 ], [ 77.6671065, 12.9960222 ], [ 77.6675635, 12.9962255 ] ] } },
{ "type": "Feature", "properties": { "segment_id": "BLR_OMR_WHITEFIELD_030", "corridor_id": "OMR_WHITEFIELD", "corridor_name": "Old Madras Road / Whitefield Corridor", "road_name": "WhiteField  - Hoskote Road", "road_type": "primary", "segment_length_m": 175.73, "start_lat": 12.991287, "start_lon": 77.756058, "end_lat": 12.989998, "end_lon": 77.755115, "lanes": 2.0, "lane_count_available": 1, "speed_limit_kph": 60.0, "speed_limit_available": 1, "street_lighting": "unverified", "street_lighting_verified": 0, "junction_count": 2, "junction_density_per_km": 11.38, "crossing_count": 0, "bus_stop_count": 0, "btp_station": "Whitefield Traffic  PS", "btp_station_clean_name": "Whitefield PS", "btp_overlap_ratio": 1.0, "btp_station_total_cases_2023": 316.0, "btp_station_fatal_cases_2023": 54.0, "btp_station_killed_people_2023": 56.0, "btp_station_nonfatal_cases_2023": 262.0, "btp_station_injuries_2023": 235.0, "btp_station_total_cases_2022": null, "btp_station_fatal_cases_2022": null, "btp_station_total_cases_2021": null, "btp_station_fatal_cases_2021": null }, "geometry": { "type": "LineString", "coordinates": [ [ 77.7560581, 12.9912873 ], [ 77.7557459, 12.990877 ], [ 77.7552602, 12.9902232 ], [ 77.7552116, 12.99015 ], [ 77.7551834, 12.9901074 ], [ 77.7551147, 12.9899982 ] ] } },
{ "type": "Feature", "properties": { "segment_id": "BLR_OMR_WHITEFIELD_031_1", "corridor_id": "OMR_WHITEFIELD", "corridor_name": "Old Madras Road / Whitefield Corridor", "road_name": "Tin Factory Flyover / Old Madras Road", "road_type": "trunk", "segment_length_m": 500.0, "start_lat": 13.008328, "start_lon": 77.695889, "end_lat": 13.007886, "end_lon": 77.691336, "lanes": 2.0, "lane_count_available": 1, "speed_limit_kph": null, "speed_limit_available": 0, "street_lighting": "unverified", "street_lighting_verified": 0, "junction_count": 2, "junction_density_per_km": 4.0, "crossing_count": 0, "bus_stop_count": 0, "btp_station": "K.R. Puram Traffic  PS", "btp_station_clean_name": "K.R. Puram PS", "btp_overlap_ratio": 1.0, "btp_station_total_cases_2023": 254.0, "btp_station_fatal_cases_2023": 41.0, "btp_station_killed_people_2023": 42.0, "btp_station_nonfatal_cases_2023": 213.0, "btp_station_injuries_2023": 217.0, "btp_station_total_cases_2022": null, "btp_station_fatal_cases_2022": null, "btp_station_total_cases_2021": null, "btp_station_fatal_cases_2021": null }, "geometry": { "type": "LineString", "coordinates": [ [ 77.6958894, 13.008328 ], [ 77.6958028, 13.0082855 ], [ 77.6957621, 13.0082748 ], [ 77.6957101, 13.0082611 ], [ 77.6946206, 13.0082232 ], [ 77.6942415, 13.0082272 ], [ 77.6941542, 13.0082281 ], [ 77.6940763, 13.0082362 ], [ 77.6939285, 13.0082515 ], [ 77.6938049, 13.0082643 ], [ 77.6935317, 13.0082677 ], [ 77.693465300000014, 13.0082685 ], [ 77.6931876, 13.008228 ], [ 77.6929526, 13.0081937 ], [ 77.6924978, 13.0081116 ], [ 77.6918433, 13.0079928 ], [ 77.6917528, 13.0079737 ], [ 77.691589, 13.0079392 ], [ 77.691335537255867, 13.007885786546881 ] ] } },
{ "type": "Feature", "properties": { "segment_id": "BLR_OMR_WHITEFIELD_031_2", "corridor_id": "OMR_WHITEFIELD", "corridor_name": "Old Madras Road / Whitefield Corridor", "road_name": "Tin Factory Flyover / Old Madras Road", "road_type": "trunk", "segment_length_m": 500.0, "start_lat": 13.007886, "start_lon": 77.691336, "end_lat": 13.006219, "end_lon": 77.687086, "lanes": 2.0, "lane_count_available": 1, "speed_limit_kph": null, "speed_limit_available": 0, "street_lighting": "unverified", "street_lighting_verified": 0, "junction_count": 2, "junction_density_per_km": 4.0, "crossing_count": 0, "bus_stop_count": 0, "btp_station": "K.R. Puram Traffic  PS", "btp_station_clean_name": "K.R. Puram PS", "btp_overlap_ratio": 1.0, "btp_station_total_cases_2023": 254.0, "btp_station_fatal_cases_2023": 41.0, "btp_station_killed_people_2023": 42.0, "btp_station_nonfatal_cases_2023": 213.0, "btp_station_injuries_2023": 217.0, "btp_station_total_cases_2022": null, "btp_station_fatal_cases_2022": null, "btp_station_total_cases_2021": null, "btp_station_fatal_cases_2021": null }, "geometry": { "type": "LineString", "coordinates": [ [ 77.691335537255867, 13.007885786546881 ], [ 77.6910357, 13.0078226 ], [ 77.6901301, 13.0076317 ], [ 77.6900228, 13.0076091 ], [ 77.689484, 13.0074027 ], [ 77.6889023, 13.0071349 ], [ 77.6888291, 13.0071012 ], [ 77.6871298, 13.0062411 ], [ 77.687086201647929, 13.006218998444446 ] ] } },
{ "type": "Feature", "properties": { "segment_id": "BLR_OMR_WHITEFIELD_031_3", "corridor_id": "OMR_WHITEFIELD", "corridor_name": "Old Madras Road / Whitefield Corridor", "road_name": "Tin Factory Flyover / Old Madras Road", "road_type": "trunk", "segment_length_m": 500.0, "start_lat": 13.006219, "start_lon": 77.687086, "end_lat": 13.003933, "end_lon": 77.683114, "lanes": 2.0, "lane_count_available": 1, "speed_limit_kph": null, "speed_limit_available": 0, "street_lighting": "unverified", "street_lighting_verified": 0, "junction_count": 2, "junction_density_per_km": 4.0, "crossing_count": 0, "bus_stop_count": 0, "btp_station": "K.R. Puram Traffic  PS", "btp_station_clean_name": "K.R. Puram PS", "btp_overlap_ratio": 1.0, "btp_station_total_cases_2023": 254.0, "btp_station_fatal_cases_2023": 41.0, "btp_station_killed_people_2023": 42.0, "btp_station_nonfatal_cases_2023": 213.0, "btp_station_injuries_2023": 217.0, "btp_station_total_cases_2022": null, "btp_station_fatal_cases_2022": null, "btp_station_total_cases_2021": null, "btp_station_fatal_cases_2021": null }, "geometry": { "type": "LineString", "coordinates": [ [ 77.687086201647929, 13.006218998444446 ], [ 77.6870505, 13.0062009 ], [ 77.6869065, 13.0061099 ], [ 77.6868545, 13.0060804 ], [ 77.6864362, 13.005843 ], [ 77.6860671, 13.0056336 ], [ 77.6859959, 13.0055872 ], [ 77.6857336, 13.0054319 ], [ 77.6855925, 13.0053484 ], [ 77.6853897, 13.0052284 ], [ 77.6850796, 13.0050449 ], [ 77.6848619, 13.0049255 ], [ 77.6845141, 13.0047347 ], [ 77.683114158859865, 13.003933343286974 ] ] } },
{ "type": "Feature", "properties": { "segment_id": "BLR_OMR_WHITEFIELD_031_4", "corridor_id": "OMR_WHITEFIELD", "corridor_name": "Old Madras Road / Whitefield Corridor", "road_name": "Tin Factory Flyover / Old Madras Road", "road_type": "trunk", "segment_length_m": 500.0, "start_lat": 13.003933, "start_lon": 77.683114, "end_lat": 13.001672, "end_lon": 77.679127, "lanes": 2.0, "lane_count_available": 1, "speed_limit_kph": null, "speed_limit_available": 0, "street_lighting": "unverified", "street_lighting_verified": 0, "junction_count": 2, "junction_density_per_km": 4.0, "crossing_count": 0, "bus_stop_count": 0, "btp_station": "K.R. Puram Traffic  PS", "btp_station_clean_name": "K.R. Puram PS", "btp_overlap_ratio": 1.0, "btp_station_total_cases_2023": 254.0, "btp_station_fatal_cases_2023": 41.0, "btp_station_killed_people_2023": 42.0, "btp_station_nonfatal_cases_2023": 213.0, "btp_station_injuries_2023": 217.0, "btp_station_total_cases_2022": null, "btp_station_fatal_cases_2022": null, "btp_station_total_cases_2021": null, "btp_station_fatal_cases_2021": null }, "geometry": { "type": "LineString", "coordinates": [ [ 77.683114158859865, 13.003933343286974 ], [ 77.6800465, 13.0021773 ], [ 77.679127430008336, 13.001671529702371 ] ] } },
{ "type": "Feature", "properties": { "segment_id": "BLR_OMR_WHITEFIELD_031_5", "corridor_id": "OMR_WHITEFIELD", "corridor_name": "Old Madras Road / Whitefield Corridor", "road_name": "Tin Factory Flyover / Old Madras Road", "road_type": "trunk", "segment_length_m": 500.0, "start_lat": 13.001672, "start_lon": 77.679127, "end_lat": 12.999559, "end_lon": 77.675062, "lanes": 2.0, "lane_count_available": 1, "speed_limit_kph": null, "speed_limit_available": 0, "street_lighting": "unverified", "street_lighting_verified": 0, "junction_count": 2, "junction_density_per_km": 4.0, "crossing_count": 3, "bus_stop_count": 0, "btp_station": "K.R. Puram Traffic  PS", "btp_station_clean_name": "K.R. Puram PS", "btp_overlap_ratio": 1.0, "btp_station_total_cases_2023": 254.0, "btp_station_fatal_cases_2023": 41.0, "btp_station_killed_people_2023": 42.0, "btp_station_nonfatal_cases_2023": 213.0, "btp_station_injuries_2023": 217.0, "btp_station_total_cases_2022": null, "btp_station_fatal_cases_2022": null, "btp_station_total_cases_2021": null, "btp_station_fatal_cases_2021": null }, "geometry": { "type": "LineString", "coordinates": [ [ 77.679127430008336, 13.001671529702371 ], [ 77.6783967, 13.0012694 ], [ 77.6764664, 13.0001927 ], [ 77.6762192, 13.0000584 ], [ 77.6751457, 12.9995961 ], [ 77.675061727431299, 12.999558634317358 ] ] } },
{ "type": "Feature", "properties": { "segment_id": "BLR_OMR_WHITEFIELD_031_6", "corridor_id": "OMR_WHITEFIELD", "corridor_name": "Old Madras Road / Whitefield Corridor", "road_name": "Tin Factory Flyover / Old Madras Road", "road_type": "trunk", "segment_length_m": 500.0, "start_lat": 12.999559, "start_lon": 77.675062, "end_lat": 12.997585, "end_lon": 77.670919, "lanes": 2.0, "lane_count_available": 1, "speed_limit_kph": null, "speed_limit_available": 0, "street_lighting": "unverified", "street_lighting_verified": 0, "junction_count": 2, "junction_density_per_km": 4.0, "crossing_count": 0, "bus_stop_count": 0, "btp_station": "K.R. Puram Traffic  PS", "btp_station_clean_name": "K.R. Puram PS", "btp_overlap_ratio": 1.0, "btp_station_total_cases_2023": 254.0, "btp_station_fatal_cases_2023": 41.0, "btp_station_killed_people_2023": 42.0, "btp_station_nonfatal_cases_2023": 213.0, "btp_station_injuries_2023": 217.0, "btp_station_total_cases_2022": null, "btp_station_fatal_cases_2022": null, "btp_station_total_cases_2021": null, "btp_station_fatal_cases_2021": null }, "geometry": { "type": "LineString", "coordinates": [ [ 77.675061727431299, 12.999558634317358 ], [ 77.6744686, 12.999294 ], [ 77.670919244619583, 12.99758457941943 ] ] } },
{ "type": "Feature", "properties": { "segment_id": "BLR_OMR_WHITEFIELD_031_7", "corridor_id": "OMR_WHITEFIELD", "corridor_name": "Old Madras Road / Whitefield Corridor", "road_name": "Tin Factory Flyover / Old Madras Road", "road_type": "trunk", "segment_length_m": 154.3, "start_lat": 12.997585, "start_lon": 77.670919, "end_lat": 12.996929, "end_lon": 77.669674, "lanes": 2.0, "lane_count_available": 1, "speed_limit_kph": null, "speed_limit_available": 0, "street_lighting": "unverified", "street_lighting_verified": 0, "junction_count": 2, "junction_density_per_km": 12.96, "crossing_count": 0, "bus_stop_count": 0, "btp_station": "K.R. Puram Traffic  PS", "btp_station_clean_name": "K.R. Puram PS", "btp_overlap_ratio": 1.0, "btp_station_total_cases_2023": 254.0, "btp_station_fatal_cases_2023": 41.0, "btp_station_killed_people_2023": 42.0, "btp_station_nonfatal_cases_2023": 213.0, "btp_station_injuries_2023": 217.0, "btp_station_total_cases_2022": null, "btp_station_fatal_cases_2022": null, "btp_station_total_cases_2021": null, "btp_station_fatal_cases_2021": null }, "geometry": { "type": "LineString", "coordinates": [ [ 77.670919244619583, 12.99758457941943 ], [ 77.6699698, 12.9971273 ], [ 77.6697826, 12.9970371 ], [ 77.6697547, 12.9970117 ], [ 77.6696738, 12.9969289 ] ] } },
{ "type": "Feature", "properties": { "segment_id": "BLR_OMR_WHITEFIELD_032", "corridor_id": "OMR_WHITEFIELD", "corridor_name": "Old Madras Road / Whitefield Corridor", "road_name": "Whitefield Main Road", "road_type": "primary", "segment_length_m": 488.39, "start_lat": 12.957393, "start_lon": 77.745657, "end_lat": 12.961349, "end_lon": 77.747633, "lanes": 2.0, "lane_count_available": 1, "speed_limit_kph": null, "speed_limit_available": 0, "street_lighting": "unverified", "street_lighting_verified": 0, "junction_count": 2, "junction_density_per_km": 4.1, "crossing_count": 0, "bus_stop_count": 0, "btp_station": "Whitefield Traffic  PS", "btp_station_clean_name": "Whitefield PS", "btp_overlap_ratio": 1.0, "btp_station_total_cases_2023": 316.0, "btp_station_fatal_cases_2023": 54.0, "btp_station_killed_people_2023": 56.0, "btp_station_nonfatal_cases_2023": 262.0, "btp_station_injuries_2023": 235.0, "btp_station_total_cases_2022": null, "btp_station_fatal_cases_2022": null, "btp_station_total_cases_2021": null, "btp_station_fatal_cases_2021": null }, "geometry": { "type": "LineString", "coordinates": [ [ 77.7456575, 12.9573931 ], [ 77.7458366, 12.9578391 ], [ 77.7458676, 12.9579163 ], [ 77.7460833, 12.9583619 ], [ 77.7462063, 12.958615 ], [ 77.7463383, 12.9588428 ], [ 77.746409, 12.9589647 ], [ 77.7464489, 12.9590348 ], [ 77.7466084, 12.959315 ], [ 77.746728, 12.9595313 ], [ 77.7469009, 12.959844 ], [ 77.746952, 12.9599364 ], [ 77.7472076, 12.9604379 ], [ 77.7475044, 12.96102 ], [ 77.7476049, 12.9612313 ], [ 77.7476326, 12.9613488 ] ] } },
{ "type": "Feature", "properties": { "segment_id": "BLR_OMR_WHITEFIELD_033_1", "corridor_id": "OMR_WHITEFIELD", "corridor_name": "Old Madras Road / Whitefield Corridor", "road_name": "HAL Old Airport Road / Varthur Road", "road_type": "primary", "segment_length_m": 500.0, "start_lat": 12.954513, "start_lon": 77.679888, "end_lat": 12.956462, "end_lon": 77.675734, "lanes": 2.0, "lane_count_available": 1, "speed_limit_kph": 40.0, "speed_limit_available": 1, "street_lighting": "unverified", "street_lighting_verified": 0, "junction_count": 2, "junction_density_per_km": 4.0, "crossing_count": 4, "bus_stop_count": 0, "btp_station": "H.A.L Airport Traffic PS", "btp_station_clean_name": "H.A.L. PS", "btp_overlap_ratio": 1.0, "btp_station_total_cases_2023": 97.0, "btp_station_fatal_cases_2023": 17.0, "btp_station_killed_people_2023": 17.0, "btp_station_nonfatal_cases_2023": 80.0, "btp_station_injuries_2023": 80.0, "btp_station_total_cases_2022": 83.0, "btp_station_fatal_cases_2022": 18.0, "btp_station_total_cases_2021": 143.0, "btp_station_fatal_cases_2021": 34.0 }, "geometry": { "type": "LineString", "coordinates": [ [ 77.679888, 12.9545128 ], [ 77.679856900000019, 12.9545261 ], [ 77.679764, 12.9545691 ], [ 77.67778, 12.9554795 ], [ 77.675733739608148, 12.956461523586533 ] ] } },
{ "type": "Feature", "properties": { "segment_id": "BLR_OMR_WHITEFIELD_033_2", "corridor_id": "OMR_WHITEFIELD", "corridor_name": "Old Madras Road / Whitefield Corridor", "road_name": "HAL Old Airport Road / Varthur Road", "road_type": "primary", "segment_length_m": 164.16, "start_lat": 12.956462, "start_lon": 77.675734, "end_lat": 12.957112, "end_lon": 77.674375, "lanes": 2.0, "lane_count_available": 1, "speed_limit_kph": 40.0, "speed_limit_available": 1, "street_lighting": "unverified", "street_lighting_verified": 0, "junction_count": 2, "junction_density_per_km": 12.18, "crossing_count": 0, "bus_stop_count": 0, "btp_station": "H.A.L Airport Traffic PS", "btp_station_clean_name": "H.A.L. PS", "btp_overlap_ratio": 1.0, "btp_station_total_cases_2023": 97.0, "btp_station_fatal_cases_2023": 17.0, "btp_station_killed_people_2023": 17.0, "btp_station_nonfatal_cases_2023": 80.0, "btp_station_injuries_2023": 80.0, "btp_station_total_cases_2022": 83.0, "btp_station_fatal_cases_2022": 18.0, "btp_station_total_cases_2021": 143.0, "btp_station_fatal_cases_2021": 34.0 }, "geometry": { "type": "LineString", "coordinates": [ [ 77.675733739608148, 12.956461523586533 ], [ 77.675286200000016, 12.9566763 ], [ 77.6747942, 12.9569149 ], [ 77.6744147, 12.9570933 ], [ 77.674375, 12.957112 ] ] } },
{ "type": "Feature", "properties": { "segment_id": "BLR_OMR_WHITEFIELD_034", "corridor_id": "OMR_WHITEFIELD", "corridor_name": "Old Madras Road / Whitefield Corridor", "road_name": "Swamy Vivekananda Road", "road_type": "primary", "segment_length_m": 570.67, "start_lat": 12.996339, "start_lon": 77.668285, "end_lat": 12.994213, "end_lon": 77.663509, "lanes": 3.0, "lane_count_available": 1, "speed_limit_kph": null, "speed_limit_available": 0, "street_lighting": "unverified", "street_lighting_verified": 0, "junction_count": 2, "junction_density_per_km": 3.5, "crossing_count": 0, "bus_stop_count": 0, "btp_station": "K.R. Puram Traffic  PS", "btp_station_clean_name": "K.R. Puram PS", "btp_overlap_ratio": 0.8665, "btp_station_total_cases_2023": 254.0, "btp_station_fatal_cases_2023": 41.0, "btp_station_killed_people_2023": 42.0, "btp_station_nonfatal_cases_2023": 213.0, "btp_station_injuries_2023": 217.0, "btp_station_total_cases_2022": null, "btp_station_fatal_cases_2022": null, "btp_station_total_cases_2021": null, "btp_station_fatal_cases_2021": null }, "geometry": { "type": "LineString", "coordinates": [ [ 77.668285, 12.9963391 ], [ 77.6678787, 12.9960576 ], [ 77.6678088, 12.9960283 ], [ 77.6676311, 12.9959538 ], [ 77.6669233, 12.9956488 ], [ 77.6666407, 12.9955271 ], [ 77.6665118, 12.9954756 ], [ 77.666474, 12.9954605 ], [ 77.6662312, 12.9953636 ], [ 77.6661531, 12.9953338 ], [ 77.6659211, 12.9952548 ], [ 77.6655085, 12.9950988 ], [ 77.6652648, 12.9949897 ], [ 77.6650051, 12.9948894 ], [ 77.6649578, 12.9948703 ], [ 77.6648398, 12.9948212 ], [ 77.6645137, 12.9946854 ], [ 77.6643182, 12.9945936 ], [ 77.6640375, 12.9944609 ], [ 77.6635092, 12.9942131 ] ] } },
{ "type": "Feature", "properties": { "segment_id": "BLR_OMR_WHITEFIELD_035_1", "corridor_id": "OMR_WHITEFIELD", "corridor_name": "Old Madras Road / Whitefield Corridor", "road_name": "Varthur Road", "road_type": "primary", "segment_length_m": 500.0, "start_lat": 12.956654, "start_lon": 77.696381, "end_lat": 12.956993, "end_lon": 77.700938, "lanes": 2.0, "lane_count_available": 1, "speed_limit_kph": null, "speed_limit_available": 0, "street_lighting": "unverified", "street_lighting_verified": 0, "junction_count": 2, "junction_density_per_km": 4.0, "crossing_count": 7, "bus_stop_count": 0, "btp_station": "H.A.L Airport Traffic PS", "btp_station_clean_name": "H.A.L. PS", "btp_overlap_ratio": 1.0, "btp_station_total_cases_2023": 97.0, "btp_station_fatal_cases_2023": 17.0, "btp_station_killed_people_2023": 17.0, "btp_station_nonfatal_cases_2023": 80.0, "btp_station_injuries_2023": 80.0, "btp_station_total_cases_2022": 83.0, "btp_station_fatal_cases_2022": 18.0, "btp_station_total_cases_2021": 143.0, "btp_station_fatal_cases_2021": 34.0 }, "geometry": { "type": "LineString", "coordinates": [ [ 77.6963813, 12.9566544 ], [ 77.6970263, 12.9567703 ], [ 77.6975499, 12.9568517 ], [ 77.6978181, 12.9569015 ], [ 77.6980722, 12.9569449 ], [ 77.6987392, 12.9570719 ], [ 77.6990676, 12.95712 ], [ 77.6992192, 12.9571267 ], [ 77.6994677, 12.9571243 ], [ 77.6998509, 12.9570858 ], [ 77.6999157, 12.9570805 ], [ 77.7003948, 12.9570404 ], [ 77.7008214, 12.9570041 ], [ 77.7008935, 12.956997 ], [ 77.700938121161386, 12.956992577197727 ] ] } },
{ "type": "Feature", "properties": { "segment_id": "BLR_OMR_WHITEFIELD_035_2", "corridor_id": "OMR_WHITEFIELD", "corridor_name": "Old Madras Road / Whitefield Corridor", "road_name": "Varthur Road", "road_type": "primary", "segment_length_m": 500.0, "start_lat": 12.956993, "start_lon": 77.700938, "end_lat": 12.956688, "end_lon": 77.705532, "lanes": 2.0, "lane_count_available": 1, "speed_limit_kph": null, "speed_limit_available": 0, "street_lighting": "unverified", "street_lighting_verified": 0, "junction_count": 2, "junction_density_per_km": 4.0, "crossing_count": 16, "bus_stop_count": 0, "btp_station": "H.A.L Airport Traffic PS", "btp_station_clean_name": "H.A.L. PS", "btp_overlap_ratio": 1.0, "btp_station_total_cases_2023": 97.0, "btp_station_fatal_cases_2023": 17.0, "btp_station_killed_people_2023": 17.0, "btp_station_nonfatal_cases_2023": 80.0, "btp_station_injuries_2023": 80.0, "btp_station_total_cases_2022": 83.0, "btp_station_fatal_cases_2022": 18.0, "btp_station_total_cases_2021": 143.0, "btp_station_fatal_cases_2021": 34.0 }, "geometry": { "type": "LineString", "coordinates": [ [ 77.700938121161386, 12.956992577197727 ], [ 77.7009389, 12.9569925 ], [ 77.7010345, 12.9569884 ], [ 77.7012937, 12.956972 ], [ 77.7014681, 12.9569597 ], [ 77.7016362, 12.9569572 ], [ 77.7019516, 12.9569361 ], [ 77.70256, 12.9568921 ], [ 77.7028056, 12.9568602 ], [ 77.7029803, 12.9568485 ], [ 77.7032797, 12.9568285 ], [ 77.7042947, 12.9567776 ], [ 77.7044791, 12.9567681 ], [ 77.7049972, 12.9567301 ], [ 77.705531710812011, 12.956687781472585 ] ] } },
{ "type": "Feature", "properties": { "segment_id": "BLR_OMR_WHITEFIELD_035_3", "corridor_id": "OMR_WHITEFIELD", "corridor_name": "Old Madras Road / Whitefield Corridor", "road_name": "Varthur Road", "road_type": "primary", "segment_length_m": 500.0, "start_lat": 12.956688, "start_lon": 77.705532, "end_lat": 12.95626, "end_lon": 77.710111, "lanes": 2.0, "lane_count_available": 1, "speed_limit_kph": null, "speed_limit_available": 0, "street_lighting": "unverified", "street_lighting_verified": 0, "junction_count": 2, "junction_density_per_km": 4.0, "crossing_count": 4, "bus_stop_count": 0, "btp_station": "H.A.L Airport Traffic PS", "btp_station_clean_name": "H.A.L. PS", "btp_overlap_ratio": 1.0, "btp_station_total_cases_2023": 97.0, "btp_station_fatal_cases_2023": 17.0, "btp_station_killed_people_2023": 17.0, "btp_station_nonfatal_cases_2023": 80.0, "btp_station_injuries_2023": 80.0, "btp_station_total_cases_2022": 83.0, "btp_station_fatal_cases_2022": 18.0, "btp_station_total_cases_2021": 143.0, "btp_station_fatal_cases_2021": 34.0 }, "geometry": { "type": "LineString", "coordinates": [ [ 77.705531710812011, 12.956687781472585 ], [ 77.706183200000012, 12.9566362 ], [ 77.7087727, 12.9564527 ], [ 77.7089031, 12.9564388 ], [ 77.7092013, 12.9563725 ], [ 77.7095408, 12.9563106 ], [ 77.709803, 12.9562886 ], [ 77.7099193, 12.956278 ], [ 77.71011146133317, 12.95626040085336 ] ] } },
{ "type": "Feature", "properties": { "segment_id": "BLR_OMR_WHITEFIELD_035_4", "corridor_id": "OMR_WHITEFIELD", "corridor_name": "Old Madras Road / Whitefield Corridor", "road_name": "Varthur Road", "road_type": "primary", "segment_length_m": 362.38, "start_lat": 12.95626, "start_lon": 77.710111, "end_lat": 12.956048, "end_lon": 77.713441, "lanes": 2.0, "lane_count_available": 1, "speed_limit_kph": null, "speed_limit_available": 0, "street_lighting": "unverified", "street_lighting_verified": 0, "junction_count": 2, "junction_density_per_km": 5.52, "crossing_count": 0, "bus_stop_count": 0, "btp_station": "H.A.L Airport Traffic PS", "btp_station_clean_name": "H.A.L. PS", "btp_overlap_ratio": 1.0, "btp_station_total_cases_2023": 97.0, "btp_station_fatal_cases_2023": 17.0, "btp_station_killed_people_2023": 17.0, "btp_station_nonfatal_cases_2023": 80.0, "btp_station_injuries_2023": 80.0, "btp_station_total_cases_2022": 83.0, "btp_station_fatal_cases_2022": 18.0, "btp_station_total_cases_2021": 143.0, "btp_station_fatal_cases_2021": 34.0 }, "geometry": { "type": "LineString", "coordinates": [ [ 77.71011146133317, 12.95626040085336 ], [ 77.7101344, 12.9562583 ], [ 77.7102922, 12.9562465 ], [ 77.7104677, 12.9562342 ], [ 77.7105804, 12.9562253 ], [ 77.710733, 12.9562125 ], [ 77.7110413, 12.9561841 ], [ 77.7120233, 12.9561196 ], [ 77.7121074, 12.9561158 ], [ 77.7129227, 12.9560615 ], [ 77.7133642, 12.9560492 ], [ 77.7134414, 12.9560477 ] ] } },
{ "type": "Feature", "properties": { "segment_id": "BLR_OMR_WHITEFIELD_036_1", "corridor_id": "OMR_WHITEFIELD", "corridor_name": "Old Madras Road / Whitefield Corridor", "road_name": "Varthur Road", "road_type": "primary", "segment_length_m": 500.0, "start_lat": 12.956567, "start_lon": 77.696399, "end_lat": 12.955776, "end_lon": 77.691866, "lanes": 2.0, "lane_count_available": 1, "speed_limit_kph": 40.0, "speed_limit_available": 1, "street_lighting": "unverified", "street_lighting_verified": 0, "junction_count": 2, "junction_density_per_km": 4.0, "crossing_count": 6, "bus_stop_count": 0, "btp_station": "H.A.L Airport Traffic PS", "btp_station_clean_name": "H.A.L. PS", "btp_overlap_ratio": 1.0, "btp_station_total_cases_2023": 97.0, "btp_station_fatal_cases_2023": 17.0, "btp_station_killed_people_2023": 17.0, "btp_station_nonfatal_cases_2023": 80.0, "btp_station_injuries_2023": 80.0, "btp_station_total_cases_2022": 83.0, "btp_station_fatal_cases_2022": 18.0, "btp_station_total_cases_2021": 143.0, "btp_station_fatal_cases_2021": 34.0 }, "geometry": { "type": "LineString", "coordinates": [ [ 77.6963989, 12.9565668 ], [ 77.6958854, 12.956478 ], [ 77.6953171, 12.9563729 ], [ 77.6950683, 12.956322 ], [ 77.6946162, 12.9562404 ], [ 77.6943842, 12.9562062 ], [ 77.6942603, 12.9561982 ], [ 77.6940806, 12.9561745 ], [ 77.6940178, 12.9561663 ], [ 77.6938091, 12.9561327 ], [ 77.6936535, 12.9561028 ], [ 77.6927477, 12.9559355 ], [ 77.6922524, 12.9558415 ], [ 77.6919012, 12.9557817 ], [ 77.6918874, 12.9557795 ], [ 77.691866289350301, 12.955776147389946 ] ] } },
{ "type": "Feature", "properties": { "segment_id": "BLR_OMR_WHITEFIELD_036_2", "corridor_id": "OMR_WHITEFIELD", "corridor_name": "Old Madras Road / Whitefield Corridor", "road_name": "Varthur Road", "road_type": "primary", "segment_length_m": 500.0, "start_lat": 12.955776, "start_lon": 77.691866, "end_lat": 12.955021, "end_lon": 77.687328, "lanes": 2.0, "lane_count_available": 1, "speed_limit_kph": 40.0, "speed_limit_available": 1, "street_lighting": "unverified", "street_lighting_verified": 0, "junction_count": 2, "junction_density_per_km": 4.0, "crossing_count": 14, "bus_stop_count": 0, "btp_station": "H.A.L Airport Traffic PS", "btp_station_clean_name": "H.A.L. PS", "btp_overlap_ratio": 1.0, "btp_station_total_cases_2023": 97.0, "btp_station_fatal_cases_2023": 17.0, "btp_station_killed_people_2023": 17.0, "btp_station_nonfatal_cases_2023": 80.0, "btp_station_injuries_2023": 80.0, "btp_station_total_cases_2022": 83.0, "btp_station_fatal_cases_2022": 18.0, "btp_station_total_cases_2021": 143.0, "btp_station_fatal_cases_2021": 34.0 }, "geometry": { "type": "LineString", "coordinates": [ [ 77.691866289350301, 12.955776147389946 ], [ 77.6917898, 12.955764 ], [ 77.6917451, 12.9557568 ], [ 77.6916028, 12.9557333 ], [ 77.6915096, 12.9557161 ], [ 77.6911759, 12.9556555 ], [ 77.6909883, 12.9556227 ], [ 77.6907429, 12.9555812 ], [ 77.6896081, 12.9553619 ], [ 77.6895876, 12.9553573 ], [ 77.6895119, 12.9553374 ], [ 77.6894265, 12.9553176 ], [ 77.6893789, 12.9553106 ], [ 77.6885722, 12.9551928 ], [ 77.6880686, 12.9551112 ], [ 77.687813600000013, 12.9550716 ], [ 77.687328248867942, 12.955020538668441 ] ] } },
{ "type": "Feature", "properties": { "segment_id": "BLR_OMR_WHITEFIELD_036_3", "corridor_id": "OMR_WHITEFIELD", "corridor_name": "Old Madras Road / Whitefield Corridor", "road_name": "Varthur Road", "road_type": "primary", "segment_length_m": 500.0, "start_lat": 12.955021, "start_lon": 77.687328, "end_lat": 12.954542, "end_lon": 77.682749, "lanes": 2.0, "lane_count_available": 1, "speed_limit_kph": 40.0, "speed_limit_available": 1, "street_lighting": "unverified", "street_lighting_verified": 0, "junction_count": 2, "junction_density_per_km": 4.0, "crossing_count": 0, "bus_stop_count": 0, "btp_station": "H.A.L Airport Traffic PS", "btp_station_clean_name": "H.A.L. PS", "btp_overlap_ratio": 1.0, "btp_station_total_cases_2023": 97.0, "btp_station_fatal_cases_2023": 17.0, "btp_station_killed_people_2023": 17.0, "btp_station_nonfatal_cases_2023": 80.0, "btp_station_injuries_2023": 80.0, "btp_station_total_cases_2022": 83.0, "btp_station_fatal_cases_2022": 18.0, "btp_station_total_cases_2021": 143.0, "btp_station_fatal_cases_2021": 34.0 }, "geometry": { "type": "LineString", "coordinates": [ [ 77.687328248867942, 12.955020538668441 ], [ 77.6837998, 12.9546493 ], [ 77.682847100000018, 12.9545521 ], [ 77.682749044886634, 12.954542113342853 ] ] } },
{ "type": "Feature", "properties": { "segment_id": "BLR_OMR_WHITEFIELD_036_4", "corridor_id": "OMR_WHITEFIELD", "corridor_name": "Old Madras Road / Whitefield Corridor", "road_name": "Varthur Road", "road_type": "primary", "segment_length_m": 313.56, "start_lat": 12.954542, "start_lon": 77.682749, "end_lat": 12.954513, "end_lon": 77.679888, "lanes": 2.0, "lane_count_available": 1, "speed_limit_kph": 40.0, "speed_limit_available": 1, "street_lighting": "unverified", "street_lighting_verified": 0, "junction_count": 2, "junction_density_per_km": 6.38, "crossing_count": 6, "bus_stop_count": 0, "btp_station": "H.A.L Airport Traffic PS", "btp_station_clean_name": "H.A.L. PS", "btp_overlap_ratio": 1.0, "btp_station_total_cases_2023": 97.0, "btp_station_fatal_cases_2023": 17.0, "btp_station_killed_people_2023": 17.0, "btp_station_nonfatal_cases_2023": 80.0, "btp_station_injuries_2023": 80.0, "btp_station_total_cases_2022": 83.0, "btp_station_fatal_cases_2022": 18.0, "btp_station_total_cases_2021": 143.0, "btp_station_fatal_cases_2021": 34.0 }, "geometry": { "type": "LineString", "coordinates": [ [ 77.682749044886634, 12.954542113342853 ], [ 77.6823385, 12.9545003 ], [ 77.682291, 12.9544984 ], [ 77.6807515, 12.9543972 ], [ 77.6803885, 12.9543811 ], [ 77.6801387, 12.9544194 ], [ 77.6800391, 12.9544524 ], [ 77.6800135, 12.9544597 ], [ 77.679888, 12.9545128 ] ] } },
{ "type": "Feature", "properties": { "segment_id": "BLR_OMR_WHITEFIELD_039", "corridor_id": "OMR_WHITEFIELD", "corridor_name": "Old Madras Road / Whitefield Corridor", "road_name": "Whitefield Road", "road_type": "primary", "segment_length_m": 273.63, "start_lat": 12.99204, "start_lon": 77.713558, "end_lat": 12.992244, "end_lon": 77.715999, "lanes": 2.0, "lane_count_available": 1, "speed_limit_kph": null, "speed_limit_available": 0, "street_lighting": "unverified", "street_lighting_verified": 0, "junction_count": 2, "junction_density_per_km": 7.31, "crossing_count": 0, "bus_stop_count": 0, "btp_station": "K.R. Puram Traffic  PS", "btp_station_clean_name": "K.R. Puram PS", "btp_overlap_ratio": 1.0, "btp_station_total_cases_2023": 254.0, "btp_station_fatal_cases_2023": 41.0, "btp_station_killed_people_2023": 42.0, "btp_station_nonfatal_cases_2023": 213.0, "btp_station_injuries_2023": 217.0, "btp_station_total_cases_2022": null, "btp_station_fatal_cases_2022": null, "btp_station_total_cases_2021": null, "btp_station_fatal_cases_2021": null }, "geometry": { "type": "LineString", "coordinates": [ [ 77.7135577, 12.9920404 ], [ 77.7136453, 12.9920048 ], [ 77.7140347, 12.9918749 ], [ 77.7141969, 12.9918518 ], [ 77.7143074, 12.991851 ], [ 77.7143705, 12.9918529 ], [ 77.7144064, 12.9918589 ], [ 77.7144248, 12.9918624 ], [ 77.7144998, 12.9918767 ], [ 77.7147311, 12.9919246 ], [ 77.71502, 12.9919938 ], [ 77.7151246, 12.9920196 ], [ 77.7152709, 12.9920556 ], [ 77.7155841, 12.9921334 ], [ 77.7157163, 12.9921658 ], [ 77.7158139, 12.9921948 ], [ 77.7159986, 12.9922443 ] ] } },
{ "type": "Feature", "properties": { "segment_id": "BLR_OMR_WHITEFIELD_040", "corridor_id": "OMR_WHITEFIELD", "corridor_name": "Old Madras Road / Whitefield Corridor", "road_name": "Whitefield Road", "road_type": "primary", "segment_length_m": 236.26, "start_lat": 12.99204, "start_lon": 77.713558, "end_lat": 12.991694, "end_lon": 77.715385, "lanes": 2.0, "lane_count_available": 1, "speed_limit_kph": null, "speed_limit_available": 0, "street_lighting": "unverified", "street_lighting_verified": 0, "junction_count": 2, "junction_density_per_km": 8.47, "crossing_count": 0, "bus_stop_count": 0, "btp_station": "K.R. Puram Traffic  PS", "btp_station_clean_name": "K.R. Puram PS", "btp_overlap_ratio": 1.0, "btp_station_total_cases_2023": 254.0, "btp_station_fatal_cases_2023": 41.0, "btp_station_killed_people_2023": 42.0, "btp_station_nonfatal_cases_2023": 213.0, "btp_station_injuries_2023": 217.0, "btp_station_total_cases_2022": null, "btp_station_fatal_cases_2022": null, "btp_station_total_cases_2021": null, "btp_station_fatal_cases_2021": null }, "geometry": { "type": "LineString", "coordinates": [ [ 77.7135577, 12.9920404 ], [ 77.7136781, 12.9919158 ], [ 77.7138312, 12.9918558 ], [ 77.7140166, 12.9917876 ], [ 77.7141385, 12.9917728 ], [ 77.7143188, 12.9917659 ], [ 77.7144381, 12.9917764 ], [ 77.7145501, 12.9917932 ], [ 77.7147989, 12.9918526 ], [ 77.7151394, 12.9919287 ], [ 77.7151836, 12.9919405 ], [ 77.7152722, 12.9919562 ], [ 77.7153315, 12.9919507 ], [ 77.7153785, 12.9919206 ], [ 77.7154132, 12.9918322 ], [ 77.7154068, 12.9917941 ], [ 77.715379, 12.9917395 ], [ 77.7153855, 12.9916939 ] ] } },
{ "type": "Feature", "properties": { "segment_id": "BLR_OMR_WHITEFIELD_041_1", "corridor_id": "OMR_WHITEFIELD", "corridor_name": "Old Madras Road / Whitefield Corridor", "road_name": "Varthur Road", "road_type": "primary", "segment_length_m": 500.0, "start_lat": 12.955961, "start_lon": 77.727091, "end_lat": 12.95627, "end_lon": 77.731684, "lanes": 2.0, "lane_count_available": 1, "speed_limit_kph": null, "speed_limit_available": 0, "street_lighting": "unverified", "street_lighting_verified": 0, "junction_count": 2, "junction_density_per_km": 4.0, "crossing_count": 2, "bus_stop_count": 0, "btp_station": "Whitefield Traffic  PS", "btp_station_clean_name": "Whitefield PS", "btp_overlap_ratio": 1.0, "btp_station_total_cases_2023": 316.0, "btp_station_fatal_cases_2023": 54.0, "btp_station_killed_people_2023": 56.0, "btp_station_nonfatal_cases_2023": 262.0, "btp_station_injuries_2023": 235.0, "btp_station_total_cases_2022": null, "btp_station_fatal_cases_2022": null, "btp_station_total_cases_2021": null, "btp_station_fatal_cases_2021": null }, "geometry": { "type": "LineString", "coordinates": [ [ 77.7270911, 12.9559612 ], [ 77.7280736, 12.9560002 ], [ 77.7281356, 12.9560046 ], [ 77.7284204, 12.956026 ], [ 77.7285619, 12.9560379 ], [ 77.7287296, 12.9560499 ], [ 77.72878, 12.9560565 ], [ 77.7294266, 12.9560974 ], [ 77.7301341, 12.9561538 ], [ 77.7302437, 12.9561639 ], [ 77.73033, 12.9561678 ], [ 77.730472, 12.9561775 ], [ 77.730631, 12.9561887 ], [ 77.7307725, 12.9561949 ], [ 77.7309308, 12.9562024 ], [ 77.7310083, 12.9562063 ], [ 77.7313396, 12.956235 ], [ 77.7315509, 12.9562546 ], [ 77.73168422576876, 12.956270448313385 ] ] } },
{ "type": "Feature", "properties": { "segment_id": "BLR_OMR_WHITEFIELD_041_2", "corridor_id": "OMR_WHITEFIELD", "corridor_name": "Old Madras Road / Whitefield Corridor", "road_name": "Varthur Road", "road_type": "primary", "segment_length_m": 500.0, "start_lat": 12.95627, "start_lon": 77.731684, "end_lat": 12.957014, "end_lon": 77.736226, "lanes": 2.0, "lane_count_available": 1, "speed_limit_kph": null, "speed_limit_available": 0, "street_lighting": "unverified", "street_lighting_verified": 0, "junction_count": 2, "junction_density_per_km": 4.0, "crossing_count": 4, "bus_stop_count": 0, "btp_station": "Whitefield Traffic  PS", "btp_station_clean_name": "Whitefield PS", "btp_overlap_ratio": 1.0, "btp_station_total_cases_2023": 316.0, "btp_station_fatal_cases_2023": 54.0, "btp_station_killed_people_2023": 56.0, "btp_station_nonfatal_cases_2023": 262.0, "btp_station_injuries_2023": 235.0, "btp_station_total_cases_2022": null, "btp_station_fatal_cases_2022": null, "btp_station_total_cases_2021": null, "btp_station_fatal_cases_2021": null }, "geometry": { "type": "LineString", "coordinates": [ [ 77.73168422576876, 12.956270448313385 ], [ 77.7317242, 12.9562752 ], [ 77.7319366, 12.9562985 ], [ 77.7320022, 12.956309 ], [ 77.7321128, 12.9563249 ], [ 77.7322608, 12.9563496 ], [ 77.7325989, 12.9564129 ], [ 77.7327359, 12.956434 ], [ 77.7328956, 12.9564634 ], [ 77.7347999, 12.9567706 ], [ 77.7357388, 12.9569273 ], [ 77.7359354, 12.9569642 ], [ 77.736034600000011, 12.9569816 ], [ 77.736225833591192, 12.957013649077346 ] ] } },
{ "type": "Feature", "properties": { "segment_id": "BLR_OMR_WHITEFIELD_041_3", "corridor_id": "OMR_WHITEFIELD", "corridor_name": "Old Madras Road / Whitefield Corridor", "road_name": "Varthur Road", "road_type": "primary", "segment_length_m": 438.35, "start_lat": 12.957014, "start_lon": 77.736226, "end_lat": 12.95703, "end_lon": 77.740256, "lanes": 2.0, "lane_count_available": 1, "speed_limit_kph": null, "speed_limit_available": 0, "street_lighting": "unverified", "street_lighting_verified": 0, "junction_count": 2, "junction_density_per_km": 4.56, "crossing_count": 6, "bus_stop_count": 0, "btp_station": "Whitefield Traffic  PS", "btp_station_clean_name": "Whitefield PS", "btp_overlap_ratio": 1.0, "btp_station_total_cases_2023": 316.0, "btp_station_fatal_cases_2023": 54.0, "btp_station_killed_people_2023": 56.0, "btp_station_nonfatal_cases_2023": 262.0, "btp_station_injuries_2023": 235.0, "btp_station_total_cases_2022": null, "btp_station_fatal_cases_2022": null, "btp_station_total_cases_2021": null, "btp_station_fatal_cases_2021": null }, "geometry": { "type": "LineString", "coordinates": [ [ 77.736225833591192, 12.957013649077346 ], [ 77.736287, 12.9570239 ], [ 77.7363656, 12.9570346 ], [ 77.7367336, 12.9570843 ], [ 77.7368684, 12.9570998 ], [ 77.7371187, 12.9570954 ], [ 77.7373897, 12.9570913 ], [ 77.7376806, 12.9570837 ], [ 77.7379484, 12.9570791 ], [ 77.738223, 12.9570713 ], [ 77.7385482, 12.9570713 ], [ 77.7387376, 12.9570724 ], [ 77.7388387, 12.9570677 ], [ 77.7391464, 12.9570587 ], [ 77.7395131, 12.957048 ], [ 77.7396975, 12.9570409 ], [ 77.7397659, 12.957038 ], [ 77.739851, 12.9570385 ], [ 77.7399268, 12.9570389 ], [ 77.7402559, 12.9570304 ] ] } },
{ "type": "Feature", "properties": { "segment_id": "BLR_OMR_WHITEFIELD_042", "corridor_id": "OMR_WHITEFIELD", "corridor_name": "Old Madras Road / Whitefield Corridor", "road_name": "Varthur Road", "road_type": "primary", "segment_length_m": 390.98, "start_lat": 12.955896, "start_lon": 77.727094, "end_lat": 12.955824, "end_lon": 77.723494, "lanes": 2.0, "lane_count_available": 1, "speed_limit_kph": null, "speed_limit_available": 0, "street_lighting": "unverified", "street_lighting_verified": 0, "junction_count": 2, "junction_density_per_km": 5.12, "crossing_count": 4, "bus_stop_count": 0, "btp_station": "Whitefield Traffic  PS", "btp_station_clean_name": "Whitefield PS", "btp_overlap_ratio": 1.0, "btp_station_total_cases_2023": 316.0, "btp_station_fatal_cases_2023": 54.0, "btp_station_killed_people_2023": 56.0, "btp_station_nonfatal_cases_2023": 262.0, "btp_station_injuries_2023": 235.0, "btp_station_total_cases_2022": null, "btp_station_fatal_cases_2022": null, "btp_station_total_cases_2021": null, "btp_station_fatal_cases_2021": null }, "geometry": { "type": "LineString", "coordinates": [ [ 77.727094, 12.9558962 ], [ 77.7269029, 12.9558911 ], [ 77.7258065, 12.9558653 ], [ 77.7254866, 12.9558577 ], [ 77.7252936, 12.9558532 ], [ 77.7252264, 12.9558516 ], [ 77.7251345, 12.9558498 ], [ 77.724752, 12.9558425 ], [ 77.7246188, 12.9558399 ], [ 77.7245776, 12.9558391 ], [ 77.7235193, 12.9558247 ], [ 77.7234939, 12.9558242 ] ] } },
{ "type": "Feature", "properties": { "segment_id": "BLR_OMR_WHITEFIELD_043", "corridor_id": "OMR_WHITEFIELD", "corridor_name": "Old Madras Road / Whitefield Corridor", "road_name": "Hoodi Main Road", "road_type": "primary", "segment_length_m": 64.03, "start_lat": 12.990299, "start_lon": 77.713861, "end_lat": 12.989958, "end_lon": 77.713385, "lanes": 2.0, "lane_count_available": 1, "speed_limit_kph": 40.0, "speed_limit_available": 1, "street_lighting": "unverified", "street_lighting_verified": 0, "junction_count": 2, "junction_density_per_km": 31.24, "crossing_count": 0, "bus_stop_count": 0, "btp_station": "K.R. Puram Traffic  PS", "btp_station_clean_name": "K.R. Puram PS", "btp_overlap_ratio": 1.0, "btp_station_total_cases_2023": 254.0, "btp_station_fatal_cases_2023": 41.0, "btp_station_killed_people_2023": 42.0, "btp_station_nonfatal_cases_2023": 213.0, "btp_station_injuries_2023": 217.0, "btp_station_total_cases_2022": null, "btp_station_fatal_cases_2022": null, "btp_station_total_cases_2021": null, "btp_station_fatal_cases_2021": null }, "geometry": { "type": "LineString", "coordinates": [ [ 77.7138611, 12.9902986 ], [ 77.7137123, 12.9901771 ], [ 77.7135158, 12.9900437 ], [ 77.7134427, 12.9899941 ], [ 77.7133852, 12.989958 ] ] } },
{ "type": "Feature", "properties": { "segment_id": "BLR_OMR_WHITEFIELD_044", "corridor_id": "OMR_WHITEFIELD", "corridor_name": "Old Madras Road / Whitefield Corridor", "road_name": "HAL Old Airport Road", "road_type": "primary_link", "segment_length_m": 196.99, "start_lat": 12.958465, "start_lon": 77.666401, "end_lat": 12.95821, "end_lon": 77.668159, "lanes": null, "lane_count_available": 0, "speed_limit_kph": null, "speed_limit_available": 0, "street_lighting": "unverified", "street_lighting_verified": 0, "junction_count": 2, "junction_density_per_km": 10.15, "crossing_count": 5, "bus_stop_count": 0, "btp_station": "H.A.L Airport Traffic PS", "btp_station_clean_name": "H.A.L. PS", "btp_overlap_ratio": 1.0, "btp_station_total_cases_2023": 97.0, "btp_station_fatal_cases_2023": 17.0, "btp_station_killed_people_2023": 17.0, "btp_station_nonfatal_cases_2023": 80.0, "btp_station_injuries_2023": 80.0, "btp_station_total_cases_2022": 83.0, "btp_station_fatal_cases_2022": 18.0, "btp_station_total_cases_2021": 143.0, "btp_station_fatal_cases_2021": 34.0 }, "geometry": { "type": "LineString", "coordinates": [ [ 77.6664006, 12.9584647 ], [ 77.6664832, 12.9584418 ], [ 77.6665503, 12.9584192 ], [ 77.6668669, 12.9583649 ], [ 77.6670202, 12.9583462 ], [ 77.6672278, 12.9583257 ], [ 77.6674349, 12.9583189 ], [ 77.6677143, 12.9583089 ], [ 77.6680293, 12.9583024 ], [ 77.6680788, 12.9583004 ], [ 77.6681586, 12.9582104 ] ] } },
{ "type": "Feature", "properties": { "segment_id": "BLR_OMR_WHITEFIELD_045", "corridor_id": "OMR_WHITEFIELD", "corridor_name": "Old Madras Road / Whitefield Corridor", "road_name": "Whitefield Main Road", "road_type": "primary", "segment_length_m": 83.44, "start_lat": 12.983029, "start_lon": 77.752173, "end_lat": 12.98375, "end_lon": 77.752393, "lanes": 2.0, "lane_count_available": 1, "speed_limit_kph": null, "speed_limit_available": 0, "street_lighting": "unverified", "street_lighting_verified": 0, "junction_count": 2, "junction_density_per_km": 23.97, "crossing_count": 8, "bus_stop_count": 0, "btp_station": "Whitefield Traffic  PS", "btp_station_clean_name": "Whitefield PS", "btp_overlap_ratio": 1.0, "btp_station_total_cases_2023": 316.0, "btp_station_fatal_cases_2023": 54.0, "btp_station_killed_people_2023": 56.0, "btp_station_nonfatal_cases_2023": 262.0, "btp_station_injuries_2023": 235.0, "btp_station_total_cases_2022": null, "btp_station_fatal_cases_2022": null, "btp_station_total_cases_2021": null, "btp_station_fatal_cases_2021": null }, "geometry": { "type": "LineString", "coordinates": [ [ 77.7521734, 12.9830288 ], [ 77.7522264, 12.9832658 ], [ 77.7523529, 12.9836256 ], [ 77.7523678, 12.9836699 ], [ 77.7523933, 12.9837499 ] ] } },
{ "type": "Feature", "properties": { "segment_id": "BLR_OMR_WHITEFIELD_046", "corridor_id": "OMR_WHITEFIELD", "corridor_name": "Old Madras Road / Whitefield Corridor", "road_name": "Whitefield Road", "road_type": "primary", "segment_length_m": 191.25, "start_lat": 12.983837, "start_lon": 77.752056, "end_lat": 12.984391, "end_lon": 77.750388, "lanes": 2.0, "lane_count_available": 1, "speed_limit_kph": 40.0, "speed_limit_available": 1, "street_lighting": "unverified", "street_lighting_verified": 0, "junction_count": 2, "junction_density_per_km": 10.46, "crossing_count": 1, "bus_stop_count": 0, "btp_station": "Whitefield Traffic  PS", "btp_station_clean_name": "Whitefield PS", "btp_overlap_ratio": 1.0, "btp_station_total_cases_2023": 316.0, "btp_station_fatal_cases_2023": 54.0, "btp_station_killed_people_2023": 56.0, "btp_station_nonfatal_cases_2023": 262.0, "btp_station_injuries_2023": 235.0, "btp_station_total_cases_2022": null, "btp_station_fatal_cases_2022": null, "btp_station_total_cases_2021": null, "btp_station_fatal_cases_2021": null }, "geometry": { "type": "LineString", "coordinates": [ [ 77.7520563, 12.9838368 ], [ 77.7519322, 12.9838834 ], [ 77.7516955, 12.9839588 ], [ 77.751625, 12.9839813 ], [ 77.7512532, 12.9840997 ], [ 77.7509718, 12.9841889 ], [ 77.7509179, 12.9842064 ], [ 77.7508339, 12.9842353 ], [ 77.7503881, 12.9843911 ] ] } },
{ "type": "Feature", "properties": { "segment_id": "BLR_OMR_WHITEFIELD_047", "corridor_id": "OMR_WHITEFIELD", "corridor_name": "Old Madras Road / Whitefield Corridor", "road_name": "Hoodi Main Road", "road_type": "primary", "segment_length_m": 110.94, "start_lat": 12.991001, "start_lon": 77.71472, "end_lat": 12.990355, "end_lon": 77.713939, "lanes": 2.0, "lane_count_available": 1, "speed_limit_kph": 40.0, "speed_limit_available": 1, "street_lighting": "unverified", "street_lighting_verified": 0, "junction_count": 2, "junction_density_per_km": 18.03, "crossing_count": 0, "bus_stop_count": 0, "btp_station": "K.R. Puram Traffic  PS", "btp_station_clean_name": "K.R. Puram PS", "btp_overlap_ratio": 1.0, "btp_station_total_cases_2023": 254.0, "btp_station_fatal_cases_2023": 41.0, "btp_station_killed_people_2023": 42.0, "btp_station_nonfatal_cases_2023": 213.0, "btp_station_injuries_2023": 217.0, "btp_station_total_cases_2022": null, "btp_station_fatal_cases_2022": null, "btp_station_total_cases_2021": null, "btp_station_fatal_cases_2021": null }, "geometry": { "type": "LineString", "coordinates": [ [ 77.7147198, 12.9910011 ], [ 77.7145726, 12.9908678 ], [ 77.7143369, 12.9906728 ], [ 77.7141818, 12.9905445 ], [ 77.7140979, 12.9904751 ], [ 77.7140929, 12.9904709 ], [ 77.7140464, 12.9904325 ], [ 77.7139606, 12.9903709 ], [ 77.7139391, 12.9903553 ] ] } },
{ "type": "Feature", "properties": { "segment_id": "BLR_OMR_WHITEFIELD_048", "corridor_id": "OMR_WHITEFIELD", "corridor_name": "Old Madras Road / Whitefield Corridor", "road_name": "Hoodi Main Road", "road_type": "primary", "segment_length_m": 109.44, "start_lat": 12.991048, "start_lon": 77.714671, "end_lat": 12.990398, "end_lon": 77.713913, "lanes": null, "lane_count_available": 0, "speed_limit_kph": null, "speed_limit_available": 0, "street_lighting": "unverified", "street_lighting_verified": 0, "junction_count": 2, "junction_density_per_km": 18.27, "crossing_count": 0, "bus_stop_count": 0, "btp_station": "K.R. Puram Traffic  PS", "btp_station_clean_name": "K.R. Puram PS", "btp_overlap_ratio": 1.0, "btp_station_total_cases_2023": 254.0, "btp_station_fatal_cases_2023": 41.0, "btp_station_killed_people_2023": 42.0, "btp_station_nonfatal_cases_2023": 213.0, "btp_station_injuries_2023": 217.0, "btp_station_total_cases_2022": null, "btp_station_fatal_cases_2022": null, "btp_station_total_cases_2021": null, "btp_station_fatal_cases_2021": null }, "geometry": { "type": "LineString", "coordinates": [ [ 77.7146712, 12.9910483 ], [ 77.7145201, 12.9909152 ], [ 77.7141175, 12.9905843 ], [ 77.7140074, 12.9904846 ], [ 77.7139127, 12.9903975 ] ] } },
{ "type": "Feature", "properties": { "segment_id": "BLR_OMR_WHITEFIELD_049", "corridor_id": "OMR_WHITEFIELD", "corridor_name": "Old Madras Road / Whitefield Corridor", "road_name": "Varthur Road", "road_type": "primary", "segment_length_m": 550.28, "start_lat": 12.955824, "start_lon": 77.723494, "end_lat": 12.95573, "end_lon": 77.718427, "lanes": 2.0, "lane_count_available": 1, "speed_limit_kph": null, "speed_limit_available": 0, "street_lighting": "unverified", "street_lighting_verified": 0, "junction_count": 2, "junction_density_per_km": 3.63, "crossing_count": 6, "bus_stop_count": 0, "btp_station": "Whitefield Traffic  PS", "btp_station_clean_name": "Whitefield PS", "btp_overlap_ratio": 1.0, "btp_station_total_cases_2023": 316.0, "btp_station_fatal_cases_2023": 54.0, "btp_station_killed_people_2023": 56.0, "btp_station_nonfatal_cases_2023": 262.0, "btp_station_injuries_2023": 235.0, "btp_station_total_cases_2022": null, "btp_station_fatal_cases_2022": null, "btp_station_total_cases_2021": null, "btp_station_fatal_cases_2021": null }, "geometry": { "type": "LineString", "coordinates": [ [ 77.7234939, 12.9558242 ], [ 77.7233198, 12.9558207 ], [ 77.7230443, 12.9558171 ], [ 77.7228161, 12.9558138 ], [ 77.7226292, 12.9558101 ], [ 77.7223216, 12.9557975 ], [ 77.7221126, 12.9557969 ], [ 77.721858, 12.9557976 ], [ 77.7211929, 12.95579 ], [ 77.7211451, 12.9557885 ], [ 77.7209275, 12.9557815 ], [ 77.7208875, 12.9557807 ], [ 77.7207528, 12.9557797 ], [ 77.7207244, 12.9557792 ], [ 77.7203984, 12.955774 ], [ 77.7203616, 12.9557737 ], [ 77.720152, 12.9557722 ], [ 77.7199974, 12.9557703 ], [ 77.7198372, 12.9557679 ], [ 77.7191049, 12.9557444 ], [ 77.7187579, 12.9557327 ], [ 77.7187097, 12.9557311 ], [ 77.7184582, 12.95573 ], [ 77.7184271, 12.95573 ] ] } },
{ "type": "Feature", "properties": { "segment_id": "BLR_OMR_WHITEFIELD_050", "corridor_id": "OMR_WHITEFIELD", "corridor_name": "Old Madras Road / Whitefield Corridor", "road_name": "Varthur Road", "road_type": "primary_link", "segment_length_m": 186.61, "start_lat": 12.955742, "start_lon": 77.716508, "end_lat": 12.955786, "end_lon": 77.714805, "lanes": 2.0, "lane_count_available": 1, "speed_limit_kph": null, "speed_limit_available": 0, "street_lighting": "unverified", "street_lighting_verified": 0, "junction_count": 2, "junction_density_per_km": 10.72, "crossing_count": 3, "bus_stop_count": 0, "btp_station": "Whitefield Traffic  PS", "btp_station_clean_name": "Whitefield PS", "btp_overlap_ratio": 1.0, "btp_station_total_cases_2023": 316.0, "btp_station_fatal_cases_2023": 54.0, "btp_station_killed_people_2023": 56.0, "btp_station_nonfatal_cases_2023": 262.0, "btp_station_injuries_2023": 235.0, "btp_station_total_cases_2022": null, "btp_station_fatal_cases_2022": null, "btp_station_total_cases_2021": null, "btp_station_fatal_cases_2021": null }, "geometry": { "type": "LineString", "coordinates": [ [ 77.7165076, 12.9557416 ], [ 77.7164565, 12.9557072 ], [ 77.71625, 12.9556834 ], [ 77.7160403, 12.9556937 ], [ 77.7156997, 12.9557218 ], [ 77.7150738, 12.9557677 ], [ 77.7150315, 12.9557708 ], [ 77.7150065, 12.9557717 ], [ 77.7148051, 12.9557863 ] ] } },
{ "type": "Feature", "properties": { "segment_id": "BLR_OMR_WHITEFIELD_051", "corridor_id": "OMR_WHITEFIELD", "corridor_name": "Old Madras Road / Whitefield Corridor", "road_name": "Varthur Road", "road_type": "primary", "segment_length_m": 551.68, "start_lat": 12.95703, "start_lon": 77.740256, "end_lat": 12.956912, "end_lon": 77.745269, "lanes": 2.0, "lane_count_available": 1, "speed_limit_kph": null, "speed_limit_available": 0, "street_lighting": "unverified", "street_lighting_verified": 0, "junction_count": 2, "junction_density_per_km": 3.63, "crossing_count": 0, "bus_stop_count": 0, "btp_station": "Whitefield Traffic  PS", "btp_station_clean_name": "Whitefield PS", "btp_overlap_ratio": 1.0, "btp_station_total_cases_2023": 316.0, "btp_station_fatal_cases_2023": 54.0, "btp_station_killed_people_2023": 56.0, "btp_station_nonfatal_cases_2023": 262.0, "btp_station_injuries_2023": 235.0, "btp_station_total_cases_2022": null, "btp_station_fatal_cases_2022": null, "btp_station_total_cases_2021": null, "btp_station_fatal_cases_2021": null }, "geometry": { "type": "LineString", "coordinates": [ [ 77.7402559, 12.9570304 ], [ 77.7403476, 12.9570286 ], [ 77.7404339, 12.957032 ], [ 77.7404862, 12.9570315 ], [ 77.7406262, 12.9570329 ], [ 77.7406492, 12.9570333 ], [ 77.7407623, 12.9570393 ], [ 77.7411237, 12.9570351 ], [ 77.7412524, 12.9570321 ], [ 77.7416857, 12.9570229 ], [ 77.7420454, 12.9570213 ], [ 77.7433507, 12.9570098 ], [ 77.743603, 12.9569764 ], [ 77.7436432, 12.9569711 ], [ 77.7439395, 12.9569041 ], [ 77.7443963, 12.9567889 ], [ 77.744577, 12.9567404 ], [ 77.7447564, 12.956736 ], [ 77.7449066, 12.9567703 ], [ 77.7449964, 12.9568021 ], [ 77.7451468, 12.9568812 ], [ 77.7452184, 12.9569078 ], [ 77.7452693, 12.9569119 ] ] } },
{ "type": "Feature", "properties": { "segment_id": "BLR_OMR_WHITEFIELD_052_1", "corridor_id": "OMR_WHITEFIELD", "corridor_name": "Old Madras Road / Whitefield Corridor", "road_name": "HAL Old Airport Road", "road_type": "primary", "segment_length_m": 500.0, "start_lat": 12.957189, "start_lon": 77.674395, "end_lat": 12.955219, "end_lon": 77.678539, "lanes": 2.0, "lane_count_available": 1, "speed_limit_kph": null, "speed_limit_available": 0, "street_lighting": "unverified", "street_lighting_verified": 0, "junction_count": 2, "junction_density_per_km": 4.0, "crossing_count": 0, "bus_stop_count": 0, "btp_station": "H.A.L Airport Traffic PS", "btp_station_clean_name": "H.A.L. PS", "btp_overlap_ratio": 1.0, "btp_station_total_cases_2023": 97.0, "btp_station_fatal_cases_2023": 17.0, "btp_station_killed_people_2023": 17.0, "btp_station_nonfatal_cases_2023": 80.0, "btp_station_injuries_2023": 80.0, "btp_station_total_cases_2022": 83.0, "btp_station_fatal_cases_2022": 18.0, "btp_station_total_cases_2021": 143.0, "btp_station_fatal_cases_2021": 34.0 }, "geometry": { "type": "LineString", "coordinates": [ [ 77.6743949, 12.9571889 ], [ 77.6753215, 12.9567464 ], [ 77.675894200000016, 12.9564816 ], [ 77.6777333, 12.9556024 ], [ 77.6777898, 12.9555752 ], [ 77.6778488, 12.9555455 ], [ 77.678538933590403, 12.95521901571893 ] ] } },
{ "type": "Feature", "properties": { "segment_id": "BLR_OMR_WHITEFIELD_052_2", "corridor_id": "OMR_WHITEFIELD", "corridor_name": "Old Madras Road / Whitefield Corridor", "road_name": "HAL Old Airport Road", "road_type": "primary", "segment_length_m": 167.45, "start_lat": 12.955219, "start_lon": 77.678539, "end_lat": 12.954584, "end_lon": 77.679938, "lanes": 2.0, "lane_count_available": 1, "speed_limit_kph": null, "speed_limit_available": 0, "street_lighting": "unverified", "street_lighting_verified": 0, "junction_count": 2, "junction_density_per_km": 11.94, "crossing_count": 4, "bus_stop_count": 0, "btp_station": "H.A.L Airport Traffic PS", "btp_station_clean_name": "H.A.L. PS", "btp_overlap_ratio": 1.0, "btp_station_total_cases_2023": 97.0, "btp_station_fatal_cases_2023": 17.0, "btp_station_killed_people_2023": 17.0, "btp_station_nonfatal_cases_2023": 80.0, "btp_station_injuries_2023": 80.0, "btp_station_total_cases_2022": 83.0, "btp_station_fatal_cases_2022": 18.0, "btp_station_total_cases_2021": 143.0, "btp_station_fatal_cases_2021": 34.0 }, "geometry": { "type": "LineString", "coordinates": [ [ 77.678538933590403, 12.95521901571893 ], [ 77.6797301, 12.9546555 ], [ 77.6797891, 12.9546335 ], [ 77.6799376, 12.9545845 ] ] } },
{ "type": "Feature", "properties": { "segment_id": "BLR_OMR_WHITEFIELD_053", "corridor_id": "OMR_WHITEFIELD", "corridor_name": "Old Madras Road / Whitefield Corridor", "road_name": "Whitefield Road", "road_type": "primary", "segment_length_m": 75.66, "start_lat": 12.984491, "start_lon": 77.750422, "end_lat": 12.984262, "end_lon": 77.751079, "lanes": 2.0, "lane_count_available": 1, "speed_limit_kph": null, "speed_limit_available": 0, "street_lighting": "unverified", "street_lighting_verified": 0, "junction_count": 2, "junction_density_per_km": 26.43, "crossing_count": 0, "bus_stop_count": 0, "btp_station": "Whitefield Traffic  PS", "btp_station_clean_name": "Whitefield PS", "btp_overlap_ratio": 1.0, "btp_station_total_cases_2023": 316.0, "btp_station_fatal_cases_2023": 54.0, "btp_station_killed_people_2023": 56.0, "btp_station_nonfatal_cases_2023": 262.0, "btp_station_injuries_2023": 235.0, "btp_station_total_cases_2022": null, "btp_station_fatal_cases_2022": null, "btp_station_total_cases_2021": null, "btp_station_fatal_cases_2021": null }, "geometry": { "type": "LineString", "coordinates": [ [ 77.7504223, 12.9844908 ], [ 77.7510368, 12.9842762 ], [ 77.7510789, 12.9842618 ] ] } },
{ "type": "Feature", "properties": { "segment_id": "BLR_OMR_WHITEFIELD_056", "corridor_id": "OMR_WHITEFIELD", "corridor_name": "Old Madras Road / Whitefield Corridor", "road_name": "Swamy Vivekananda Road", "road_type": "primary", "segment_length_m": 512.43, "start_lat": 12.985699, "start_lon": 77.645033, "end_lat": 12.984061, "end_lon": 77.640619, "lanes": 3.0, "lane_count_available": 1, "speed_limit_kph": null, "speed_limit_available": 0, "street_lighting": "unverified", "street_lighting_verified": 0, "junction_count": 2, "junction_density_per_km": 3.9, "crossing_count": 4, "bus_stop_count": 0, "btp_station": "Halasur Traffic PS", "btp_station_clean_name": "Halasur PS", "btp_overlap_ratio": 1.0, "btp_station_total_cases_2023": 67.0, "btp_station_fatal_cases_2023": 11.0, "btp_station_killed_people_2023": 11.0, "btp_station_nonfatal_cases_2023": 56.0, "btp_station_injuries_2023": 48.0, "btp_station_total_cases_2022": 76.0, "btp_station_fatal_cases_2022": 13.0, "btp_station_total_cases_2021": 47.0, "btp_station_fatal_cases_2021": 19.0 }, "geometry": { "type": "LineString", "coordinates": [ [ 77.6450326, 12.9856986 ], [ 77.6449874, 12.9856817 ], [ 77.644228, 12.9853975 ], [ 77.6440369, 12.9853266 ], [ 77.6431751, 12.984982 ], [ 77.6426242, 12.9847584 ], [ 77.6424589, 12.9846913 ], [ 77.6420527, 12.9845469 ], [ 77.6416065, 12.9843883 ], [ 77.6413407, 12.984291 ], [ 77.6407843, 12.984114 ], [ 77.6406191, 12.9840614 ] ] } },
{ "type": "Feature", "properties": { "segment_id": "BLR_OMR_WHITEFIELD_059", "corridor_id": "OMR_WHITEFIELD", "corridor_name": "Old Madras Road / Whitefield Corridor", "road_name": "Whitefield Main Road", "road_type": "primary", "segment_length_m": 59.71, "start_lat": 12.956919, "start_lon": 77.745437, "end_lat": 12.957393, "end_lon": 77.745657, "lanes": 2.0, "lane_count_available": 1, "speed_limit_kph": null, "speed_limit_available": 0, "street_lighting": "unverified", "street_lighting_verified": 0, "junction_count": 2, "junction_density_per_km": 33.5, "crossing_count": 0, "bus_stop_count": 0, "btp_station": "Whitefield Traffic  PS", "btp_station_clean_name": "Whitefield PS", "btp_overlap_ratio": 1.0, "btp_station_total_cases_2023": 316.0, "btp_station_fatal_cases_2023": 54.0, "btp_station_killed_people_2023": 56.0, "btp_station_nonfatal_cases_2023": 262.0, "btp_station_injuries_2023": 235.0, "btp_station_total_cases_2022": null, "btp_station_fatal_cases_2022": null, "btp_station_total_cases_2021": null, "btp_station_fatal_cases_2021": null }, "geometry": { "type": "LineString", "coordinates": [ [ 77.7454375, 12.9569186 ], [ 77.7455955, 12.957103 ], [ 77.7456606, 12.9573458 ], [ 77.7456575, 12.9573931 ] ] } },
{ "type": "Feature", "properties": { "segment_id": "BLR_OMR_WHITEFIELD_060", "corridor_id": "OMR_WHITEFIELD", "corridor_name": "Old Madras Road / Whitefield Corridor", "road_name": "Varthur Lake Road", "road_type": "primary", "segment_length_m": 99.16, "start_lat": 12.956752, "start_lon": 77.745467, "end_lat": 12.95612, "end_lon": 77.744896, "lanes": 3.0, "lane_count_available": 1, "speed_limit_kph": null, "speed_limit_available": 0, "street_lighting": "unverified", "street_lighting_verified": 0, "junction_count": 2, "junction_density_per_km": 20.17, "crossing_count": 0, "bus_stop_count": 0, "btp_station": "Whitefield Traffic  PS", "btp_station_clean_name": "Whitefield PS", "btp_overlap_ratio": 1.0, "btp_station_total_cases_2023": 316.0, "btp_station_fatal_cases_2023": 54.0, "btp_station_killed_people_2023": 56.0, "btp_station_nonfatal_cases_2023": 262.0, "btp_station_injuries_2023": 235.0, "btp_station_total_cases_2022": null, "btp_station_fatal_cases_2022": null, "btp_station_total_cases_2021": null, "btp_station_fatal_cases_2021": null }, "geometry": { "type": "LineString", "coordinates": [ [ 77.7454671, 12.9567523 ], [ 77.7453892, 12.9564919 ], [ 77.745303, 12.9563787 ], [ 77.7452136, 12.9563037 ], [ 77.7451076, 12.9562546 ], [ 77.7449828, 12.9562063 ], [ 77.7448962, 12.95612 ] ] } },
{ "type": "Feature", "properties": { "segment_id": "BLR_OMR_WHITEFIELD_064", "corridor_id": "OMR_WHITEFIELD", "corridor_name": "Old Madras Road / Whitefield Corridor", "road_name": "Varthur Road", "road_type": "primary", "segment_length_m": 65.0, "start_lat": 12.956842, "start_lon": 77.745355, "end_lat": 12.95665, "end_lon": 77.74479, "lanes": 2.0, "lane_count_available": 1, "speed_limit_kph": null, "speed_limit_available": 0, "street_lighting": "unverified", "street_lighting_verified": 0, "junction_count": 2, "junction_density_per_km": 30.77, "crossing_count": 0, "bus_stop_count": 0, "btp_station": "Whitefield Traffic  PS", "btp_station_clean_name": "Whitefield PS", "btp_overlap_ratio": 1.0, "btp_station_total_cases_2023": 316.0, "btp_station_fatal_cases_2023": 54.0, "btp_station_killed_people_2023": 56.0, "btp_station_nonfatal_cases_2023": 262.0, "btp_station_injuries_2023": 235.0, "btp_station_total_cases_2022": null, "btp_station_fatal_cases_2022": null, "btp_station_total_cases_2021": null, "btp_station_fatal_cases_2021": null }, "geometry": { "type": "LineString", "coordinates": [ [ 77.7453551, 12.9568416 ], [ 77.7452579, 12.956803 ], [ 77.7452201, 12.9567906 ], [ 77.7451546, 12.9567629 ], [ 77.7450943, 12.9567368 ], [ 77.7450494, 12.9567231 ], [ 77.7450024, 12.9567067 ], [ 77.7447904, 12.95665 ] ] } },
{ "type": "Feature", "properties": { "segment_id": "BLR_OMR_WHITEFIELD_067", "corridor_id": "OMR_WHITEFIELD", "corridor_name": "Old Madras Road / Whitefield Corridor", "road_name": "Varthur Road", "road_type": "primary", "segment_length_m": 390.72, "start_lat": 12.955908, "start_lon": 77.723493, "end_lat": 12.955961, "end_lon": 77.727091, "lanes": 2.0, "lane_count_available": 1, "speed_limit_kph": null, "speed_limit_available": 0, "street_lighting": "unverified", "street_lighting_verified": 0, "junction_count": 2, "junction_density_per_km": 5.12, "crossing_count": 4, "bus_stop_count": 0, "btp_station": "Whitefield Traffic  PS", "btp_station_clean_name": "Whitefield PS", "btp_overlap_ratio": 1.0, "btp_station_total_cases_2023": 316.0, "btp_station_fatal_cases_2023": 54.0, "btp_station_killed_people_2023": 56.0, "btp_station_nonfatal_cases_2023": 262.0, "btp_station_injuries_2023": 235.0, "btp_station_total_cases_2022": null, "btp_station_fatal_cases_2022": null, "btp_station_total_cases_2021": null, "btp_station_fatal_cases_2021": null }, "geometry": { "type": "LineString", "coordinates": [ [ 77.7234931, 12.9559079 ], [ 77.7235191, 12.9559098 ], [ 77.7239028, 12.9559126 ], [ 77.7245794, 12.9559194 ], [ 77.7246185, 12.9559195 ], [ 77.7248419, 12.955925 ], [ 77.7265013, 12.9559476 ], [ 77.7268796, 12.9559552 ], [ 77.7270911, 12.9559612 ] ] } },
{ "type": "Feature", "properties": { "segment_id": "BLR_OMR_WHITEFIELD_068_1", "corridor_id": "OMR_WHITEFIELD", "corridor_name": "Old Madras Road / Whitefield Corridor", "road_name": "HAL Old Airport Road", "road_type": "primary", "segment_length_m": 500.0, "start_lat": 12.957112, "start_lon": 77.674375, "end_lat": 12.958018, "end_lon": 77.669907, "lanes": 2.0, "lane_count_available": 1, "speed_limit_kph": null, "speed_limit_available": 0, "street_lighting": "unverified", "street_lighting_verified": 0, "junction_count": 2, "junction_density_per_km": 4.0, "crossing_count": 2, "bus_stop_count": 0, "btp_station": "H.A.L Airport Traffic PS", "btp_station_clean_name": "H.A.L. PS", "btp_overlap_ratio": 1.0, "btp_station_total_cases_2023": 97.0, "btp_station_fatal_cases_2023": 17.0, "btp_station_killed_people_2023": 17.0, "btp_station_nonfatal_cases_2023": 80.0, "btp_station_injuries_2023": 80.0, "btp_station_total_cases_2022": 83.0, "btp_station_fatal_cases_2022": 18.0, "btp_station_total_cases_2021": 143.0, "btp_station_fatal_cases_2021": 34.0 }, "geometry": { "type": "LineString", "coordinates": [ [ 77.674375, 12.957112 ], [ 77.6743168, 12.9571394 ], [ 77.6741554, 12.9572041 ], [ 77.673005, 12.9576649 ], [ 77.67244, 12.9577928 ], [ 77.6722029, 12.9578241 ], [ 77.6717341, 12.9578695 ], [ 77.6714966, 12.957893 ], [ 77.6704752, 12.9579867 ], [ 77.669907189311601, 12.958018200290745 ] ] } },
{ "type": "Feature", "properties": { "segment_id": "BLR_OMR_WHITEFIELD_068_2", "corridor_id": "OMR_WHITEFIELD", "corridor_name": "Old Madras Road / Whitefield Corridor", "road_name": "HAL Old Airport Road", "road_type": "primary", "segment_length_m": 194.22, "start_lat": 12.958018, "start_lon": 77.669907, "end_lat": 12.958135, "end_lon": 77.668122, "lanes": 2.0, "lane_count_available": 1, "speed_limit_kph": null, "speed_limit_available": 0, "street_lighting": "unverified", "street_lighting_verified": 0, "junction_count": 2, "junction_density_per_km": 10.3, "crossing_count": 3, "bus_stop_count": 0, "btp_station": "H.A.L Airport Traffic PS", "btp_station_clean_name": "H.A.L. PS", "btp_overlap_ratio": 1.0, "btp_station_total_cases_2023": 97.0, "btp_station_fatal_cases_2023": 17.0, "btp_station_killed_people_2023": 17.0, "btp_station_nonfatal_cases_2023": 80.0, "btp_station_injuries_2023": 80.0, "btp_station_total_cases_2022": 83.0, "btp_station_fatal_cases_2022": 18.0, "btp_station_total_cases_2021": 143.0, "btp_station_fatal_cases_2021": 34.0 }, "geometry": { "type": "LineString", "coordinates": [ [ 77.669907189311601, 12.958018200290745 ], [ 77.6687621, 12.9580817 ], [ 77.6686765, 12.9580864 ], [ 77.6681225, 12.958135 ] ] } },
{ "type": "Feature", "properties": { "segment_id": "BLR_OMR_WHITEFIELD_069", "corridor_id": "OMR_WHITEFIELD", "corridor_name": "Old Madras Road / Whitefield Corridor", "road_name": "Varthur Road", "road_type": "primary_link", "segment_length_m": 139.59, "start_lat": 12.956048, "start_lon": 77.713441, "end_lat": 12.956035, "end_lon": 77.714712, "lanes": 2.0, "lane_count_available": 1, "speed_limit_kph": null, "speed_limit_available": 0, "street_lighting": "unverified", "street_lighting_verified": 0, "junction_count": 2, "junction_density_per_km": 14.33, "crossing_count": 4, "bus_stop_count": 0, "btp_station": "H.A.L Airport Traffic PS", "btp_station_clean_name": "H.A.L. PS", "btp_overlap_ratio": 1.0, "btp_station_total_cases_2023": 97.0, "btp_station_fatal_cases_2023": 17.0, "btp_station_killed_people_2023": 17.0, "btp_station_nonfatal_cases_2023": 80.0, "btp_station_injuries_2023": 80.0, "btp_station_total_cases_2022": 83.0, "btp_station_fatal_cases_2022": 18.0, "btp_station_total_cases_2021": 143.0, "btp_station_fatal_cases_2021": 34.0 }, "geometry": { "type": "LineString", "coordinates": [ [ 77.7134414, 12.9560477 ], [ 77.7135412, 12.9560922 ], [ 77.7136664, 12.9561152 ], [ 77.7144901, 12.9560503 ], [ 77.7145709, 12.9560443 ], [ 77.7146036, 12.956042 ], [ 77.7147118, 12.9560348 ] ] } },
{ "type": "Feature", "properties": { "segment_id": "BLR_OMR_WHITEFIELD_070", "corridor_id": "OMR_WHITEFIELD", "corridor_name": "Old Madras Road / Whitefield Corridor", "road_name": "Varthuru Road / Varthur Road", "road_type": "primary", "segment_length_m": 209.37, "start_lat": 12.955832, "start_lon": 77.716499, "end_lat": 12.955811, "end_lon": 77.718426, "lanes": 2.0, "lane_count_available": 1, "speed_limit_kph": null, "speed_limit_available": 0, "street_lighting": "unverified", "street_lighting_verified": 0, "junction_count": 2, "junction_density_per_km": 9.55, "crossing_count": 2, "bus_stop_count": 0, "btp_station": "Whitefield Traffic  PS", "btp_station_clean_name": "Whitefield PS", "btp_overlap_ratio": 1.0, "btp_station_total_cases_2023": 316.0, "btp_station_fatal_cases_2023": 54.0, "btp_station_killed_people_2023": 56.0, "btp_station_nonfatal_cases_2023": 262.0, "btp_station_injuries_2023": 235.0, "btp_station_total_cases_2022": null, "btp_station_fatal_cases_2022": null, "btp_station_total_cases_2021": null, "btp_station_fatal_cases_2021": null }, "geometry": { "type": "LineString", "coordinates": [ [ 77.7164989, 12.9558317 ], [ 77.7165208, 12.9558303 ], [ 77.7167256, 12.9558184 ], [ 77.7168628, 12.9558116 ], [ 77.7169914, 12.9558052 ], [ 77.71704, 12.9558047 ], [ 77.7170952, 12.9558045 ], [ 77.7174468, 12.9558031 ], [ 77.7175071, 12.9558033 ], [ 77.7179526, 12.9558045 ], [ 77.7182613, 12.9558062 ], [ 77.7184058, 12.9558107 ], [ 77.7184264, 12.9558107 ] ] } },
{ "type": "Feature", "properties": { "segment_id": "BLR_OMR_WHITEFIELD_071_1", "corridor_id": "OMR_WHITEFIELD", "corridor_name": "Old Madras Road / Whitefield Corridor", "road_name": "Varthur Road", "road_type": "primary", "segment_length_m": 500.0, "start_lat": 12.955946, "start_lon": 77.713405, "end_lat": 12.956341, "end_lon": 77.708821, "lanes": 2.0, "lane_count_available": 1, "speed_limit_kph": null, "speed_limit_available": 0, "street_lighting": "unverified", "street_lighting_verified": 0, "junction_count": 2, "junction_density_per_km": 4.0, "crossing_count": 3, "bus_stop_count": 0, "btp_station": "H.A.L Airport Traffic PS", "btp_station_clean_name": "H.A.L. PS", "btp_overlap_ratio": 1.0, "btp_station_total_cases_2023": 97.0, "btp_station_fatal_cases_2023": 17.0, "btp_station_killed_people_2023": 17.0, "btp_station_nonfatal_cases_2023": 80.0, "btp_station_injuries_2023": 80.0, "btp_station_total_cases_2022": 83.0, "btp_station_fatal_cases_2022": 18.0, "btp_station_total_cases_2021": 143.0, "btp_station_fatal_cases_2021": 34.0 }, "geometry": { "type": "LineString", "coordinates": [ [ 77.7134051, 12.9559459 ], [ 77.7133019, 12.9559463 ], [ 77.7128967, 12.9559769 ], [ 77.7126144, 12.9559989 ], [ 77.7125453, 12.9560015 ], [ 77.712386, 12.9560113 ], [ 77.7120403, 12.9560373 ], [ 77.7117731, 12.956054 ], [ 77.7113911, 12.9560917 ], [ 77.711116, 12.956115 ], [ 77.7106845, 12.9561489 ], [ 77.7102875, 12.9561806 ], [ 77.7100513, 12.9561944 ], [ 77.7095782, 12.9562272 ], [ 77.7094094, 12.9562585 ], [ 77.7092152, 12.9562938 ], [ 77.7089937, 12.95632 ], [ 77.708902, 12.9563313 ], [ 77.708820510374792, 12.956340809979933 ] ] } },
{ "type": "Feature", "properties": { "segment_id": "BLR_OMR_WHITEFIELD_071_2", "corridor_id": "OMR_WHITEFIELD", "corridor_name": "Old Madras Road / Whitefield Corridor", "road_name": "Varthur Road", "road_type": "primary", "segment_length_m": 587.84, "start_lat": 12.956341, "start_lon": 77.708821, "end_lat": 12.956729, "end_lon": 77.703421, "lanes": 2.0, "lane_count_available": 1, "speed_limit_kph": null, "speed_limit_available": 0, "street_lighting": "unverified", "street_lighting_verified": 0, "junction_count": 2, "junction_density_per_km": 3.4, "crossing_count": 5, "bus_stop_count": 0, "btp_station": "H.A.L Airport Traffic PS", "btp_station_clean_name": "H.A.L. PS", "btp_overlap_ratio": 1.0, "btp_station_total_cases_2023": 97.0, "btp_station_fatal_cases_2023": 17.0, "btp_station_killed_people_2023": 17.0, "btp_station_nonfatal_cases_2023": 80.0, "btp_station_injuries_2023": 80.0, "btp_station_total_cases_2022": 83.0, "btp_station_fatal_cases_2022": 18.0, "btp_station_total_cases_2021": 143.0, "btp_station_fatal_cases_2021": 34.0 }, "geometry": { "type": "LineString", "coordinates": [ [ 77.708820510374792, 12.956340809979933 ], [ 77.7087589, 12.956348 ], [ 77.7061856, 12.9565374 ], [ 77.7052571, 12.9566079 ], [ 77.7049895, 12.9566224 ], [ 77.7045038, 12.9566621 ], [ 77.7042875, 12.9566791 ], [ 77.7035057, 12.956725 ], [ 77.7034608, 12.9567276 ], [ 77.7034212, 12.9567294 ] ] } },
{ "type": "Feature", "properties": { "segment_id": "BLR_OMR_WHITEFIELD_073", "corridor_id": "OMR_WHITEFIELD", "corridor_name": "Old Madras Road / Whitefield Corridor", "road_name": "Whitefield Road", "road_type": "primary", "segment_length_m": 116.13, "start_lat": 12.984149, "start_lon": 77.751408, "end_lat": 12.983821, "end_lon": 77.752423, "lanes": 2.0, "lane_count_available": 1, "speed_limit_kph": null, "speed_limit_available": 0, "street_lighting": "unverified", "street_lighting_verified": 0, "junction_count": 2, "junction_density_per_km": 17.22, "crossing_count": 8, "bus_stop_count": 0, "btp_station": "Whitefield Traffic  PS", "btp_station_clean_name": "Whitefield PS", "btp_overlap_ratio": 1.0, "btp_station_total_cases_2023": 316.0, "btp_station_fatal_cases_2023": 54.0, "btp_station_killed_people_2023": 56.0, "btp_station_nonfatal_cases_2023": 262.0, "btp_station_injuries_2023": 235.0, "btp_station_total_cases_2022": null, "btp_station_fatal_cases_2022": null, "btp_station_total_cases_2021": null, "btp_station_fatal_cases_2021": null }, "geometry": { "type": "LineString", "coordinates": [ [ 77.7514078, 12.9841494 ], [ 77.7520314, 12.9839364 ], [ 77.7523143, 12.983849 ], [ 77.7523423, 12.9838418 ], [ 77.7523706, 12.9838345 ], [ 77.7524233, 12.9838208 ] ] } },
{ "type": "Feature", "properties": { "segment_id": "BLR_OMR_WHITEFIELD_075_1", "corridor_id": "OMR_WHITEFIELD", "corridor_name": "Old Madras Road / Whitefield Corridor", "road_name": "Whitefield Road", "road_type": "primary", "segment_length_m": 500.0, "start_lat": 12.991919, "start_lon": 77.713597, "end_lat": 12.992815, "end_lon": 77.709119, "lanes": 2.0, "lane_count_available": 1, "speed_limit_kph": null, "speed_limit_available": 0, "street_lighting": "unverified", "street_lighting_verified": 0, "junction_count": 2, "junction_density_per_km": 4.0, "crossing_count": 0, "bus_stop_count": 0, "btp_station": "K.R. Puram Traffic  PS", "btp_station_clean_name": "K.R. Puram PS", "btp_overlap_ratio": 1.0, "btp_station_total_cases_2023": 254.0, "btp_station_fatal_cases_2023": 41.0, "btp_station_killed_people_2023": 42.0, "btp_station_nonfatal_cases_2023": 213.0, "btp_station_injuries_2023": 217.0, "btp_station_total_cases_2022": null, "btp_station_fatal_cases_2022": null, "btp_station_total_cases_2021": null, "btp_station_fatal_cases_2021": null }, "geometry": { "type": "LineString", "coordinates": [ [ 77.7135968, 12.9919187 ], [ 77.7133882, 12.9919899 ], [ 77.7124753, 12.9923117 ], [ 77.712002, 12.9924583 ], [ 77.7117236, 12.992524 ], [ 77.7115379, 12.9925784 ], [ 77.7110609, 12.9926843 ], [ 77.7109842, 12.9926993 ], [ 77.7108048, 12.9927298 ], [ 77.7106908, 12.9927449 ], [ 77.7104258, 12.9927665 ], [ 77.7101362, 12.9927835 ], [ 77.709287, 12.9928112 ], [ 77.709145, 12.9928144 ], [ 77.709118891320699, 12.992814988043143 ] ] } },
{ "type": "Feature", "properties": { "segment_id": "BLR_OMR_WHITEFIELD_075_2", "corridor_id": "OMR_WHITEFIELD", "corridor_name": "Old Madras Road / Whitefield Corridor", "road_name": "Whitefield Road", "road_type": "primary", "segment_length_m": 365.39, "start_lat": 12.992815, "start_lon": 77.709119, "end_lat": 12.992947, "end_lon": 77.705756, "lanes": 2.0, "lane_count_available": 1, "speed_limit_kph": null, "speed_limit_available": 0, "street_lighting": "unverified", "street_lighting_verified": 0, "junction_count": 2, "junction_density_per_km": 5.47, "crossing_count": 0, "bus_stop_count": 0, "btp_station": "K.R. Puram Traffic  PS", "btp_station_clean_name": "K.R. Puram PS", "btp_overlap_ratio": 1.0, "btp_station_total_cases_2023": 254.0, "btp_station_fatal_cases_2023": 41.0, "btp_station_killed_people_2023": 42.0, "btp_station_nonfatal_cases_2023": 213.0, "btp_station_injuries_2023": 217.0, "btp_station_total_cases_2022": null, "btp_station_fatal_cases_2022": null, "btp_station_total_cases_2021": null, "btp_station_fatal_cases_2021": null }, "geometry": { "type": "LineString", "coordinates": [ [ 77.709118891320699, 12.992814988043143 ], [ 77.708923, 12.9928194 ], [ 77.707669, 12.992843 ], [ 77.7070088, 12.9928822 ], [ 77.7057563, 12.9929468 ] ] } },
{ "type": "Feature", "properties": { "segment_id": "BLR_OMR_WHITEFIELD_077_1", "corridor_id": "OMR_WHITEFIELD", "corridor_name": "Old Madras Road / Whitefield Corridor", "road_name": "Whitefield Main Road", "road_type": "primary", "segment_length_m": 500.0, "start_lat": 12.96849, "start_lon": 77.749706, "end_lat": 12.972966, "end_lon": 77.750314, "lanes": 2.0, "lane_count_available": 1, "speed_limit_kph": null, "speed_limit_available": 0, "street_lighting": "unverified", "street_lighting_verified": 0, "junction_count": 2, "junction_density_per_km": 4.0, "crossing_count": 0, "bus_stop_count": 0, "btp_station": "Whitefield Traffic  PS", "btp_station_clean_name": "Whitefield PS", "btp_overlap_ratio": 1.0, "btp_station_total_cases_2023": 316.0, "btp_station_fatal_cases_2023": 54.0, "btp_station_killed_people_2023": 56.0, "btp_station_nonfatal_cases_2023": 262.0, "btp_station_injuries_2023": 235.0, "btp_station_total_cases_2022": null, "btp_station_fatal_cases_2022": null, "btp_station_total_cases_2021": null, "btp_station_fatal_cases_2021": null }, "geometry": { "type": "LineString", "coordinates": [ [ 77.7497059, 12.9684905 ], [ 77.7497477, 12.9687585 ], [ 77.7497871, 12.9689877 ], [ 77.7498534, 12.9693899 ], [ 77.7498791, 12.9695702 ], [ 77.7498862, 12.96962 ], [ 77.7499176, 12.9698296 ], [ 77.74993360000002, 12.9699385 ], [ 77.7499923, 12.970275 ], [ 77.75002, 12.97053 ], [ 77.7500528, 12.970839 ], [ 77.7500845, 12.9710387 ], [ 77.7501255, 12.9713976 ], [ 77.7502322, 12.9722423 ], [ 77.750314450217303, 12.972966115905912 ] ] } },
{ "type": "Feature", "properties": { "segment_id": "BLR_OMR_WHITEFIELD_077_2", "corridor_id": "OMR_WHITEFIELD", "corridor_name": "Old Madras Road / Whitefield Corridor", "road_name": "Whitefield Main Road", "road_type": "primary", "segment_length_m": 500.0, "start_lat": 12.972966, "start_lon": 77.750314, "end_lat": 12.977411, "end_lon": 77.751112, "lanes": 2.0, "lane_count_available": 1, "speed_limit_kph": null, "speed_limit_available": 0, "street_lighting": "unverified", "street_lighting_verified": 0, "junction_count": 2, "junction_density_per_km": 4.0, "crossing_count": 2, "bus_stop_count": 0, "btp_station": "Whitefield Traffic  PS", "btp_station_clean_name": "Whitefield PS", "btp_overlap_ratio": 1.0, "btp_station_total_cases_2023": 316.0, "btp_station_fatal_cases_2023": 54.0, "btp_station_killed_people_2023": 56.0, "btp_station_nonfatal_cases_2023": 262.0, "btp_station_injuries_2023": 235.0, "btp_station_total_cases_2022": null, "btp_station_fatal_cases_2022": null, "btp_station_total_cases_2021": null, "btp_station_fatal_cases_2021": null }, "geometry": { "type": "LineString", "coordinates": [ [ 77.750314450217303, 12.972966115905912 ], [ 77.7504223, 12.9739152 ], [ 77.750437, 12.9740054 ], [ 77.750551, 12.9746923 ], [ 77.750568, 12.9747946 ], [ 77.7506163, 12.9750547 ], [ 77.7506271, 12.9751145 ], [ 77.7506453, 12.9752227 ], [ 77.7508488, 12.9762331 ], [ 77.7508688, 12.9763232 ], [ 77.7510368, 12.9770485 ], [ 77.751084100000014, 12.9772789 ], [ 77.7510994, 12.9773491 ], [ 77.751111966124554, 12.977410890151408 ] ] } },
{ "type": "Feature", "properties": { "segment_id": "BLR_OMR_WHITEFIELD_077_3", "corridor_id": "OMR_WHITEFIELD", "corridor_name": "Old Madras Road / Whitefield Corridor", "road_name": "Whitefield Main Road", "road_type": "primary", "segment_length_m": 632.57, "start_lat": 12.977411, "start_lon": 77.751112, "end_lat": 12.983029, "end_lon": 77.752173, "lanes": 2.0, "lane_count_available": 1, "speed_limit_kph": null, "speed_limit_available": 0, "street_lighting": "unverified", "street_lighting_verified": 0, "junction_count": 2, "junction_density_per_km": 3.16, "crossing_count": 0, "bus_stop_count": 1, "btp_station": "Whitefield Traffic  PS", "btp_station_clean_name": "Whitefield PS", "btp_overlap_ratio": 1.0, "btp_station_total_cases_2023": 316.0, "btp_station_fatal_cases_2023": 54.0, "btp_station_killed_people_2023": 56.0, "btp_station_nonfatal_cases_2023": 262.0, "btp_station_injuries_2023": 235.0, "btp_station_total_cases_2022": null, "btp_station_fatal_cases_2022": null, "btp_station_total_cases_2021": null, "btp_station_fatal_cases_2021": null }, "geometry": { "type": "LineString", "coordinates": [ [ 77.751111966124554, 12.977410890151408 ], [ 77.7511308, 12.9775035 ], [ 77.7512891, 12.9783311 ], [ 77.7515115, 12.9794965 ], [ 77.7515391, 12.9796254 ], [ 77.7516136, 12.979986 ], [ 77.7516391, 12.9801092 ], [ 77.7516793, 12.9803341 ], [ 77.7517299, 12.9806263 ], [ 77.7517332, 12.9806455 ], [ 77.7517859, 12.9809497 ], [ 77.7519186, 12.9816601 ], [ 77.751935, 12.9817497 ], [ 77.7519707, 12.9819441 ], [ 77.7520514, 12.9823848 ], [ 77.752107200000012, 12.9826891 ], [ 77.7521531, 12.9829214 ], [ 77.7521677, 12.9830081 ], [ 77.7521734, 12.9830288 ] ] } },
{ "type": "Feature", "properties": { "segment_id": "BLR_OMR_WHITEFIELD_078_1", "corridor_id": "OMR_WHITEFIELD", "corridor_name": "Old Madras Road / Whitefield Corridor", "road_name": "Whitefield Main Road", "road_type": "primary", "segment_length_m": 500.0, "start_lat": 12.968476, "start_lon": 77.749776, "end_lat": 12.964139, "end_lon": 77.7485, "lanes": 2.0, "lane_count_available": 1, "speed_limit_kph": null, "speed_limit_available": 0, "street_lighting": "unverified", "street_lighting_verified": 0, "junction_count": 2, "junction_density_per_km": 4.0, "crossing_count": 2, "bus_stop_count": 0, "btp_station": "Whitefield Traffic  PS", "btp_station_clean_name": "Whitefield PS", "btp_overlap_ratio": 1.0, "btp_station_total_cases_2023": 316.0, "btp_station_fatal_cases_2023": 54.0, "btp_station_killed_people_2023": 56.0, "btp_station_nonfatal_cases_2023": 262.0, "btp_station_injuries_2023": 235.0, "btp_station_total_cases_2022": null, "btp_station_fatal_cases_2022": null, "btp_station_total_cases_2021": null, "btp_station_fatal_cases_2021": null }, "geometry": { "type": "LineString", "coordinates": [ [ 77.7497764, 12.9684761 ], [ 77.7496291, 12.967848 ], [ 77.7495909, 12.9677058 ], [ 77.7495389, 12.967494 ], [ 77.7492074, 12.9663497 ], [ 77.7491206, 12.9660999 ], [ 77.7488829, 12.9653385 ], [ 77.7487461, 12.9649234 ], [ 77.7487207, 12.9648457 ], [ 77.7485423, 12.9642729 ], [ 77.7485026, 12.9641454 ], [ 77.748500364445434, 12.964138615757031 ] ] } },
{ "type": "Feature", "properties": { "segment_id": "BLR_OMR_WHITEFIELD_078_2", "corridor_id": "OMR_WHITEFIELD", "corridor_name": "Old Madras Road / Whitefield Corridor", "road_name": "Whitefield Main Road", "road_type": "primary", "segment_length_m": 320.85, "start_lat": 12.964139, "start_lon": 77.7485, "end_lat": 12.961355, "end_lon": 77.747703, "lanes": 2.0, "lane_count_available": 1, "speed_limit_kph": null, "speed_limit_available": 0, "street_lighting": "unverified", "street_lighting_verified": 0, "junction_count": 2, "junction_density_per_km": 6.23, "crossing_count": 2, "bus_stop_count": 0, "btp_station": "Whitefield Traffic  PS", "btp_station_clean_name": "Whitefield PS", "btp_overlap_ratio": 1.0, "btp_station_total_cases_2023": 316.0, "btp_station_fatal_cases_2023": 54.0, "btp_station_killed_people_2023": 56.0, "btp_station_nonfatal_cases_2023": 262.0, "btp_station_injuries_2023": 235.0, "btp_station_total_cases_2022": null, "btp_station_fatal_cases_2022": null, "btp_station_total_cases_2021": null, "btp_station_fatal_cases_2021": null }, "geometry": { "type": "LineString", "coordinates": [ [ 77.748500364445434, 12.964138615757031 ], [ 77.7484104, 12.9638656 ], [ 77.7483579, 12.9637028 ], [ 77.7482963, 12.9635187 ], [ 77.7482531, 12.9633307 ], [ 77.7481912, 12.9631523 ], [ 77.748085, 12.9628164 ], [ 77.7479624, 12.9624202 ], [ 77.7478548, 12.9621007 ], [ 77.747770800000012, 12.9618421 ], [ 77.7477407, 12.96169 ], [ 77.7477258, 12.9615791 ], [ 77.7477109, 12.9614349 ], [ 77.7477027, 12.9613551 ] ] } },
{ "type": "Feature", "properties": { "segment_id": "BLR_OMR_WHITEFIELD_079_1", "corridor_id": "OMR_WHITEFIELD", "corridor_name": "Old Madras Road / Whitefield Corridor", "road_name": "Varthur Road", "road_type": "primary", "segment_length_m": 500.0, "start_lat": 12.956967, "start_lon": 77.740255, "end_lat": 12.956845, "end_lon": 77.735664, "lanes": 2.0, "lane_count_available": 1, "speed_limit_kph": null, "speed_limit_available": 0, "street_lighting": "unverified", "street_lighting_verified": 0, "junction_count": 2, "junction_density_per_km": 4.0, "crossing_count": 6, "bus_stop_count": 0, "btp_station": "Whitefield Traffic  PS", "btp_station_clean_name": "Whitefield PS", "btp_overlap_ratio": 1.0, "btp_station_total_cases_2023": 316.0, "btp_station_fatal_cases_2023": 54.0, "btp_station_killed_people_2023": 56.0, "btp_station_nonfatal_cases_2023": 262.0, "btp_station_injuries_2023": 235.0, "btp_station_total_cases_2022": null, "btp_station_fatal_cases_2022": null, "btp_station_total_cases_2021": null, "btp_station_fatal_cases_2021": null }, "geometry": { "type": "LineString", "coordinates": [ [ 77.7402547, 12.9569666 ], [ 77.7399276, 12.9569701 ], [ 77.73985, 12.9569727 ], [ 77.7397673, 12.9569733 ], [ 77.739172, 12.9569842 ], [ 77.738824, 12.9569905 ], [ 77.7387388, 12.9569933 ], [ 77.7381862, 12.9569979 ], [ 77.7369377, 12.9570208 ], [ 77.7367459, 12.9570081 ], [ 77.7365921, 12.9569833 ], [ 77.7364123, 12.956958 ], [ 77.736258, 12.956937 ], [ 77.7361037, 12.9569159 ], [ 77.7360469, 12.9569069 ], [ 77.7359441, 12.956891 ], [ 77.73566351726484, 12.956844691541388 ] ] } },
{ "type": "Feature", "properties": { "segment_id": "BLR_OMR_WHITEFIELD_079_2", "corridor_id": "OMR_WHITEFIELD", "corridor_name": "Old Madras Road / Whitefield Corridor", "road_name": "Varthur Road", "road_type": "primary", "segment_length_m": 500.0, "start_lat": 12.956845, "start_lon": 77.735664, "end_lat": 12.956142, "end_lon": 77.731117, "lanes": 2.0, "lane_count_available": 1, "speed_limit_kph": null, "speed_limit_available": 0, "street_lighting": "unverified", "street_lighting_verified": 0, "junction_count": 2, "junction_density_per_km": 4.0, "crossing_count": 4, "bus_stop_count": 0, "btp_station": "Whitefield Traffic  PS", "btp_station_clean_name": "Whitefield PS", "btp_overlap_ratio": 1.0, "btp_station_total_cases_2023": 316.0, "btp_station_fatal_cases_2023": 54.0, "btp_station_killed_people_2023": 56.0, "btp_station_nonfatal_cases_2023": 262.0, "btp_station_injuries_2023": 235.0, "btp_station_total_cases_2022": null, "btp_station_fatal_cases_2022": null, "btp_station_total_cases_2021": null, "btp_station_fatal_cases_2021": null }, "geometry": { "type": "LineString", "coordinates": [ [ 77.73566351726484, 12.956844691541388 ], [ 77.7351219, 12.9567553 ], [ 77.7343789, 12.9566306 ], [ 77.734137, 12.9565917 ], [ 77.7340513, 12.9565775 ], [ 77.7333939, 12.9564659 ], [ 77.7321876, 12.9562553 ], [ 77.7320129, 12.9562289 ], [ 77.7319451, 12.9562199 ], [ 77.731406, 12.9561657 ], [ 77.731116685381778, 12.956141640793362 ] ] } },
{ "type": "Feature", "properties": { "segment_id": "BLR_OMR_WHITEFIELD_079_3", "corridor_id": "OMR_WHITEFIELD", "corridor_name": "Old Madras Road / Whitefield Corridor", "road_name": "Varthur Road", "road_type": "primary", "segment_length_m": 437.76, "start_lat": 12.956142, "start_lon": 77.731117, "end_lat": 12.955896, "end_lon": 77.727094, "lanes": 2.0, "lane_count_available": 1, "speed_limit_kph": null, "speed_limit_available": 0, "street_lighting": "unverified", "street_lighting_verified": 0, "junction_count": 2, "junction_density_per_km": 4.57, "crossing_count": 2, "bus_stop_count": 0, "btp_station": "Whitefield Traffic  PS", "btp_station_clean_name": "Whitefield PS", "btp_overlap_ratio": 1.0, "btp_station_total_cases_2023": 316.0, "btp_station_fatal_cases_2023": 54.0, "btp_station_killed_people_2023": 56.0, "btp_station_nonfatal_cases_2023": 262.0, "btp_station_injuries_2023": 235.0, "btp_station_total_cases_2022": null, "btp_station_fatal_cases_2022": null, "btp_station_total_cases_2021": null, "btp_station_fatal_cases_2021": null }, "geometry": { "type": "LineString", "coordinates": [ [ 77.731116685381778, 12.956141640793362 ], [ 77.7309743, 12.9561298 ], [ 77.7309295, 12.9561277 ], [ 77.7303165, 12.9560965 ], [ 77.7299623, 12.9560571 ], [ 77.729865, 12.9560501 ], [ 77.7297345, 12.9560407 ], [ 77.729440600000018, 12.9560192 ], [ 77.7291414, 12.9559973 ], [ 77.7289365, 12.955982 ], [ 77.7284952, 12.9559538 ], [ 77.7280969, 12.955923 ], [ 77.727856, 12.9559166 ], [ 77.727094, 12.9558962 ] ] } },
{ "type": "Feature", "properties": { "segment_id": "BLR_OMR_WHITEFIELD_080_1", "corridor_id": "OMR_WHITEFIELD", "corridor_name": "Old Madras Road / Whitefield Corridor", "road_name": "Whitefield Road", "road_type": "primary", "segment_length_m": 500.0, "start_lat": 12.993081, "start_lon": 77.705316, "end_lat": 12.992906, "end_lon": 77.709917, "lanes": 2.0, "lane_count_available": 1, "speed_limit_kph": null, "speed_limit_available": 0, "street_lighting": "unverified", "street_lighting_verified": 0, "junction_count": 2, "junction_density_per_km": 4.0, "crossing_count": 0, "bus_stop_count": 0, "btp_station": "K.R. Puram Traffic  PS", "btp_station_clean_name": "K.R. Puram PS", "btp_overlap_ratio": 1.0, "btp_station_total_cases_2023": 254.0, "btp_station_fatal_cases_2023": 41.0, "btp_station_killed_people_2023": 42.0, "btp_station_nonfatal_cases_2023": 213.0, "btp_station_injuries_2023": 217.0, "btp_station_total_cases_2022": null, "btp_station_fatal_cases_2022": null, "btp_station_total_cases_2021": null, "btp_station_fatal_cases_2021": null }, "geometry": { "type": "LineString", "coordinates": [ [ 77.7053156, 12.993081 ], [ 77.7054154, 12.993072 ], [ 77.7055882, 12.993059 ], [ 77.7057078, 12.9930533 ], [ 77.7057486, 12.9930536 ], [ 77.705782, 12.9930522 ], [ 77.7058053, 12.9930515 ], [ 77.705832, 12.9930508 ], [ 77.7058876, 12.9930482 ], [ 77.7059102, 12.9930472 ], [ 77.7066784, 12.9930063 ], [ 77.707049, 12.9929866 ], [ 77.7077954, 12.9929656 ], [ 77.7088094, 12.9929372 ], [ 77.7089931, 12.992932 ], [ 77.7091607, 12.9929273 ], [ 77.7092645, 12.9929244 ], [ 77.709917272529651, 12.992905822659583 ] ] } },
{ "type": "Feature", "properties": { "segment_id": "BLR_OMR_WHITEFIELD_080_2", "corridor_id": "OMR_WHITEFIELD", "corridor_name": "Old Madras Road / Whitefield Corridor", "road_name": "Whitefield Road", "road_type": "primary", "segment_length_m": 408.72, "start_lat": 12.992906, "start_lon": 77.709917, "end_lat": 12.99204, "end_lon": 77.713558, "lanes": 2.0, "lane_count_available": 1, "speed_limit_kph": null, "speed_limit_available": 0, "street_lighting": "unverified", "street_lighting_verified": 0, "junction_count": 2, "junction_density_per_km": 4.89, "crossing_count": 0, "bus_stop_count": 0, "btp_station": "K.R. Puram Traffic  PS", "btp_station_clean_name": "K.R. Puram PS", "btp_overlap_ratio": 1.0, "btp_station_total_cases_2023": 254.0, "btp_station_fatal_cases_2023": 41.0, "btp_station_killed_people_2023": 42.0, "btp_station_nonfatal_cases_2023": 213.0, "btp_station_injuries_2023": 217.0, "btp_station_total_cases_2022": null, "btp_station_fatal_cases_2022": null, "btp_station_total_cases_2021": null, "btp_station_fatal_cases_2021": null }, "geometry": { "type": "LineString", "coordinates": [ [ 77.709917272529651, 12.992905822659583 ], [ 77.710055100000019, 12.9929019 ], [ 77.7103129, 12.9928847 ], [ 77.7105541, 12.9928571 ], [ 77.7106907, 12.9928381 ], [ 77.710834700000021, 12.9928141 ], [ 77.7109919, 12.9927902 ], [ 77.7110763, 12.9927754 ], [ 77.7110902, 12.9927731 ], [ 77.711139700000018, 12.9927649 ], [ 77.7115516, 12.9926816 ], [ 77.7119665, 12.9925841 ], [ 77.7121681, 12.9925252 ], [ 77.7123884, 12.9924472 ], [ 77.7126353, 12.9923598 ], [ 77.7134287, 12.992079 ], [ 77.7135577, 12.9920404 ] ] } },
{ "type": "Feature", "properties": { "segment_id": "BLR_OMR_WHITEFIELD_082_1", "corridor_id": "OMR_WHITEFIELD", "corridor_name": "Old Madras Road / Whitefield Corridor", "road_name": "Devasandra Main Road / Hoodi Main Road Flyover", "road_type": "secondary", "segment_length_m": 500.0, "start_lat": 12.9924, "start_lon": 77.716186, "end_lat": 12.996308, "end_lon": 77.717779, "lanes": 2.0, "lane_count_available": 1, "speed_limit_kph": null, "speed_limit_available": 0, "street_lighting": "unverified", "street_lighting_verified": 0, "junction_count": 2, "junction_density_per_km": 4.0, "crossing_count": 0, "bus_stop_count": 0, "btp_station": "K.R. Puram Traffic  PS", "btp_station_clean_name": "K.R. Puram PS", "btp_overlap_ratio": 1.0, "btp_station_total_cases_2023": 254.0, "btp_station_fatal_cases_2023": 41.0, "btp_station_killed_people_2023": 42.0, "btp_station_nonfatal_cases_2023": 213.0, "btp_station_injuries_2023": 217.0, "btp_station_total_cases_2022": null, "btp_station_fatal_cases_2022": null, "btp_station_total_cases_2021": null, "btp_station_fatal_cases_2021": null }, "geometry": { "type": "LineString", "coordinates": [ [ 77.716185800000019, 12.9924003 ], [ 77.7161911, 12.9924286 ], [ 77.7166557, 12.9929291 ], [ 77.7169263, 12.9932171 ], [ 77.7172119, 12.993576 ], [ 77.7174079, 12.9938522 ], [ 77.7174964, 12.9939769 ], [ 77.7176125, 12.9941678 ], [ 77.717748, 12.9945554 ], [ 77.7178788, 12.9947744 ], [ 77.7179049, 12.994827 ], [ 77.7179151, 12.9948614 ], [ 77.7179224, 12.9948858 ], [ 77.7179719, 12.9952839 ], [ 77.7179794, 12.9956312 ], [ 77.7179807, 12.99583 ], [ 77.7179641, 12.9959311 ], [ 77.717911, 12.9960874 ], [ 77.717778520219284, 12.996307639429883 ] ] } },
{ "type": "Feature", "properties": { "segment_id": "BLR_OMR_WHITEFIELD_082_2", "corridor_id": "OMR_WHITEFIELD", "corridor_name": "Old Madras Road / Whitefield Corridor", "road_name": "Devasandra Main Road / Hoodi Main Road Flyover", "road_type": "secondary", "segment_length_m": 308.54, "start_lat": 12.996308, "start_lon": 77.717779, "end_lat": 12.998885, "end_lon": 77.717163, "lanes": 2.0, "lane_count_available": 1, "speed_limit_kph": null, "speed_limit_available": 0, "street_lighting": "unverified", "street_lighting_verified": 0, "junction_count": 2, "junction_density_per_km": 6.48, "crossing_count": 0, "bus_stop_count": 0, "btp_station": "K.R. Puram Traffic  PS", "btp_station_clean_name": "K.R. Puram PS", "btp_overlap_ratio": 1.0, "btp_station_total_cases_2023": 254.0, "btp_station_fatal_cases_2023": 41.0, "btp_station_killed_people_2023": 42.0, "btp_station_nonfatal_cases_2023": 213.0, "btp_station_injuries_2023": 217.0, "btp_station_total_cases_2022": null, "btp_station_fatal_cases_2022": null, "btp_station_total_cases_2021": null, "btp_station_fatal_cases_2021": null }, "geometry": { "type": "LineString", "coordinates": [ [ 77.717778520219284, 12.996307639429883 ], [ 77.7176352, 12.9965459 ], [ 77.7174208, 12.9969444 ], [ 77.7173346, 12.9971598 ], [ 77.7172955, 12.9973477 ], [ 77.7172962, 12.9975836 ], [ 77.7173087, 12.9978248 ], [ 77.7173323, 12.9981916 ], [ 77.717351, 12.9985531 ], [ 77.717355600000019, 12.9986377 ], [ 77.7173496, 12.9987434 ], [ 77.7173192, 12.9987901 ], [ 77.7172683, 12.9988378 ], [ 77.7172271, 12.9988465 ], [ 77.7171631, 12.9988846 ] ] } },
{ "type": "Feature", "properties": { "segment_id": "BLR_OMR_WHITEFIELD_083", "corridor_id": "OMR_WHITEFIELD", "corridor_name": "Old Madras Road / Whitefield Corridor", "road_name": "Swamy Vivekananda Road", "road_type": "primary", "segment_length_m": 344.25, "start_lat": 12.985822, "start_lon": 77.645084, "end_lat": 12.987002, "end_lon": 77.648017, "lanes": 2.0, "lane_count_available": 1, "speed_limit_kph": null, "speed_limit_available": 0, "street_lighting": "unverified", "street_lighting_verified": 0, "junction_count": 2, "junction_density_per_km": 5.81, "crossing_count": 8, "bus_stop_count": 0, "btp_station": "Jeevan Bheemanagar Traffic PS", "btp_station_clean_name": "Jeevan Bheemanagar PS", "btp_overlap_ratio": 1.0, "btp_station_total_cases_2023": 85.0, "btp_station_fatal_cases_2023": 12.0, "btp_station_killed_people_2023": 12.0, "btp_station_nonfatal_cases_2023": 73.0, "btp_station_injuries_2023": 62.0, "btp_station_total_cases_2022": 48.0, "btp_station_fatal_cases_2022": 13.0, "btp_station_total_cases_2021": 32.0, "btp_station_fatal_cases_2021": 5.0 }, "geometry": { "type": "LineString", "coordinates": [ [ 77.6450841, 12.9858219 ], [ 77.645136, 12.9858416 ], [ 77.6460767, 12.9861955 ], [ 77.6473372, 12.9867022 ], [ 77.6476784, 12.9868526 ], [ 77.6477123, 12.9868676 ], [ 77.6480173, 12.987002 ] ] } },
{ "type": "Feature", "properties": { "segment_id": "BLR_OMR_WHITEFIELD_086", "corridor_id": "OMR_WHITEFIELD", "corridor_name": "Old Madras Road / Whitefield Corridor", "road_name": "Whitefield Road", "road_type": "primary", "segment_length_m": 220.83, "start_lat": 12.988161, "start_lon": 77.731664, "end_lat": 12.988515, "end_lon": 77.729662, "lanes": 2.0, "lane_count_available": 1, "speed_limit_kph": null, "speed_limit_available": 0, "street_lighting": "unverified", "street_lighting_verified": 0, "junction_count": 2, "junction_density_per_km": 9.06, "crossing_count": 4, "bus_stop_count": 0, "btp_station": "Whitefield Traffic  PS", "btp_station_clean_name": "Whitefield PS", "btp_overlap_ratio": 1.0, "btp_station_total_cases_2023": 316.0, "btp_station_fatal_cases_2023": 54.0, "btp_station_killed_people_2023": 56.0, "btp_station_nonfatal_cases_2023": 262.0, "btp_station_injuries_2023": 235.0, "btp_station_total_cases_2022": null, "btp_station_fatal_cases_2022": null, "btp_station_total_cases_2021": null, "btp_station_fatal_cases_2021": null }, "geometry": { "type": "LineString", "coordinates": [ [ 77.7316636, 12.9881613 ], [ 77.7315836, 12.9881731 ], [ 77.7297867, 12.9884912 ], [ 77.7296618, 12.9885149 ] ] } },
{ "type": "Feature", "properties": { "segment_id": "BLR_OMR_WHITEFIELD_087", "corridor_id": "OMR_WHITEFIELD", "corridor_name": "Old Madras Road / Whitefield Corridor", "road_name": "Whitefield Road", "road_type": "primary", "segment_length_m": 245.14, "start_lat": 12.987883, "start_lon": 77.733464, "end_lat": 12.986557, "end_lon": 77.731867, "lanes": 2.0, "lane_count_available": 1, "speed_limit_kph": 40.0, "speed_limit_available": 1, "street_lighting": "unverified", "street_lighting_verified": 0, "junction_count": 2, "junction_density_per_km": 8.16, "crossing_count": 2, "bus_stop_count": 0, "btp_station": "Whitefield Traffic  PS", "btp_station_clean_name": "Whitefield PS", "btp_overlap_ratio": 1.0, "btp_station_total_cases_2023": 316.0, "btp_station_fatal_cases_2023": 54.0, "btp_station_killed_people_2023": 56.0, "btp_station_nonfatal_cases_2023": 262.0, "btp_station_injuries_2023": 235.0, "btp_station_total_cases_2022": null, "btp_station_fatal_cases_2022": null, "btp_station_total_cases_2021": null, "btp_station_fatal_cases_2021": null }, "geometry": { "type": "LineString", "coordinates": [ [ 77.7334641, 12.9878833 ], [ 77.7332196, 12.9879246 ], [ 77.7331385, 12.9879085 ], [ 77.7330569, 12.9878827 ], [ 77.7329554, 12.987837 ], [ 77.7328309, 12.9877714 ], [ 77.732709, 12.9876942 ], [ 77.7325866, 12.9875927 ], [ 77.7324789, 12.9874815 ], [ 77.7324118, 12.9873964 ], [ 77.7322278, 12.987126 ], [ 77.7320727, 12.9869017 ], [ 77.7320112, 12.9868268 ], [ 77.7318667, 12.9865567 ] ] } },
{ "type": "Feature", "properties": { "segment_id": "BLR_OMR_WHITEFIELD_088", "corridor_id": "OMR_WHITEFIELD", "corridor_name": "Old Madras Road / Whitefield Corridor", "road_name": "Whitefield Road", "road_type": "primary", "segment_length_m": 151.15, "start_lat": 12.988146, "start_lon": 77.731772, "end_lat": 12.98803, "end_lon": 77.733126, "lanes": 2.0, "lane_count_available": 1, "speed_limit_kph": null, "speed_limit_available": 0, "street_lighting": "unverified", "street_lighting_verified": 0, "junction_count": 2, "junction_density_per_km": 13.23, "crossing_count": 4, "bus_stop_count": 0, "btp_station": "Whitefield Traffic  PS", "btp_station_clean_name": "Whitefield PS", "btp_overlap_ratio": 1.0, "btp_station_total_cases_2023": 316.0, "btp_station_fatal_cases_2023": 54.0, "btp_station_killed_people_2023": 56.0, "btp_station_nonfatal_cases_2023": 262.0, "btp_station_injuries_2023": 235.0, "btp_station_total_cases_2022": null, "btp_station_fatal_cases_2022": null, "btp_station_total_cases_2021": null, "btp_station_fatal_cases_2021": null }, "geometry": { "type": "LineString", "coordinates": [ [ 77.7317719, 12.9881461 ], [ 77.7321684, 12.9880865 ], [ 77.7324555, 12.9880393 ], [ 77.7328702, 12.9879734 ], [ 77.7330072, 12.9879543 ], [ 77.733126, 12.9880298 ] ] } },
{ "type": "Feature", "properties": { "segment_id": "BLR_OMR_WHITEFIELD_090_1", "corridor_id": "OMR_WHITEFIELD", "corridor_name": "Old Madras Road / Whitefield Corridor", "road_name": "Whitefield - Hoskote Road", "road_type": "primary", "segment_length_m": 623.91, "start_lat": 12.984865, "start_lon": 77.752822, "end_lat": 12.990086, "end_lon": 77.75498, "lanes": 2.0, "lane_count_available": 1, "speed_limit_kph": 60.0, "speed_limit_available": 1, "street_lighting": "unverified", "street_lighting_verified": 0, "junction_count": 2, "junction_density_per_km": 3.21, "crossing_count": 2, "bus_stop_count": 0, "btp_station": "Whitefield Traffic  PS", "btp_station_clean_name": "Whitefield PS", "btp_overlap_ratio": 1.0, "btp_station_total_cases_2023": 316.0, "btp_station_fatal_cases_2023": 54.0, "btp_station_killed_people_2023": 56.0, "btp_station_nonfatal_cases_2023": 262.0, "btp_station_injuries_2023": 235.0, "btp_station_total_cases_2022": null, "btp_station_fatal_cases_2022": null, "btp_station_total_cases_2021": null, "btp_station_fatal_cases_2021": null }, "geometry": { "type": "LineString", "coordinates": [ [ 77.7528222, 12.9848653 ], [ 77.7528256, 12.9848718 ], [ 77.7528358, 12.9848912 ], [ 77.7529018, 12.9850386 ], [ 77.752903700000019, 12.9850428 ], [ 77.7529831, 12.9852284 ], [ 77.7530331, 12.9853453 ], [ 77.7531868, 12.9857469 ], [ 77.753244, 12.9858945 ], [ 77.7533199, 12.9860925 ], [ 77.7533884, 12.9862579 ], [ 77.7534531, 12.9864142 ], [ 77.7534794, 12.9864764 ], [ 77.7535196, 12.9865715 ], [ 77.754159900000019, 12.988089 ], [ 77.7541837, 12.9881484 ], [ 77.7543061, 12.988454 ], [ 77.754337, 12.9885251 ], [ 77.7543812, 12.9886269 ], [ 77.7545151, 12.9889356 ], [ 77.7547134, 12.9895051 ], [ 77.7547817, 12.9896625 ], [ 77.7548614, 12.9898521 ], [ 77.754920200000015, 12.9899741 ], [ 77.7549804, 12.9900858 ] ] } },
{ "type": "Feature", "properties": { "segment_id": "BLR_OMR_WHITEFIELD_093", "corridor_id": "OMR_WHITEFIELD", "corridor_name": "Old Madras Road / Whitefield Corridor", "road_name": "Whitefield - Hoskote Road", "road_type": "primary", "segment_length_m": 118.09, "start_lat": 12.983821, "start_lon": 77.752423, "end_lat": 12.984818, "end_lon": 77.752808, "lanes": 2.0, "lane_count_available": 1, "speed_limit_kph": 60.0, "speed_limit_available": 1, "street_lighting": "unverified", "street_lighting_verified": 0, "junction_count": 2, "junction_density_per_km": 16.94, "crossing_count": 10, "bus_stop_count": 0, "btp_station": "Whitefield Traffic  PS", "btp_station_clean_name": "Whitefield PS", "btp_overlap_ratio": 1.0, "btp_station_total_cases_2023": 316.0, "btp_station_fatal_cases_2023": 54.0, "btp_station_killed_people_2023": 56.0, "btp_station_nonfatal_cases_2023": 262.0, "btp_station_injuries_2023": 235.0, "btp_station_total_cases_2022": null, "btp_station_fatal_cases_2022": null, "btp_station_total_cases_2021": null, "btp_station_fatal_cases_2021": null }, "geometry": { "type": "LineString", "coordinates": [ [ 77.7524233, 12.9838208 ], [ 77.7524691, 12.9839395 ], [ 77.7527002, 12.9845385 ], [ 77.7528082, 12.9848185 ] ] } },
{ "type": "Feature", "properties": { "segment_id": "BLR_OMR_WHITEFIELD_096_1", "corridor_id": "OMR_WHITEFIELD", "corridor_name": "Old Madras Road / Whitefield Corridor", "road_name": "Whitefield Main Road", "road_type": "primary", "segment_length_m": 500.0, "start_lat": 12.983731, "start_lon": 77.752476, "end_lat": 12.979311, "end_lon": 77.751556, "lanes": 2.0, "lane_count_available": 1, "speed_limit_kph": null, "speed_limit_available": 0, "street_lighting": "unverified", "street_lighting_verified": 0, "junction_count": 2, "junction_density_per_km": 4.0, "crossing_count": 8, "bus_stop_count": 1, "btp_station": "Whitefield Traffic  PS", "btp_station_clean_name": "Whitefield PS", "btp_overlap_ratio": 1.0, "btp_station_total_cases_2023": 316.0, "btp_station_fatal_cases_2023": 54.0, "btp_station_killed_people_2023": 56.0, "btp_station_nonfatal_cases_2023": 262.0, "btp_station_injuries_2023": 235.0, "btp_station_total_cases_2022": null, "btp_station_fatal_cases_2022": null, "btp_station_total_cases_2021": null, "btp_station_fatal_cases_2021": null }, "geometry": { "type": "LineString", "coordinates": [ [ 77.7524755, 12.9837309 ], [ 77.7524428, 12.9836491 ], [ 77.7524328, 12.983618 ], [ 77.7522829, 12.9831567 ], [ 77.7522166, 12.9828261 ], [ 77.7522122, 12.9828024 ], [ 77.7521484, 12.9824627 ], [ 77.7520121, 12.9817367 ], [ 77.7519936, 12.9816384 ], [ 77.751961, 12.9814732 ], [ 77.7519019, 12.981137 ], [ 77.7516949, 12.980085 ], [ 77.7516718, 12.979957 ], [ 77.7516185, 12.9796324 ], [ 77.7515792, 12.9794266 ], [ 77.75155623292882, 12.979310590301747 ] ] } },
{ "type": "Feature", "properties": { "segment_id": "BLR_OMR_WHITEFIELD_096_2", "corridor_id": "OMR_WHITEFIELD", "corridor_name": "Old Madras Road / Whitefield Corridor", "road_name": "Whitefield Main Road", "road_type": "primary", "segment_length_m": 500.0, "start_lat": 12.979311, "start_lon": 77.751556, "end_lat": 12.97488, "end_lon": 77.750665, "lanes": 2.0, "lane_count_available": 1, "speed_limit_kph": null, "speed_limit_available": 0, "street_lighting": "unverified", "street_lighting_verified": 0, "junction_count": 2, "junction_density_per_km": 4.0, "crossing_count": 2, "bus_stop_count": 0, "btp_station": "Whitefield Traffic  PS", "btp_station_clean_name": "Whitefield PS", "btp_overlap_ratio": 1.0, "btp_station_total_cases_2023": 316.0, "btp_station_fatal_cases_2023": 54.0, "btp_station_killed_people_2023": 56.0, "btp_station_nonfatal_cases_2023": 262.0, "btp_station_injuries_2023": 235.0, "btp_station_total_cases_2022": null, "btp_station_fatal_cases_2022": null, "btp_station_total_cases_2021": null, "btp_station_fatal_cases_2021": null }, "geometry": { "type": "LineString", "coordinates": [ [ 77.75155623292882, 12.979310590301747 ], [ 77.7515264, 12.9791599 ], [ 77.7514958, 12.9789996 ], [ 77.7514715, 12.9788913 ], [ 77.751411, 12.9785676 ], [ 77.7513069, 12.9780233 ], [ 77.7511987, 12.9774317 ], [ 77.7511811, 12.9773357 ], [ 77.7511629, 12.9772584 ], [ 77.7509462, 12.9763032 ], [ 77.7509291, 12.9762206 ], [ 77.7508138, 12.9756676 ], [ 77.7507946, 12.975566 ], [ 77.750664674275271, 12.974880241182079 ] ] } },
{ "type": "Feature", "properties": { "segment_id": "BLR_OMR_WHITEFIELD_096_3", "corridor_id": "OMR_WHITEFIELD", "corridor_name": "Old Madras Road / Whitefield Corridor", "road_name": "Whitefield Main Road", "road_type": "primary", "segment_length_m": 500.0, "start_lat": 12.97488, "start_lon": 77.750665, "end_lat": 12.970402, "end_lon": 77.750075, "lanes": 2.0, "lane_count_available": 1, "speed_limit_kph": null, "speed_limit_available": 0, "street_lighting": "unverified", "street_lighting_verified": 0, "junction_count": 2, "junction_density_per_km": 4.0, "crossing_count": 0, "bus_stop_count": 0, "btp_station": "Whitefield Traffic  PS", "btp_station_clean_name": "Whitefield PS", "btp_overlap_ratio": 1.0, "btp_station_total_cases_2023": 316.0, "btp_station_fatal_cases_2023": 54.0, "btp_station_killed_people_2023": 56.0, "btp_station_nonfatal_cases_2023": 262.0, "btp_station_injuries_2023": 235.0, "btp_station_total_cases_2022": null, "btp_station_fatal_cases_2022": null, "btp_station_total_cases_2021": null, "btp_station_fatal_cases_2021": null }, "geometry": { "type": "LineString", "coordinates": [ [ 77.750664674275271, 12.974880241182079 ], [ 77.7506504, 12.9748049 ], [ 77.7506486, 12.9747733 ], [ 77.7506327, 12.9746794 ], [ 77.750502, 12.9739075 ], [ 77.7503457, 12.9726404 ], [ 77.750307, 12.9722292 ], [ 77.7502934, 12.9721177 ], [ 77.7502628, 12.9718846 ], [ 77.7501888, 12.9713657 ], [ 77.750154600000016, 12.9710286 ], [ 77.7501226, 12.9707896 ], [ 77.750074694248568, 12.970402356065675 ] ] } },
{ "type": "Feature", "properties": { "segment_id": "BLR_OMR_WHITEFIELD_096_4", "corridor_id": "OMR_WHITEFIELD", "corridor_name": "Old Madras Road / Whitefield Corridor", "road_name": "Whitefield Main Road", "road_type": "primary", "segment_length_m": 215.74, "start_lat": 12.970402, "start_lon": 77.750075, "end_lat": 12.968476, "end_lon": 77.749776, "lanes": 2.0, "lane_count_available": 1, "speed_limit_kph": null, "speed_limit_available": 0, "street_lighting": "unverified", "street_lighting_verified": 0, "junction_count": 2, "junction_density_per_km": 9.27, "crossing_count": 0, "bus_stop_count": 0, "btp_station": "Whitefield Traffic  PS", "btp_station_clean_name": "Whitefield PS", "btp_overlap_ratio": 1.0, "btp_station_total_cases_2023": 316.0, "btp_station_fatal_cases_2023": 54.0, "btp_station_killed_people_2023": 56.0, "btp_station_nonfatal_cases_2023": 262.0, "btp_station_injuries_2023": 235.0, "btp_station_total_cases_2022": null, "btp_station_fatal_cases_2022": null, "btp_station_total_cases_2021": null, "btp_station_fatal_cases_2021": null }, "geometry": { "type": "LineString", "coordinates": [ [ 77.750074694248568, 12.970402356065675 ], [ 77.7500579, 12.9702666 ], [ 77.7500068, 12.9699275 ], [ 77.7499944, 12.9698213 ], [ 77.7499811, 12.9697282 ], [ 77.7499322, 12.9693821 ], [ 77.7498679, 12.9689713 ], [ 77.7497764, 12.9684761 ] ] } },
{ "type": "Feature", "properties": { "segment_id": "BLR_OMR_WHITEFIELD_097_1", "corridor_id": "OMR_WHITEFIELD", "corridor_name": "Old Madras Road / Whitefield Corridor", "road_name": "Whitefield Road", "road_type": "primary", "segment_length_m": 500.0, "start_lat": 12.98803, "start_lon": 77.733126, "end_lat": 12.987669, "end_lon": 77.737706, "lanes": 2.0, "lane_count_available": 1, "speed_limit_kph": null, "speed_limit_available": 0, "street_lighting": "unverified", "street_lighting_verified": 0, "junction_count": 2, "junction_density_per_km": 4.0, "crossing_count": 4, "bus_stop_count": 0, "btp_station": "Whitefield Traffic  PS", "btp_station_clean_name": "Whitefield PS", "btp_overlap_ratio": 1.0, "btp_station_total_cases_2023": 316.0, "btp_station_fatal_cases_2023": 54.0, "btp_station_killed_people_2023": 56.0, "btp_station_nonfatal_cases_2023": 262.0, "btp_station_injuries_2023": 235.0, "btp_station_total_cases_2022": null, "btp_station_fatal_cases_2022": null, "btp_station_total_cases_2021": null, "btp_station_fatal_cases_2021": null }, "geometry": { "type": "LineString", "coordinates": [ [ 77.733126, 12.9880298 ], [ 77.7332433, 12.9880112 ], [ 77.7333679, 12.9879962 ], [ 77.7333835, 12.9879945 ], [ 77.7335351, 12.9879782 ], [ 77.733647600000012, 12.9879662 ], [ 77.7337851, 12.987949 ], [ 77.7340139, 12.9879161 ], [ 77.7348743, 12.9877813 ], [ 77.7351793, 12.9877378 ], [ 77.7353875, 12.987711 ], [ 77.7356875, 12.9876861 ], [ 77.735898800000015, 12.9876641 ], [ 77.7367194, 12.9876589 ], [ 77.7369161, 12.987662 ], [ 77.7370191, 12.9876637 ], [ 77.73707180000001, 12.9876644 ], [ 77.7371127, 12.987665 ], [ 77.737705609122798, 12.987668675040943 ] ] } },
{ "type": "Feature", "properties": { "segment_id": "BLR_OMR_WHITEFIELD_097_2", "corridor_id": "OMR_WHITEFIELD", "corridor_name": "Old Madras Road / Whitefield Corridor", "road_name": "Whitefield Road", "road_type": "primary", "segment_length_m": 500.0, "start_lat": 12.987669, "start_lon": 77.737706, "end_lat": 12.987118, "end_lon": 77.742243, "lanes": 2.0, "lane_count_available": 1, "speed_limit_kph": null, "speed_limit_available": 0, "street_lighting": "unverified", "street_lighting_verified": 0, "junction_count": 2, "junction_density_per_km": 4.0, "crossing_count": 2, "bus_stop_count": 0, "btp_station": "Whitefield Traffic  PS", "btp_station_clean_name": "Whitefield PS", "btp_overlap_ratio": 1.0, "btp_station_total_cases_2023": 316.0, "btp_station_fatal_cases_2023": 54.0, "btp_station_killed_people_2023": 56.0, "btp_station_nonfatal_cases_2023": 262.0, "btp_station_injuries_2023": 235.0, "btp_station_total_cases_2022": null, "btp_station_fatal_cases_2022": null, "btp_station_total_cases_2021": null, "btp_station_fatal_cases_2021": null }, "geometry": { "type": "LineString", "coordinates": [ [ 77.737705609122798, 12.987668675040943 ], [ 77.7387427, 12.9876751 ], [ 77.7390161, 12.9876771 ], [ 77.7392174, 12.987673 ], [ 77.7393831, 12.9876753 ], [ 77.7398199, 12.9876631 ], [ 77.7399966, 12.9876582 ], [ 77.7400088, 12.9876573 ], [ 77.740056, 12.987654 ], [ 77.740083, 12.9876521 ], [ 77.7401102, 12.987647 ], [ 77.7402078, 12.9876289 ], [ 77.7402737, 12.9876124 ], [ 77.742242810405216, 12.987118365856791 ] ] } },
{ "type": "Feature", "properties": { "segment_id": "BLR_OMR_WHITEFIELD_097_3", "corridor_id": "OMR_WHITEFIELD", "corridor_name": "Old Madras Road / Whitefield Corridor", "road_name": "Whitefield Road", "road_type": "primary", "segment_length_m": 500.0, "start_lat": 12.987118, "start_lon": 77.742243, "end_lat": 12.985851, "end_lon": 77.746659, "lanes": 2.0, "lane_count_available": 1, "speed_limit_kph": null, "speed_limit_available": 0, "street_lighting": "unverified", "street_lighting_verified": 0, "junction_count": 2, "junction_density_per_km": 4.0, "crossing_count": 2, "bus_stop_count": 0, "btp_station": "Whitefield Traffic  PS", "btp_station_clean_name": "Whitefield PS", "btp_overlap_ratio": 1.0, "btp_station_total_cases_2023": 316.0, "btp_station_fatal_cases_2023": 54.0, "btp_station_killed_people_2023": 56.0, "btp_station_nonfatal_cases_2023": 262.0, "btp_station_injuries_2023": 235.0, "btp_station_total_cases_2022": null, "btp_station_fatal_cases_2022": null, "btp_station_total_cases_2021": null, "btp_station_fatal_cases_2021": null }, "geometry": { "type": "LineString", "coordinates": [ [ 77.742242810405216, 12.987118365856791 ], [ 77.7422913, 12.9871062 ], [ 77.7441991, 12.9866201 ], [ 77.7448123, 12.9864569 ], [ 77.7448615, 12.9864437 ], [ 77.7452909, 12.9863256 ], [ 77.7454991, 12.9862651 ], [ 77.7458528, 12.9861494 ], [ 77.7461913, 12.9860265 ], [ 77.746659328839215, 12.985851290134825 ] ] } },
{ "type": "Feature", "properties": { "segment_id": "BLR_OMR_WHITEFIELD_097_4", "corridor_id": "OMR_WHITEFIELD", "corridor_name": "Old Madras Road / Whitefield Corridor", "road_name": "Whitefield Road", "road_type": "primary", "segment_length_m": 419.69, "start_lat": 12.985851, "start_lon": 77.746659, "end_lat": 12.984538, "end_lon": 77.750286, "lanes": 2.0, "lane_count_available": 1, "speed_limit_kph": null, "speed_limit_available": 0, "street_lighting": "unverified", "street_lighting_verified": 0, "junction_count": 2, "junction_density_per_km": 4.77, "crossing_count": 4, "bus_stop_count": 0, "btp_station": "Whitefield Traffic  PS", "btp_station_clean_name": "Whitefield PS", "btp_overlap_ratio": 1.0, "btp_station_total_cases_2023": 316.0, "btp_station_fatal_cases_2023": 54.0, "btp_station_killed_people_2023": 56.0, "btp_station_nonfatal_cases_2023": 262.0, "btp_station_injuries_2023": 235.0, "btp_station_total_cases_2022": null, "btp_station_fatal_cases_2022": null, "btp_station_total_cases_2021": null, "btp_station_fatal_cases_2021": null }, "geometry": { "type": "LineString", "coordinates": [ [ 77.746659328839215, 12.985851290134825 ], [ 77.7477919, 12.9854273 ], [ 77.7479219, 12.9853791 ], [ 77.7483056, 12.9852367 ], [ 77.7485329, 12.9851524 ], [ 77.7494114, 12.9848405 ], [ 77.7499329, 12.9846601 ], [ 77.7502855, 12.9845381 ] ] } },
{ "type": "Feature", "properties": { "segment_id": "BLR_OMR_WHITEFIELD_098", "corridor_id": "OMR_WHITEFIELD", "corridor_name": "Old Madras Road / Whitefield Corridor", "road_name": "HAL Old Airport Road", "road_type": "primary", "segment_length_m": 430.77, "start_lat": 12.958576, "start_lon": 77.66506, "end_lat": 12.959267, "end_lon": 77.661159, "lanes": 2.0, "lane_count_available": 1, "speed_limit_kph": 30.0, "speed_limit_available": 1, "street_lighting": "unverified", "street_lighting_verified": 0, "junction_count": 2, "junction_density_per_km": 4.64, "crossing_count": 4, "bus_stop_count": 0, "btp_station": "Jeevan Bheemanagar Traffic PS", "btp_station_clean_name": "Jeevan Bheemanagar PS", "btp_overlap_ratio": 0.974, "btp_station_total_cases_2023": 85.0, "btp_station_fatal_cases_2023": 12.0, "btp_station_killed_people_2023": 12.0, "btp_station_nonfatal_cases_2023": 73.0, "btp_station_injuries_2023": 62.0, "btp_station_total_cases_2022": 48.0, "btp_station_fatal_cases_2022": 13.0, "btp_station_total_cases_2021": 32.0, "btp_station_fatal_cases_2021": 5.0 }, "geometry": { "type": "LineString", "coordinates": [ [ 77.6650596, 12.9585763 ], [ 77.6649791, 12.9585907 ], [ 77.6648803, 12.9586031 ], [ 77.6646998, 12.95864 ], [ 77.6645986, 12.9586618 ], [ 77.6636433, 12.9588678 ], [ 77.6635961, 12.9588784 ], [ 77.6635402, 12.9588892 ], [ 77.6635104, 12.9588962 ], [ 77.6628116, 12.9590414 ], [ 77.6624422, 12.959113 ], [ 77.662249, 12.959138 ], [ 77.6616483, 12.9592174 ], [ 77.661523, 12.9592339 ], [ 77.6614196, 12.9592481 ], [ 77.6613529, 12.9592528 ], [ 77.6611589, 12.9592666 ] ] } },
{ "type": "Feature", "properties": { "segment_id": "BLR_OMR_WHITEFIELD_100", "corridor_id": "OMR_WHITEFIELD", "corridor_name": "Old Madras Road / Whitefield Corridor", "road_name": "Hoodi Main Road", "road_type": "primary", "segment_length_m": 90.64, "start_lat": 12.992244, "start_lon": 77.715999, "end_lat": 12.991694, "end_lon": 77.715385, "lanes": null, "lane_count_available": 0, "speed_limit_kph": null, "speed_limit_available": 0, "street_lighting": "unverified", "street_lighting_verified": 0, "junction_count": 2, "junction_density_per_km": 22.07, "crossing_count": 0, "bus_stop_count": 0, "btp_station": "K.R. Puram Traffic  PS", "btp_station_clean_name": "K.R. Puram PS", "btp_overlap_ratio": 1.0, "btp_station_total_cases_2023": 254.0, "btp_station_fatal_cases_2023": 41.0, "btp_station_killed_people_2023": 42.0, "btp_station_nonfatal_cases_2023": 213.0, "btp_station_injuries_2023": 217.0, "btp_station_total_cases_2022": null, "btp_station_fatal_cases_2022": null, "btp_station_total_cases_2021": null, "btp_station_fatal_cases_2021": null }, "geometry": { "type": "LineString", "coordinates": [ [ 77.7159986, 12.9922443 ], [ 77.7158686, 12.9921657 ], [ 77.7157925, 12.9921019 ], [ 77.7157375, 12.9920509 ], [ 77.7153855, 12.9916939 ] ] } },
{ "type": "Feature", "properties": { "segment_id": "BLR_OMR_WHITEFIELD_101", "corridor_id": "OMR_WHITEFIELD", "corridor_name": "Old Madras Road / Whitefield Corridor", "road_name": "Whitefield Road", "road_type": "primary", "segment_length_m": 396.47, "start_lat": 12.992244, "start_lon": 77.715999, "end_lat": 12.99221, "end_lon": 77.719634, "lanes": 2.0, "lane_count_available": 1, "speed_limit_kph": null, "speed_limit_available": 0, "street_lighting": "unverified", "street_lighting_verified": 0, "junction_count": 2, "junction_density_per_km": 5.04, "crossing_count": 0, "bus_stop_count": 0, "btp_station": "K.R. Puram Traffic  PS", "btp_station_clean_name": "K.R. Puram PS", "btp_overlap_ratio": 1.0, "btp_station_total_cases_2023": 254.0, "btp_station_fatal_cases_2023": 41.0, "btp_station_killed_people_2023": 42.0, "btp_station_nonfatal_cases_2023": 213.0, "btp_station_injuries_2023": 217.0, "btp_station_total_cases_2022": null, "btp_station_fatal_cases_2022": null, "btp_station_total_cases_2021": null, "btp_station_fatal_cases_2021": null }, "geometry": { "type": "LineString", "coordinates": [ [ 77.7159986, 12.9922443 ], [ 77.7162491, 12.9923043 ], [ 77.7162959, 12.9923158 ], [ 77.7164477, 12.992309 ], [ 77.7165238, 12.9923047 ], [ 77.7165763, 12.9923017 ], [ 77.716995, 12.992278 ], [ 77.7170873, 12.9922775 ], [ 77.7177108, 12.9922567 ], [ 77.7177376, 12.9922563 ], [ 77.7177925, 12.9922532 ], [ 77.7179886, 12.9922584 ], [ 77.7183634, 12.9922682 ], [ 77.718465, 12.9922709 ], [ 77.7187352, 12.9922816 ], [ 77.7187801, 12.9922829 ], [ 77.7192791, 12.9922619 ], [ 77.7194694, 12.9922462 ], [ 77.7195498, 12.9922324 ], [ 77.7196345, 12.9922102 ] ] } },
{ "type": "Feature", "properties": { "segment_id": "BLR_OMR_WHITEFIELD_102_1", "corridor_id": "OMR_WHITEFIELD", "corridor_name": "Old Madras Road / Whitefield Corridor", "road_name": "Whitefield Road", "road_type": "primary", "segment_length_m": 500.0, "start_lat": 12.994822, "start_lon": 77.698489, "end_lat": 12.995979, "end_lon": 77.694079, "lanes": 3.0, "lane_count_available": 1, "speed_limit_kph": null, "speed_limit_available": 0, "street_lighting": "unverified", "street_lighting_verified": 0, "junction_count": 2, "junction_density_per_km": 4.0, "crossing_count": 2, "bus_stop_count": 0, "btp_station": "K.R. Puram Traffic  PS", "btp_station_clean_name": "K.R. Puram PS", "btp_overlap_ratio": 1.0, "btp_station_total_cases_2023": 254.0, "btp_station_fatal_cases_2023": 41.0, "btp_station_killed_people_2023": 42.0, "btp_station_nonfatal_cases_2023": 213.0, "btp_station_injuries_2023": 217.0, "btp_station_total_cases_2022": null, "btp_station_fatal_cases_2022": null, "btp_station_total_cases_2021": null, "btp_station_fatal_cases_2021": null }, "geometry": { "type": "LineString", "coordinates": [ [ 77.6984891, 12.994822 ], [ 77.6980234, 12.9950103 ], [ 77.6978468, 12.9950479 ], [ 77.6978019, 12.9950574 ], [ 77.697684, 12.9950824 ], [ 77.6976526, 12.9950891 ], [ 77.6975878, 12.9951029 ], [ 77.6975347, 12.9951104 ], [ 77.6974845, 12.9951175 ], [ 77.6973824, 12.995132 ], [ 77.6973505, 12.9951365 ], [ 77.6971916, 12.9951591 ], [ 77.6969888, 12.9951808 ], [ 77.6968296, 12.9951975 ], [ 77.6968021, 12.9952004 ], [ 77.6966679, 12.9952174 ], [ 77.6966268, 12.9952226 ], [ 77.6965154, 12.9952363 ], [ 77.6964788, 12.9952408 ], [ 77.696387200000018, 12.9952555 ], [ 77.6963497, 12.9952621 ], [ 77.6962698, 12.9952762 ], [ 77.6961805, 12.9952847 ], [ 77.6958994, 12.9953228 ], [ 77.6956763, 12.9953507 ], [ 77.6954924, 12.9953869 ], [ 77.6953554, 12.9954207 ], [ 77.6952163, 12.9954645 ], [ 77.6945163, 12.9957872 ], [ 77.6944356, 12.9958207 ], [ 77.69407860087297, 12.995979006527016 ] ] } },
{ "type": "Feature", "properties": { "segment_id": "BLR_OMR_WHITEFIELD_102_2", "corridor_id": "OMR_WHITEFIELD", "corridor_name": "Old Madras Road / Whitefield Corridor", "road_name": "Whitefield Road", "road_type": "primary", "segment_length_m": 500.0, "start_lat": 12.995979, "start_lon": 77.694079, "end_lat": 12.99769, "end_lon": 77.689825, "lanes": 3.0, "lane_count_available": 1, "speed_limit_kph": null, "speed_limit_available": 0, "street_lighting": "unverified", "street_lighting_verified": 0, "junction_count": 2, "junction_density_per_km": 4.0, "crossing_count": 2, "bus_stop_count": 0, "btp_station": "K.R. Puram Traffic  PS", "btp_station_clean_name": "K.R. Puram PS", "btp_overlap_ratio": 1.0, "btp_station_total_cases_2023": 254.0, "btp_station_fatal_cases_2023": 41.0, "btp_station_killed_people_2023": 42.0, "btp_station_nonfatal_cases_2023": 213.0, "btp_station_injuries_2023": 217.0, "btp_station_total_cases_2022": null, "btp_station_fatal_cases_2022": null, "btp_station_total_cases_2021": null, "btp_station_fatal_cases_2021": null }, "geometry": { "type": "LineString", "coordinates": [ [ 77.69407860087297, 12.995979006527016 ], [ 77.6940387, 12.9959967 ], [ 77.6939106, 12.9960532 ], [ 77.6937403, 12.996131 ], [ 77.693692, 12.9961503 ], [ 77.6935158, 12.9962084 ], [ 77.6933977, 12.9962408 ], [ 77.6932851, 12.9962715 ], [ 77.6929024, 12.9963908 ], [ 77.6919444, 12.9967308 ], [ 77.6916321, 12.9968495 ], [ 77.6914513, 12.9969182 ], [ 77.6913605, 12.996959 ], [ 77.6907581, 12.9972299 ], [ 77.690689, 12.997261 ], [ 77.6902619, 12.9974736 ], [ 77.6902034, 12.9975028 ], [ 77.689825336504555, 12.997690402195113 ] ] } },
{ "type": "Feature", "properties": { "segment_id": "BLR_OMR_WHITEFIELD_102_3", "corridor_id": "OMR_WHITEFIELD", "corridor_name": "Old Madras Road / Whitefield Corridor", "road_name": "Whitefield Road", "road_type": "primary", "segment_length_m": 500.0, "start_lat": 12.99769, "start_lon": 77.689825, "end_lat": 13.000177, "end_lon": 77.686095, "lanes": 3.0, "lane_count_available": 1, "speed_limit_kph": null, "speed_limit_available": 0, "street_lighting": "unverified", "street_lighting_verified": 0, "junction_count": 2, "junction_density_per_km": 4.0, "crossing_count": 0, "bus_stop_count": 0, "btp_station": "K.R. Puram Traffic  PS", "btp_station_clean_name": "K.R. Puram PS", "btp_overlap_ratio": 1.0, "btp_station_total_cases_2023": 254.0, "btp_station_fatal_cases_2023": 41.0, "btp_station_killed_people_2023": 42.0, "btp_station_nonfatal_cases_2023": 213.0, "btp_station_injuries_2023": 217.0, "btp_station_total_cases_2022": null, "btp_station_fatal_cases_2022": null, "btp_station_total_cases_2021": null, "btp_station_fatal_cases_2021": null }, "geometry": { "type": "LineString", "coordinates": [ [ 77.689825336504555, 12.997690402195113 ], [ 77.6897274, 12.997739 ], [ 77.6896573, 12.9977738 ], [ 77.6895393, 12.9978325 ], [ 77.6895248, 12.9978397 ], [ 77.689367, 12.9979181 ], [ 77.6890306, 12.9980713 ], [ 77.6888814, 12.9981541 ], [ 77.688743100000011, 12.9982589 ], [ 77.6886232, 12.9983771 ], [ 77.6884995, 12.9984995 ], [ 77.6883337, 12.9987016 ], [ 77.6882883, 12.9987501 ], [ 77.6880626, 12.998991 ], [ 77.6878842, 12.9991815 ], [ 77.6875692, 12.999472 ], [ 77.6873756, 12.9996204 ], [ 77.6873462, 12.9996391 ], [ 77.6869762, 12.9998747 ], [ 77.6867718, 12.9999974 ], [ 77.6865732, 13.0000871 ], [ 77.6863109, 13.0001501 ], [ 77.686095139133229, 13.000177220808958 ] ] } },
{ "type": "Feature", "properties": { "segment_id": "BLR_OMR_WHITEFIELD_102_4", "corridor_id": "OMR_WHITEFIELD", "corridor_name": "Old Madras Road / Whitefield Corridor", "road_name": "Whitefield Road", "road_type": "primary", "segment_length_m": 570.39, "start_lat": 13.000177, "start_lon": 77.686095, "end_lat": 13.000269, "end_lon": 77.680856, "lanes": 3.0, "lane_count_available": 1, "speed_limit_kph": null, "speed_limit_available": 0, "street_lighting": "unverified", "street_lighting_verified": 0, "junction_count": 2, "junction_density_per_km": 3.51, "crossing_count": 0, "bus_stop_count": 0, "btp_station": "K.R. Puram Traffic  PS", "btp_station_clean_name": "K.R. Puram PS", "btp_overlap_ratio": 1.0, "btp_station_total_cases_2023": 254.0, "btp_station_fatal_cases_2023": 41.0, "btp_station_killed_people_2023": 42.0, "btp_station_nonfatal_cases_2023": 213.0, "btp_station_injuries_2023": 217.0, "btp_station_total_cases_2022": null, "btp_station_fatal_cases_2022": null, "btp_station_total_cases_2021": null, "btp_station_fatal_cases_2021": null }, "geometry": { "type": "LineString", "coordinates": [ [ 77.686095139133229, 13.000177220808958 ], [ 77.6860245, 13.0001861 ], [ 77.685556, 13.000227 ], [ 77.685353, 13.0002376 ], [ 77.6851837, 13.0002534 ], [ 77.6850145, 13.0002611 ], [ 77.6847925, 13.0002792 ], [ 77.6845709, 13.0002945 ], [ 77.6843502, 13.0003029 ], [ 77.6843055, 13.0003058 ], [ 77.6840518, 13.0003085 ], [ 77.68368940000002, 13.0003189 ], [ 77.683565, 13.0003214 ], [ 77.6832245, 13.0003072 ], [ 77.6831311, 13.0003033 ], [ 77.6829057, 13.0003129 ], [ 77.6826655, 13.0003091 ], [ 77.6824389, 13.0003113 ], [ 77.6824113, 13.0003126 ], [ 77.6821524, 13.0003222 ], [ 77.6817034, 13.0003496 ], [ 77.6815339, 13.0003553 ], [ 77.6812958, 13.0003481 ], [ 77.6812175, 13.0003419 ], [ 77.6810957, 13.0003208 ], [ 77.681052, 13.0003122 ], [ 77.6808934, 13.0002807 ], [ 77.6808562, 13.000269 ] ] } },
{ "type": "Feature", "properties": { "segment_id": "BLR_OMR_WHITEFIELD_103_1", "corridor_id": "OMR_WHITEFIELD", "corridor_name": "Old Madras Road / Whitefield Corridor", "road_name": "Whitefield Road", "road_type": "primary", "segment_length_m": 500.0, "start_lat": 12.994916, "start_lon": 77.698528, "end_lat": 12.993675, "end_lon": 77.702953, "lanes": 2.0, "lane_count_available": 1, "speed_limit_kph": null, "speed_limit_available": 0, "street_lighting": "unverified", "street_lighting_verified": 0, "junction_count": 2, "junction_density_per_km": 4.0, "crossing_count": 4, "bus_stop_count": 1, "btp_station": "K.R. Puram Traffic  PS", "btp_station_clean_name": "K.R. Puram PS", "btp_overlap_ratio": 1.0, "btp_station_total_cases_2023": 254.0, "btp_station_fatal_cases_2023": 41.0, "btp_station_killed_people_2023": 42.0, "btp_station_nonfatal_cases_2023": 213.0, "btp_station_injuries_2023": 217.0, "btp_station_total_cases_2022": null, "btp_station_fatal_cases_2022": null, "btp_station_total_cases_2021": null, "btp_station_fatal_cases_2021": null }, "geometry": { "type": "LineString", "coordinates": [ [ 77.698528300000021, 12.994916 ], [ 77.6985615, 12.9949043 ], [ 77.6985866, 12.9948954 ], [ 77.699119400000015, 12.9947017 ], [ 77.6994236, 12.9945985 ], [ 77.7003359, 12.9943492 ], [ 77.7005792, 12.9942879 ], [ 77.7009196, 12.9942021 ], [ 77.7012601, 12.9941163 ], [ 77.7016148, 12.9940375 ], [ 77.701695, 12.9940174 ], [ 77.7017201, 12.9940098 ], [ 77.7018842, 12.9939605 ], [ 77.7020371, 12.9939145 ], [ 77.7022629, 12.9938467 ], [ 77.7026566, 12.9937505 ], [ 77.7028203, 12.9937104 ], [ 77.7029131, 12.9936859 ], [ 77.7029530587902, 12.993675333973886 ] ] } },
{ "type": "Feature", "properties": { "segment_id": "BLR_OMR_WHITEFIELD_103_2", "corridor_id": "OMR_WHITEFIELD", "corridor_name": "Old Madras Road / Whitefield Corridor", "road_name": "Whitefield Road", "road_type": "primary", "segment_length_m": 264.99, "start_lat": 12.993675, "start_lon": 77.702953, "end_lat": 12.993081, "end_lon": 77.705316, "lanes": 2.0, "lane_count_available": 1, "speed_limit_kph": null, "speed_limit_available": 0, "street_lighting": "unverified", "street_lighting_verified": 0, "junction_count": 2, "junction_density_per_km": 7.55, "crossing_count": 6, "bus_stop_count": 0, "btp_station": "K.R. Puram Traffic  PS", "btp_station_clean_name": "K.R. Puram PS", "btp_overlap_ratio": 1.0, "btp_station_total_cases_2023": 254.0, "btp_station_fatal_cases_2023": 41.0, "btp_station_killed_people_2023": 42.0, "btp_station_nonfatal_cases_2023": 213.0, "btp_station_injuries_2023": 217.0, "btp_station_total_cases_2022": null, "btp_station_fatal_cases_2022": null, "btp_station_total_cases_2021": null, "btp_station_fatal_cases_2021": null }, "geometry": { "type": "LineString", "coordinates": [ [ 77.7029530587902, 12.993675333973886 ], [ 77.7029547, 12.9936749 ], [ 77.7031028, 12.9936378 ], [ 77.703223, 12.993607 ], [ 77.7034228, 12.9935557 ], [ 77.7039796, 12.9934143 ], [ 77.7041266, 12.9933769 ], [ 77.704555700000014, 12.9932537 ], [ 77.7047676, 12.9931929 ], [ 77.7048366, 12.9931731 ], [ 77.7048629, 12.9931669 ], [ 77.7050239, 12.9931288 ], [ 77.7051039, 12.9931099 ], [ 77.705253, 12.9930866 ], [ 77.7053156, 12.993081 ] ] } },
{ "type": "Feature", "properties": { "segment_id": "BLR_OMR_WHITEFIELD_105_1", "corridor_id": "OMR_WHITEFIELD", "corridor_name": "Old Madras Road / Whitefield Corridor", "road_name": "Varthur Road", "road_type": "primary", "segment_length_m": 500.0, "start_lat": 12.956729, "start_lon": 77.703421, "end_lat": 12.956999, "end_lon": 77.698831, "lanes": 2.0, "lane_count_available": 1, "speed_limit_kph": null, "speed_limit_available": 0, "street_lighting": "unverified", "street_lighting_verified": 0, "junction_count": 2, "junction_density_per_km": 4.0, "crossing_count": 15, "bus_stop_count": 0, "btp_station": "H.A.L Airport Traffic PS", "btp_station_clean_name": "H.A.L. PS", "btp_overlap_ratio": 1.0, "btp_station_total_cases_2023": 97.0, "btp_station_fatal_cases_2023": 17.0, "btp_station_killed_people_2023": 17.0, "btp_station_nonfatal_cases_2023": 80.0, "btp_station_injuries_2023": 80.0, "btp_station_total_cases_2022": 83.0, "btp_station_fatal_cases_2022": 18.0, "btp_station_total_cases_2021": 143.0, "btp_station_fatal_cases_2021": 34.0 }, "geometry": { "type": "LineString", "coordinates": [ [ 77.7034212, 12.9567294 ], [ 77.7032755, 12.9567358 ], [ 77.7025291, 12.9567864 ], [ 77.7022355, 12.9568119 ], [ 77.7019945, 12.9568302 ], [ 77.7018608, 12.9568418 ], [ 77.7017176, 12.9568547 ], [ 77.7014596, 12.9568724 ], [ 77.7013721, 12.9568812 ], [ 77.7012857, 12.9568886 ], [ 77.701235, 12.9568929 ], [ 77.701027, 12.9569097 ], [ 77.7009594, 12.9569136 ], [ 77.7009285, 12.9569154 ], [ 77.7008825, 12.9569188 ], [ 77.7007073, 12.9569338 ], [ 77.7003435, 12.9569574 ], [ 77.7001567, 12.9569744 ], [ 77.7000686, 12.9569816 ], [ 77.6997776, 12.9570067 ], [ 77.6994853, 12.957028 ], [ 77.699204, 12.9570394 ], [ 77.6990296, 12.9570328 ], [ 77.698831474873842, 12.95699903315611 ] ] } },
{ "type": "Feature", "properties": { "segment_id": "BLR_OMR_WHITEFIELD_105_2", "corridor_id": "OMR_WHITEFIELD", "corridor_name": "Old Madras Road / Whitefield Corridor", "road_name": "Varthur Road", "road_type": "primary", "segment_length_m": 268.44, "start_lat": 12.956999, "start_lon": 77.698831, "end_lat": 12.956567, "end_lon": 77.696399, "lanes": 2.0, "lane_count_available": 1, "speed_limit_kph": null, "speed_limit_available": 0, "street_lighting": "unverified", "street_lighting_verified": 0, "junction_count": 2, "junction_density_per_km": 7.45, "crossing_count": 1, "bus_stop_count": 0, "btp_station": "H.A.L Airport Traffic PS", "btp_station_clean_name": "H.A.L. PS", "btp_overlap_ratio": 1.0, "btp_station_total_cases_2023": 97.0, "btp_station_fatal_cases_2023": 17.0, "btp_station_killed_people_2023": 17.0, "btp_station_nonfatal_cases_2023": 80.0, "btp_station_injuries_2023": 80.0, "btp_station_total_cases_2022": 83.0, "btp_station_fatal_cases_2022": 18.0, "btp_station_total_cases_2021": 143.0, "btp_station_fatal_cases_2021": 34.0 }, "geometry": { "type": "LineString", "coordinates": [ [ 77.698831474873842, 12.95699903315611 ], [ 77.6987773, 12.9569898 ], [ 77.6984741, 12.9569301 ], [ 77.6982353, 12.9568876 ], [ 77.6981583, 12.9568719 ], [ 77.6980651, 12.9568582 ], [ 77.6979087, 12.9568322 ], [ 77.697605200000012, 12.9567817 ], [ 77.6975642, 12.9567742 ], [ 77.6975189, 12.9567662 ], [ 77.697381, 12.9567436 ], [ 77.6969783, 12.9566745 ], [ 77.6963989, 12.9565668 ] ] } },
{ "type": "Feature", "properties": { "segment_id": "BLR_OMR_WHITEFIELD_106_1", "corridor_id": "OMR_WHITEFIELD", "corridor_name": "Old Madras Road / Whitefield Corridor", "road_name": "Whitefield Road", "road_type": "primary", "segment_length_m": 500.0, "start_lat": 12.988515, "start_lon": 77.729662, "end_lat": 12.989735, "end_lon": 77.725274, "lanes": 2.0, "lane_count_available": 1, "speed_limit_kph": null, "speed_limit_available": 0, "street_lighting": "unverified", "street_lighting_verified": 0, "junction_count": 2, "junction_density_per_km": 4.0, "crossing_count": 0, "bus_stop_count": 0, "btp_station": "Whitefield Traffic  PS", "btp_station_clean_name": "Whitefield PS", "btp_overlap_ratio": 0.6434, "btp_station_total_cases_2023": 316.0, "btp_station_fatal_cases_2023": 54.0, "btp_station_killed_people_2023": 56.0, "btp_station_nonfatal_cases_2023": 262.0, "btp_station_injuries_2023": 235.0, "btp_station_total_cases_2022": null, "btp_station_fatal_cases_2022": null, "btp_station_total_cases_2021": null, "btp_station_fatal_cases_2021": null }, "geometry": { "type": "LineString", "coordinates": [ [ 77.7296618, 12.9885149 ], [ 77.7296238, 12.98852 ], [ 77.7296005, 12.9885241 ], [ 77.7293948, 12.9885604 ], [ 77.7291726, 12.9885996 ], [ 77.7291281, 12.9886075 ], [ 77.7290175, 12.988627 ], [ 77.728741, 12.9886725 ], [ 77.7285634, 12.9887042 ], [ 77.728225, 12.9887703 ], [ 77.7280085, 12.9888163 ], [ 77.7279349, 12.9888338 ], [ 77.7278208, 12.9888593 ], [ 77.7276197, 12.9889042 ], [ 77.7273456, 12.9889653 ], [ 77.727227, 12.9889923 ], [ 77.7268308, 12.9890809 ], [ 77.7265728, 12.9891405 ], [ 77.7264166, 12.9891765 ], [ 77.7263345, 12.9891955 ], [ 77.726248, 12.9892181 ], [ 77.7261813, 12.9892355 ], [ 77.726108400000015, 12.9892545 ], [ 77.7260036, 12.9892889 ], [ 77.7258934, 12.9893402 ], [ 77.7255483, 12.989563 ], [ 77.7255372, 12.9895703 ], [ 77.7253831, 12.9896711 ], [ 77.725273803607834, 12.989735305236367 ] ] } },
{ "type": "Feature", "properties": { "segment_id": "BLR_OMR_WHITEFIELD_106_2", "corridor_id": "OMR_WHITEFIELD", "corridor_name": "Old Madras Road / Whitefield Corridor", "road_name": "Whitefield Road", "road_type": "primary", "segment_length_m": 272.49, "start_lat": 12.989735, "start_lon": 77.725274, "end_lat": 12.990521, "end_lon": 77.722905, "lanes": 2.0, "lane_count_available": 1, "speed_limit_kph": null, "speed_limit_available": 0, "street_lighting": "unverified", "street_lighting_verified": 0, "junction_count": 2, "junction_density_per_km": 7.34, "crossing_count": 0, "bus_stop_count": 0, "btp_station": "K.R. Puram Traffic  PS", "btp_station_clean_name": "K.R. Puram PS", "btp_overlap_ratio": 1.0, "btp_station_total_cases_2023": 254.0, "btp_station_fatal_cases_2023": 41.0, "btp_station_killed_people_2023": 42.0, "btp_station_nonfatal_cases_2023": 213.0, "btp_station_injuries_2023": 217.0, "btp_station_total_cases_2022": null, "btp_station_fatal_cases_2022": null, "btp_station_total_cases_2021": null, "btp_station_fatal_cases_2021": null }, "geometry": { "type": "LineString", "coordinates": [ [ 77.725273803607834, 12.989735305236367 ], [ 77.7252127, 12.9897712 ], [ 77.724778, 12.9899881 ], [ 77.7242034, 12.9901635 ], [ 77.7241438, 12.9901817 ], [ 77.7238478, 12.9902721 ], [ 77.723575, 12.9903434 ], [ 77.722981, 12.9904986 ], [ 77.7229047, 12.9905213 ] ] } },
{ "type": "Feature", "properties": { "segment_id": "BLR_OMR_WHITEFIELD_107", "corridor_id": "OMR_WHITEFIELD", "corridor_name": "Old Madras Road / Whitefield Corridor", "road_name": "Whitefield Road", "road_type": "primary", "segment_length_m": 381.37, "start_lat": 12.988586, "start_lon": 77.72966, "end_lat": 12.98803, "end_lon": 77.733126, "lanes": 2.0, "lane_count_available": 1, "speed_limit_kph": null, "speed_limit_available": 0, "street_lighting": "unverified", "street_lighting_verified": 0, "junction_count": 2, "junction_density_per_km": 5.24, "crossing_count": 4, "bus_stop_count": 0, "btp_station": "Whitefield Traffic  PS", "btp_station_clean_name": "Whitefield PS", "btp_overlap_ratio": 1.0, "btp_station_total_cases_2023": 316.0, "btp_station_fatal_cases_2023": 54.0, "btp_station_killed_people_2023": 56.0, "btp_station_nonfatal_cases_2023": 262.0, "btp_station_injuries_2023": 235.0, "btp_station_total_cases_2022": null, "btp_station_fatal_cases_2022": null, "btp_station_total_cases_2021": null, "btp_station_fatal_cases_2021": null }, "geometry": { "type": "LineString", "coordinates": [ [ 77.7296603, 12.9885859 ], [ 77.7297994, 12.9885642 ], [ 77.7304096, 12.9884643 ], [ 77.731094, 12.9883523 ], [ 77.7313429, 12.9883092 ], [ 77.7314384, 12.9882935 ], [ 77.7315951, 12.9882522 ], [ 77.7317741, 12.9882262 ], [ 77.7325921, 12.9881146 ], [ 77.7330273, 12.9880455 ], [ 77.733126, 12.9880298 ] ] } },
{ "type": "Feature", "properties": { "segment_id": "BLR_OMR_WHITEFIELD_109", "corridor_id": "OMR_WHITEFIELD", "corridor_name": "Old Madras Road / Whitefield Corridor", "road_name": "Swamy Vivekananda Road", "road_type": "primary", "segment_length_m": 332.72, "start_lat": 12.986877, "start_lon": 77.647959, "end_lat": 12.985725, "end_lon": 77.645128, "lanes": 2.0, "lane_count_available": 1, "speed_limit_kph": 25.0, "speed_limit_available": 1, "street_lighting": "unverified", "street_lighting_verified": 0, "junction_count": 2, "junction_density_per_km": 6.01, "crossing_count": 8, "bus_stop_count": 0, "btp_station": "Halasur Traffic PS", "btp_station_clean_name": "Halasur PS", "btp_overlap_ratio": 0.8416, "btp_station_total_cases_2023": 67.0, "btp_station_fatal_cases_2023": 11.0, "btp_station_killed_people_2023": 11.0, "btp_station_nonfatal_cases_2023": 56.0, "btp_station_injuries_2023": 48.0, "btp_station_total_cases_2022": 76.0, "btp_station_fatal_cases_2022": 13.0, "btp_station_total_cases_2021": 47.0, "btp_station_fatal_cases_2021": 19.0 }, "geometry": { "type": "LineString", "coordinates": [ [ 77.6479585, 12.9868774 ], [ 77.6477488, 12.9867847 ], [ 77.6473792, 12.9866252 ], [ 77.6470336, 12.9864786 ], [ 77.6466108, 12.9863121 ], [ 77.6461721, 12.9861354 ], [ 77.6456255, 12.9859163 ], [ 77.6452204, 12.9857557 ], [ 77.6451284, 12.9857249 ] ] } },
{ "type": "Feature", "properties": { "segment_id": "BLR_OMR_WHITEFIELD_111", "corridor_id": "OMR_WHITEFIELD", "corridor_name": "Old Madras Road / Whitefield Corridor", "road_name": "Swamy Vivekananda Road", "road_type": "primary", "segment_length_m": 53.04, "start_lat": 12.987025, "start_lon": 77.648069, "end_lat": 12.987216, "end_lon": 77.648517, "lanes": 2.0, "lane_count_available": 1, "speed_limit_kph": null, "speed_limit_available": 0, "street_lighting": "unverified", "street_lighting_verified": 0, "junction_count": 2, "junction_density_per_km": 37.71, "crossing_count": 2, "bus_stop_count": 0, "btp_station": "Jeevan Bheemanagar Traffic PS", "btp_station_clean_name": "Jeevan Bheemanagar PS", "btp_overlap_ratio": 1.0, "btp_station_total_cases_2023": 85.0, "btp_station_fatal_cases_2023": 12.0, "btp_station_killed_people_2023": 12.0, "btp_station_nonfatal_cases_2023": 73.0, "btp_station_injuries_2023": 62.0, "btp_station_total_cases_2022": 48.0, "btp_station_fatal_cases_2022": 13.0, "btp_station_total_cases_2021": 32.0, "btp_station_fatal_cases_2021": 5.0 }, "geometry": { "type": "LineString", "coordinates": [ [ 77.648069, 12.9870248 ], [ 77.6482912, 12.987122 ], [ 77.6483919, 12.9871629 ], [ 77.6485169, 12.9872161 ] ] } },
{ "type": "Feature", "properties": { "segment_id": "BLR_OMR_WHITEFIELD_113", "corridor_id": "OMR_WHITEFIELD", "corridor_name": "Old Madras Road / Whitefield Corridor", "road_name": "ITPL Main Road", "road_type": "primary", "segment_length_m": 184.9, "start_lat": 12.990398, "start_lon": 77.713913, "end_lat": 12.991919, "end_lon": 77.713597, "lanes": null, "lane_count_available": 0, "speed_limit_kph": null, "speed_limit_available": 0, "street_lighting": "unverified", "street_lighting_verified": 0, "junction_count": 2, "junction_density_per_km": 10.82, "crossing_count": 0, "bus_stop_count": 0, "btp_station": "K.R. Puram Traffic  PS", "btp_station_clean_name": "K.R. Puram PS", "btp_overlap_ratio": 1.0, "btp_station_total_cases_2023": 254.0, "btp_station_fatal_cases_2023": 41.0, "btp_station_killed_people_2023": 42.0, "btp_station_nonfatal_cases_2023": 213.0, "btp_station_injuries_2023": 217.0, "btp_station_total_cases_2022": null, "btp_station_fatal_cases_2022": null, "btp_station_total_cases_2021": null, "btp_station_fatal_cases_2021": null }, "geometry": { "type": "LineString", "coordinates": [ [ 77.7139127, 12.9903975 ], [ 77.7139697, 12.9905251 ], [ 77.7140034, 12.990611 ], [ 77.7140126, 12.9906572 ], [ 77.7140149, 12.9907074 ], [ 77.7140185, 12.9907509 ], [ 77.7140217, 12.9909627 ], [ 77.7140091, 12.9912236 ], [ 77.7139449, 12.9914775 ], [ 77.7138552, 12.9916114 ], [ 77.7137726, 12.9917574 ], [ 77.7135968, 12.9919187 ] ] } },
{ "type": "Feature", "properties": { "segment_id": "BLR_OMR_WHITEFIELD_114_1", "corridor_id": "OMR_WHITEFIELD", "corridor_name": "Old Madras Road / Whitefield Corridor", "road_name": "Hoodi Main Road / Kundalahalli Main Road", "road_type": "primary", "segment_length_m": 500.0, "start_lat": 12.989958, "start_lon": 77.713385, "end_lat": 12.987603, "end_lon": 77.709463, "lanes": 2.0, "lane_count_available": 1, "speed_limit_kph": 40.0, "speed_limit_available": 1, "street_lighting": "unverified", "street_lighting_verified": 0, "junction_count": 2, "junction_density_per_km": 4.0, "crossing_count": 0, "bus_stop_count": 0, "btp_station": "K.R. Puram Traffic  PS", "btp_station_clean_name": "K.R. Puram PS", "btp_overlap_ratio": 1.0, "btp_station_total_cases_2023": 254.0, "btp_station_fatal_cases_2023": 41.0, "btp_station_killed_people_2023": 42.0, "btp_station_nonfatal_cases_2023": 213.0, "btp_station_injuries_2023": 217.0, "btp_station_total_cases_2022": null, "btp_station_fatal_cases_2022": null, "btp_station_total_cases_2021": null, "btp_station_fatal_cases_2021": null }, "geometry": { "type": "LineString", "coordinates": [ [ 77.7133852, 12.989958 ], [ 77.7133673, 12.9899468 ], [ 77.7126775, 12.9895193 ], [ 77.7125543, 12.9894501 ], [ 77.7121788, 12.9892316 ], [ 77.7121214, 12.9892002 ], [ 77.7107784, 12.9884371 ], [ 77.7105044, 12.9882711 ], [ 77.7103813, 12.9882024 ], [ 77.710177, 12.9880847 ], [ 77.709947, 12.9879484 ], [ 77.7098564, 12.9879004 ], [ 77.709701, 12.9878033 ], [ 77.70958, 12.9877198 ], [ 77.709462696240792, 12.987602775320935 ] ] } },
{ "type": "Feature", "properties": { "segment_id": "BLR_OMR_WHITEFIELD_114_2", "corridor_id": "OMR_WHITEFIELD", "corridor_name": "Old Madras Road / Whitefield Corridor", "road_name": "Hoodi Main Road / Kundalahalli Main Road", "road_type": "primary", "segment_length_m": 325.02, "start_lat": 12.987603, "start_lon": 77.709463, "end_lat": 12.984939, "end_lon": 77.708328, "lanes": 2.0, "lane_count_available": 1, "speed_limit_kph": 40.0, "speed_limit_available": 1, "street_lighting": "unverified", "street_lighting_verified": 0, "junction_count": 2, "junction_density_per_km": 6.15, "crossing_count": 0, "bus_stop_count": 0, "btp_station": "K.R. Puram Traffic  PS", "btp_station_clean_name": "K.R. Puram PS", "btp_overlap_ratio": 1.0, "btp_station_total_cases_2023": 254.0, "btp_station_fatal_cases_2023": 41.0, "btp_station_killed_people_2023": 42.0, "btp_station_nonfatal_cases_2023": 213.0, "btp_station_injuries_2023": 217.0, "btp_station_total_cases_2022": null, "btp_station_fatal_cases_2022": null, "btp_station_total_cases_2021": null, "btp_station_fatal_cases_2021": null }, "geometry": { "type": "LineString", "coordinates": [ [ 77.709462696240792, 12.987602775320935 ], [ 77.7094539, 12.987594 ], [ 77.7094135, 12.987561 ], [ 77.7092708, 12.9873925 ], [ 77.7091689, 12.987258 ], [ 77.708869, 12.9867305 ], [ 77.7088127, 12.9866304 ], [ 77.7085861, 12.9860769 ], [ 77.7085645, 12.9860274 ], [ 77.7084805, 12.9857797 ], [ 77.7084331, 12.9855957 ], [ 77.7084101, 12.9854961 ], [ 77.7083951, 12.985418 ], [ 77.7083504, 12.9852014 ], [ 77.7083279, 12.9849388 ] ] } },
{ "type": "Feature", "properties": { "segment_id": "BLR_OMR_WHITEFIELD_115", "corridor_id": "OMR_WHITEFIELD", "corridor_name": "Old Madras Road / Whitefield Corridor", "road_name": "Hoodi Main Road / ITPL Main Road", "road_type": "primary", "segment_length_m": 240.77, "start_lat": 12.990025, "start_lon": 77.713342, "end_lat": 12.991919, "end_lon": 77.713597, "lanes": 2.0, "lane_count_available": 1, "speed_limit_kph": 40.0, "speed_limit_available": 1, "street_lighting": "unverified", "street_lighting_verified": 0, "junction_count": 2, "junction_density_per_km": 8.31, "crossing_count": 0, "bus_stop_count": 0, "btp_station": "K.R. Puram Traffic  PS", "btp_station_clean_name": "K.R. Puram PS", "btp_overlap_ratio": 1.0, "btp_station_total_cases_2023": 254.0, "btp_station_fatal_cases_2023": 41.0, "btp_station_killed_people_2023": 42.0, "btp_station_nonfatal_cases_2023": 213.0, "btp_station_injuries_2023": 217.0, "btp_station_total_cases_2022": null, "btp_station_fatal_cases_2022": null, "btp_station_total_cases_2021": null, "btp_station_fatal_cases_2021": null }, "geometry": { "type": "LineString", "coordinates": [ [ 77.7133424, 12.9900255 ], [ 77.7134023, 12.9900606 ], [ 77.7134804, 12.9901112 ], [ 77.7135586, 12.9901617 ], [ 77.7136643, 12.9902301 ], [ 77.7137069, 12.9902679 ], [ 77.713757, 12.9903216 ], [ 77.7138033, 12.9903966 ], [ 77.7138632, 12.9906553 ], [ 77.7138704, 12.9906802 ], [ 77.7138714, 12.990714 ], [ 77.7138772, 12.9908969 ], [ 77.7138658, 12.9912241 ], [ 77.7138279, 12.9914103 ], [ 77.7135968, 12.9919187 ] ] } },
{ "type": "Feature", "properties": { "segment_id": "BLR_OMR_WHITEFIELD_116_1", "corridor_id": "OMR_WHITEFIELD", "corridor_name": "Old Madras Road / Whitefield Corridor", "road_name": "Whitefield Road", "road_type": "primary", "segment_length_m": 500.0, "start_lat": 12.984439, "start_lon": 77.75025, "end_lat": 12.986016, "end_lon": 77.745935, "lanes": 2.0, "lane_count_available": 1, "speed_limit_kph": 40.0, "speed_limit_available": 1, "street_lighting": "unverified", "street_lighting_verified": 0, "junction_count": 2, "junction_density_per_km": 4.0, "crossing_count": 4, "bus_stop_count": 0, "btp_station": "Whitefield Traffic  PS", "btp_station_clean_name": "Whitefield PS", "btp_overlap_ratio": 1.0, "btp_station_total_cases_2023": 316.0, "btp_station_fatal_cases_2023": 54.0, "btp_station_killed_people_2023": 56.0, "btp_station_nonfatal_cases_2023": 262.0, "btp_station_injuries_2023": 235.0, "btp_station_total_cases_2022": null, "btp_station_fatal_cases_2022": null, "btp_station_total_cases_2021": null, "btp_station_fatal_cases_2021": null }, "geometry": { "type": "LineString", "coordinates": [ [ 77.7502501, 12.9844391 ], [ 77.7499938, 12.9845283 ], [ 77.7498983, 12.9845611 ], [ 77.7493725, 12.9847419 ], [ 77.7491311, 12.9848244 ], [ 77.7485567, 12.9850225 ], [ 77.7478788, 12.9852605 ], [ 77.7478516, 12.98527 ], [ 77.7477364, 12.9853149 ], [ 77.7462105, 12.9859149 ], [ 77.7459353874481, 12.98601580297818 ] ] } },
{ "type": "Feature", "properties": { "segment_id": "BLR_OMR_WHITEFIELD_116_2", "corridor_id": "OMR_WHITEFIELD", "corridor_name": "Old Madras Road / Whitefield Corridor", "road_name": "Whitefield Road", "road_type": "primary", "segment_length_m": 500.0, "start_lat": 12.986016, "start_lon": 77.745935, "end_lat": 12.987201, "end_lon": 77.741494, "lanes": 2.0, "lane_count_available": 1, "speed_limit_kph": 40.0, "speed_limit_available": 1, "street_lighting": "unverified", "street_lighting_verified": 0, "junction_count": 2, "junction_density_per_km": 4.0, "crossing_count": 2, "bus_stop_count": 0, "btp_station": "Whitefield Traffic  PS", "btp_station_clean_name": "Whitefield PS", "btp_overlap_ratio": 1.0, "btp_station_total_cases_2023": 316.0, "btp_station_fatal_cases_2023": 54.0, "btp_station_killed_people_2023": 56.0, "btp_station_nonfatal_cases_2023": 262.0, "btp_station_injuries_2023": 235.0, "btp_station_total_cases_2022": null, "btp_station_fatal_cases_2022": null, "btp_station_total_cases_2021": null, "btp_station_fatal_cases_2021": null }, "geometry": { "type": "LineString", "coordinates": [ [ 77.7459353874481, 12.98601580297818 ], [ 77.7458217, 12.9860575 ], [ 77.7455051, 12.9861645 ], [ 77.7452693, 12.986237 ], [ 77.7448394, 12.9863637 ], [ 77.7447877, 12.9863768 ], [ 77.7440306, 12.9865456 ], [ 77.7437505, 12.9866146 ], [ 77.7434704, 12.9866836 ], [ 77.7423395, 12.9869796 ], [ 77.7422696, 12.9869973 ], [ 77.7415311, 12.9871913 ], [ 77.74149382177626, 12.98720106103597 ] ] } },
{ "type": "Feature", "properties": { "segment_id": "BLR_OMR_WHITEFIELD_116_3", "corridor_id": "OMR_WHITEFIELD", "corridor_name": "Old Madras Road / Whitefield Corridor", "road_name": "Whitefield Road", "road_type": "primary", "segment_length_m": 500.0, "start_lat": 12.987201, "start_lon": 77.741494, "end_lat": 12.987531, "end_lon": 77.736932, "lanes": 2.0, "lane_count_available": 1, "speed_limit_kph": 40.0, "speed_limit_available": 1, "street_lighting": "unverified", "street_lighting_verified": 0, "junction_count": 2, "junction_density_per_km": 4.0, "crossing_count": 4, "bus_stop_count": 0, "btp_station": "Whitefield Traffic  PS", "btp_station_clean_name": "Whitefield PS", "btp_overlap_ratio": 1.0, "btp_station_total_cases_2023": 316.0, "btp_station_fatal_cases_2023": 54.0, "btp_station_killed_people_2023": 56.0, "btp_station_nonfatal_cases_2023": 262.0, "btp_station_injuries_2023": 235.0, "btp_station_total_cases_2022": null, "btp_station_fatal_cases_2022": null, "btp_station_total_cases_2021": null, "btp_station_fatal_cases_2021": null }, "geometry": { "type": "LineString", "coordinates": [ [ 77.74149382177626, 12.98720106103597 ], [ 77.7407436, 12.9873975 ], [ 77.740427, 12.9874765 ], [ 77.7402507, 12.9875138 ], [ 77.7401951, 12.9875255 ], [ 77.740088, 12.9875419 ], [ 77.7400668, 12.9875452 ], [ 77.7399836, 12.9875524 ], [ 77.7397746, 12.987556 ], [ 77.7393859, 12.9875626 ], [ 77.7393316, 12.9875622 ], [ 77.7387643, 12.9875579 ], [ 77.7372415, 12.9875291 ], [ 77.7371414, 12.9875318 ], [ 77.73693230988151, 12.987531077139097 ] ] } },
{ "type": "Feature", "properties": { "segment_id": "BLR_OMR_WHITEFIELD_116_4", "corridor_id": "OMR_WHITEFIELD", "corridor_name": "Old Madras Road / Whitefield Corridor", "road_name": "Whitefield Road", "road_type": "primary", "segment_length_m": 379.24, "start_lat": 12.987531, "start_lon": 77.736932, "end_lat": 12.987883, "end_lon": 77.733464, "lanes": 2.0, "lane_count_available": 1, "speed_limit_kph": 40.0, "speed_limit_available": 1, "street_lighting": "unverified", "street_lighting_verified": 0, "junction_count": 2, "junction_density_per_km": 5.27, "crossing_count": 4, "bus_stop_count": 0, "btp_station": "Whitefield Traffic  PS", "btp_station_clean_name": "Whitefield PS", "btp_overlap_ratio": 1.0, "btp_station_total_cases_2023": 316.0, "btp_station_fatal_cases_2023": 54.0, "btp_station_killed_people_2023": 56.0, "btp_station_nonfatal_cases_2023": 262.0, "btp_station_injuries_2023": 235.0, "btp_station_total_cases_2022": null, "btp_station_fatal_cases_2022": null, "btp_station_total_cases_2021": null, "btp_station_fatal_cases_2021": null }, "geometry": { "type": "LineString", "coordinates": [ [ 77.73693230988151, 12.987531077139097 ], [ 77.73691, 12.987531 ], [ 77.7367218, 12.9875323 ], [ 77.7367086, 12.987533 ], [ 77.7363371, 12.9875371 ], [ 77.7360756, 12.9875406 ], [ 77.7358868, 12.9875467 ], [ 77.7358223, 12.987553 ], [ 77.7353814, 12.9875961 ], [ 77.735164200000014, 12.9876262 ], [ 77.7337704, 12.9878417 ], [ 77.7337165, 12.9878501 ], [ 77.7334641, 12.9878833 ] ] } },
{ "type": "Feature", "properties": { "segment_id": "BLR_OMR_WHITEFIELD_118_1", "corridor_id": "OMR_WHITEFIELD", "corridor_name": "Old Madras Road / Whitefield Corridor", "road_name": "Hoodi Main Road / Hoodi Main Road Flyover", "road_type": "secondary_link", "segment_length_m": 500.0, "start_lat": 12.998885, "start_lon": 77.717163, "end_lat": 12.994734, "end_lon": 77.717917, "lanes": 2.0, "lane_count_available": 1, "speed_limit_kph": null, "speed_limit_available": 0, "street_lighting": "unverified", "street_lighting_verified": 0, "junction_count": 2, "junction_density_per_km": 4.0, "crossing_count": 0, "bus_stop_count": 0, "btp_station": "K.R. Puram Traffic  PS", "btp_station_clean_name": "K.R. Puram PS", "btp_overlap_ratio": 1.0, "btp_station_total_cases_2023": 254.0, "btp_station_fatal_cases_2023": 41.0, "btp_station_killed_people_2023": 42.0, "btp_station_nonfatal_cases_2023": 213.0, "btp_station_injuries_2023": 217.0, "btp_station_total_cases_2022": null, "btp_station_fatal_cases_2022": null, "btp_station_total_cases_2021": null, "btp_station_fatal_cases_2021": null }, "geometry": { "type": "LineString", "coordinates": [ [ 77.7171631, 12.9988846 ], [ 77.7172077, 12.9988919 ], [ 77.7172394, 12.9988972 ], [ 77.7172815, 12.9988911 ], [ 77.7173196, 12.9988812 ], [ 77.7173408, 12.9988641 ], [ 77.7173831, 12.9988247 ], [ 77.7174185, 12.998719 ], [ 77.7174102, 12.998519 ], [ 77.7173665, 12.9979316 ], [ 77.7173406, 12.9974971 ], [ 77.7173559, 12.997266 ], [ 77.7174185, 12.9970568 ], [ 77.717494, 12.9969189 ], [ 77.7176804, 12.9965568 ], [ 77.7178668, 12.9962625 ], [ 77.7179535, 12.9961169 ], [ 77.718006, 12.9960016 ], [ 77.7180253, 12.9958862 ], [ 77.7180348, 12.9957293 ], [ 77.7180332, 12.9954555 ], [ 77.7180331, 12.9952245 ], [ 77.7180217, 12.9950766 ], [ 77.7180001, 12.9949566 ], [ 77.7179691, 12.9948481 ], [ 77.717958, 12.9948095 ], [ 77.717937, 12.9947684 ], [ 77.717917148111596, 12.994733944815033 ] ] } },
{ "type": "Feature", "properties": { "segment_id": "BLR_OMR_WHITEFIELD_118_2", "corridor_id": "OMR_WHITEFIELD", "corridor_name": "Old Madras Road / Whitefield Corridor", "road_name": "Hoodi Main Road / Hoodi Main Road Flyover", "road_type": "secondary_link", "segment_length_m": 323.75, "start_lat": 12.994734, "start_lon": 77.717917, "end_lat": 12.9924, "end_lon": 77.716186, "lanes": 2.0, "lane_count_available": 1, "speed_limit_kph": null, "speed_limit_available": 0, "street_lighting": "unverified", "street_lighting_verified": 0, "junction_count": 2, "junction_density_per_km": 6.18, "crossing_count": 0, "bus_stop_count": 0, "btp_station": "K.R. Puram Traffic  PS", "btp_station_clean_name": "K.R. Puram PS", "btp_overlap_ratio": 1.0, "btp_station_total_cases_2023": 254.0, "btp_station_fatal_cases_2023": 41.0, "btp_station_killed_people_2023": 42.0, "btp_station_nonfatal_cases_2023": 213.0, "btp_station_injuries_2023": 217.0, "btp_station_total_cases_2022": null, "btp_station_fatal_cases_2022": null, "btp_station_total_cases_2021": null, "btp_station_fatal_cases_2021": null }, "geometry": { "type": "LineString", "coordinates": [ [ 77.717917148111596, 12.994733944815033 ], [ 77.7178084, 12.9945452 ], [ 77.7177312, 12.9943218 ], [ 77.7176327, 12.9940953 ], [ 77.7175329, 12.9939231 ], [ 77.7172806, 12.9935538 ], [ 77.717114, 12.9933406 ], [ 77.7167112, 12.9929086 ], [ 77.7164258, 12.9926104 ], [ 77.7162864, 12.9924741 ], [ 77.7162185, 12.9924077 ], [ 77.716185800000019, 12.9924003 ] ] } },
{ "type": "Feature", "properties": { "segment_id": "BLR_OMR_WHITEFIELD_119_1", "corridor_id": "OMR_WHITEFIELD", "corridor_name": "Old Madras Road / Whitefield Corridor", "road_name": "Swamy Vivekananda Road", "road_type": "primary", "segment_length_m": 500.0, "start_lat": 12.994213, "start_lon": 77.663509, "end_lat": 12.99225, "end_lon": 77.659362, "lanes": 3.0, "lane_count_available": 1, "speed_limit_kph": null, "speed_limit_available": 0, "street_lighting": "unverified", "street_lighting_verified": 0, "junction_count": 2, "junction_density_per_km": 4.0, "crossing_count": 0, "bus_stop_count": 0, "btp_station": "Jeevan Bheemanagar Traffic PS", "btp_station_clean_name": "Jeevan Bheemanagar PS", "btp_overlap_ratio": 1.0, "btp_station_total_cases_2023": 85.0, "btp_station_fatal_cases_2023": 12.0, "btp_station_killed_people_2023": 12.0, "btp_station_nonfatal_cases_2023": 73.0, "btp_station_injuries_2023": 62.0, "btp_station_total_cases_2022": 48.0, "btp_station_fatal_cases_2022": 13.0, "btp_station_total_cases_2021": 32.0, "btp_station_fatal_cases_2021": 5.0 }, "geometry": { "type": "LineString", "coordinates": [ [ 77.6635092, 12.9942131 ], [ 77.6628135, 12.9938818 ], [ 77.662596400000012, 12.9937949 ], [ 77.6624532, 12.9937376 ], [ 77.6622869, 12.9936521 ], [ 77.6618326, 12.9934398 ], [ 77.6610271, 12.9930334 ], [ 77.6603687, 12.992724 ], [ 77.6602101, 12.9926495 ], [ 77.660033, 12.9925629 ], [ 77.6596778, 12.9923992 ], [ 77.659362425485682, 12.992249970006707 ] ] } },
{ "type": "Feature", "properties": { "segment_id": "BLR_OMR_WHITEFIELD_119_2", "corridor_id": "OMR_WHITEFIELD", "corridor_name": "Old Madras Road / Whitefield Corridor", "road_name": "Swamy Vivekananda Road", "road_type": "primary", "segment_length_m": 500.0, "start_lat": 12.99225, "start_lon": 77.659362, "end_lat": 12.990223, "end_lon": 77.655247, "lanes": 3.0, "lane_count_available": 1, "speed_limit_kph": null, "speed_limit_available": 0, "street_lighting": "unverified", "street_lighting_verified": 0, "junction_count": 2, "junction_density_per_km": 4.0, "crossing_count": 4, "bus_stop_count": 0, "btp_station": "Jeevan Bheemanagar Traffic PS", "btp_station_clean_name": "Jeevan Bheemanagar PS", "btp_overlap_ratio": 1.0, "btp_station_total_cases_2023": 85.0, "btp_station_fatal_cases_2023": 12.0, "btp_station_killed_people_2023": 12.0, "btp_station_nonfatal_cases_2023": 73.0, "btp_station_injuries_2023": 62.0, "btp_station_total_cases_2022": 48.0, "btp_station_fatal_cases_2022": 13.0, "btp_station_total_cases_2021": 32.0, "btp_station_fatal_cases_2021": 5.0 }, "geometry": { "type": "LineString", "coordinates": [ [ 77.659362425485682, 12.992249970006707 ], [ 77.6592993, 12.9922201 ], [ 77.6592716, 12.9922039 ], [ 77.6590418, 12.9920868 ], [ 77.6587465, 12.9919475 ], [ 77.6578182, 12.9914874 ], [ 77.6573283, 12.9912525 ], [ 77.6572637, 12.9912215 ], [ 77.6571505, 12.9911672 ], [ 77.656962800000017, 12.9910723 ], [ 77.6558819, 12.9905256 ], [ 77.655246936243415, 12.990222693316232 ] ] } },
{ "type": "Feature", "properties": { "segment_id": "BLR_OMR_WHITEFIELD_119_3", "corridor_id": "OMR_WHITEFIELD", "corridor_name": "Old Madras Road / Whitefield Corridor", "road_name": "Swamy Vivekananda Road", "road_type": "primary", "segment_length_m": 500.0, "start_lat": 12.990223, "start_lon": 77.655247, "end_lat": 12.988285, "end_lon": 77.651087, "lanes": 3.0, "lane_count_available": 1, "speed_limit_kph": null, "speed_limit_available": 0, "street_lighting": "unverified", "street_lighting_verified": 0, "junction_count": 2, "junction_density_per_km": 4.0, "crossing_count": 0, "bus_stop_count": 0, "btp_station": "Jeevan Bheemanagar Traffic PS", "btp_station_clean_name": "Jeevan Bheemanagar PS", "btp_overlap_ratio": 1.0, "btp_station_total_cases_2023": 85.0, "btp_station_fatal_cases_2023": 12.0, "btp_station_killed_people_2023": 12.0, "btp_station_nonfatal_cases_2023": 73.0, "btp_station_injuries_2023": 62.0, "btp_station_total_cases_2022": 48.0, "btp_station_fatal_cases_2022": 13.0, "btp_station_total_cases_2021": 32.0, "btp_station_fatal_cases_2021": 5.0 }, "geometry": { "type": "LineString", "coordinates": [ [ 77.655246936243415, 12.990222693316232 ], [ 77.6549474, 12.9900798 ], [ 77.6547867, 12.9899972 ], [ 77.651086637386314, 12.988284985881146 ] ] } },
{ "type": "Feature", "properties": { "segment_id": "BLR_OMR_WHITEFIELD_119_4", "corridor_id": "OMR_WHITEFIELD", "corridor_name": "Old Madras Road / Whitefield Corridor", "road_name": "Swamy Vivekananda Road", "road_type": "primary", "segment_length_m": 361.24, "start_lat": 12.988285, "start_lon": 77.651087, "end_lat": 12.986925, "end_lon": 77.648063, "lanes": 3.0, "lane_count_available": 1, "speed_limit_kph": null, "speed_limit_available": 0, "street_lighting": "unverified", "street_lighting_verified": 0, "junction_count": 2, "junction_density_per_km": 5.54, "crossing_count": 2, "bus_stop_count": 0, "btp_station": "Jeevan Bheemanagar Traffic PS", "btp_station_clean_name": "Jeevan Bheemanagar PS", "btp_overlap_ratio": 1.0, "btp_station_total_cases_2023": 85.0, "btp_station_fatal_cases_2023": 12.0, "btp_station_killed_people_2023": 12.0, "btp_station_nonfatal_cases_2023": 73.0, "btp_station_injuries_2023": 62.0, "btp_station_total_cases_2022": 48.0, "btp_station_fatal_cases_2022": 13.0, "btp_station_total_cases_2021": 32.0, "btp_station_fatal_cases_2021": 5.0 }, "geometry": { "type": "LineString", "coordinates": [ [ 77.651086637386314, 12.988284985881146 ], [ 77.6510683, 12.9882765 ], [ 77.6499401, 12.9877568 ], [ 77.6485228, 12.9871119 ], [ 77.6483915, 12.9870619 ], [ 77.6482744, 12.9870139 ], [ 77.6480625, 12.9869246 ] ] } },
{ "type": "Feature", "properties": { "segment_id": "BLR_OMR_WHITEFIELD_123", "corridor_id": "OMR_WHITEFIELD", "corridor_name": "Old Madras Road / Whitefield Corridor", "road_name": "Swamy Vivekananda Road", "road_type": "primary", "segment_length_m": 510.88, "start_lat": 12.984151, "start_lon": 77.640595, "end_lat": 12.985788, "end_lon": 77.644994, "lanes": 2.0, "lane_count_available": 1, "speed_limit_kph": null, "speed_limit_available": 0, "street_lighting": "unverified", "street_lighting_verified": 0, "junction_count": 2, "junction_density_per_km": 3.91, "crossing_count": 4, "bus_stop_count": 0, "btp_station": "Jeevan Bheemanagar Traffic PS", "btp_station_clean_name": "Jeevan Bheemanagar PS", "btp_overlap_ratio": 0.593, "btp_station_total_cases_2023": 85.0, "btp_station_fatal_cases_2023": 12.0, "btp_station_killed_people_2023": 12.0, "btp_station_nonfatal_cases_2023": 73.0, "btp_station_injuries_2023": 62.0, "btp_station_total_cases_2022": 48.0, "btp_station_fatal_cases_2022": 13.0, "btp_station_total_cases_2021": 32.0, "btp_station_fatal_cases_2021": 5.0 }, "geometry": { "type": "LineString", "coordinates": [ [ 77.6405953, 12.9841506 ], [ 77.6424483, 12.9848087 ], [ 77.6424652, 12.9848148 ], [ 77.6431664, 12.9850895 ], [ 77.6441129, 12.9854658 ], [ 77.6445764, 12.9856307 ], [ 77.6449358, 12.9857661 ], [ 77.6449495, 12.9857713 ], [ 77.6449944, 12.9857882 ] ] } },
{ "type": "Feature", "properties": { "segment_id": "BLR_OMR_WHITEFIELD_125", "corridor_id": "OMR_WHITEFIELD", "corridor_name": "Old Madras Road / Whitefield Corridor", "road_name": "Varthuru Road / Varthur Road", "road_type": "primary", "segment_length_m": 208.44, "start_lat": 12.95573, "start_lon": 77.718427, "end_lat": 12.955742, "end_lon": 77.716508, "lanes": 2.0, "lane_count_available": 1, "speed_limit_kph": null, "speed_limit_available": 0, "street_lighting": "unverified", "street_lighting_verified": 0, "junction_count": 2, "junction_density_per_km": 9.6, "crossing_count": 2, "bus_stop_count": 0, "btp_station": "Whitefield Traffic  PS", "btp_station_clean_name": "Whitefield PS", "btp_overlap_ratio": 1.0, "btp_station_total_cases_2023": 316.0, "btp_station_fatal_cases_2023": 54.0, "btp_station_killed_people_2023": 56.0, "btp_station_nonfatal_cases_2023": 262.0, "btp_station_injuries_2023": 235.0, "btp_station_total_cases_2022": null, "btp_station_fatal_cases_2022": null, "btp_station_total_cases_2021": null, "btp_station_fatal_cases_2021": null }, "geometry": { "type": "LineString", "coordinates": [ [ 77.7184271, 12.95573 ], [ 77.7177886, 12.9557309 ], [ 77.717315, 12.9557329 ], [ 77.7171814, 12.9557324 ], [ 77.717095, 12.9557321 ], [ 77.7170386, 12.9557319 ], [ 77.7169499, 12.9557328 ], [ 77.7167194, 12.955739 ], [ 77.7165191, 12.9557428 ], [ 77.7165076, 12.9557416 ] ] } },
{ "type": "Feature", "properties": { "segment_id": "BLR_OMR_WHITEFIELD_126", "corridor_id": "OMR_WHITEFIELD", "corridor_name": "Old Madras Road / Whitefield Corridor", "road_name": "Varthur Road", "road_type": "primary", "segment_length_m": 550.26, "start_lat": 12.955811, "start_lon": 77.718426, "end_lat": 12.955908, "end_lon": 77.723493, "lanes": 2.0, "lane_count_available": 1, "speed_limit_kph": null, "speed_limit_available": 0, "street_lighting": "unverified", "street_lighting_verified": 0, "junction_count": 2, "junction_density_per_km": 3.63, "crossing_count": 6, "bus_stop_count": 0, "btp_station": "Whitefield Traffic  PS", "btp_station_clean_name": "Whitefield PS", "btp_overlap_ratio": 1.0, "btp_station_total_cases_2023": 316.0, "btp_station_fatal_cases_2023": 54.0, "btp_station_killed_people_2023": 56.0, "btp_station_nonfatal_cases_2023": 262.0, "btp_station_injuries_2023": 235.0, "btp_station_total_cases_2022": null, "btp_station_fatal_cases_2022": null, "btp_station_total_cases_2021": null, "btp_station_fatal_cases_2021": null }, "geometry": { "type": "LineString", "coordinates": [ [ 77.7184264, 12.9558107 ], [ 77.7184563, 12.9558107 ], [ 77.7187006, 12.9558171 ], [ 77.7188087, 12.955819 ], [ 77.7194051, 12.9558251 ], [ 77.7200413, 12.9558355 ], [ 77.7204905, 12.9558482 ], [ 77.7208829, 12.9558597 ], [ 77.7209285, 12.9558597 ], [ 77.7210178, 12.9558605 ], [ 77.721144, 12.9558616 ], [ 77.7211953, 12.9558632 ], [ 77.7214733, 12.9558655 ], [ 77.7216044, 12.9558666 ], [ 77.7218424, 12.955869 ], [ 77.7222354, 12.9558731 ], [ 77.7229162, 12.9558863 ], [ 77.7230921, 12.9558918 ], [ 77.7233931, 12.955904 ], [ 77.7234931, 12.9559079 ] ] } },
{ "type": "Feature", "properties": { "segment_id": "BLR_OMR_WHITEFIELD_128", "corridor_id": "OMR_WHITEFIELD", "corridor_name": "Old Madras Road / Whitefield Corridor", "road_name": "Varthur Road", "road_type": "primary_link", "segment_length_m": 138.08, "start_lat": 12.955799, "start_lon": 77.714662, "end_lat": 12.955946, "end_lon": 77.713405, "lanes": 2.0, "lane_count_available": 1, "speed_limit_kph": null, "speed_limit_available": 0, "street_lighting": "unverified", "street_lighting_verified": 0, "junction_count": 2, "junction_density_per_km": 14.48, "crossing_count": 2, "bus_stop_count": 0, "btp_station": "H.A.L Airport Traffic PS", "btp_station_clean_name": "H.A.L. PS", "btp_overlap_ratio": 1.0, "btp_station_total_cases_2023": 97.0, "btp_station_fatal_cases_2023": 17.0, "btp_station_killed_people_2023": 17.0, "btp_station_nonfatal_cases_2023": 80.0, "btp_station_injuries_2023": 80.0, "btp_station_total_cases_2022": 83.0, "btp_station_fatal_cases_2022": 18.0, "btp_station_total_cases_2021": 143.0, "btp_station_fatal_cases_2021": 34.0 }, "geometry": { "type": "LineString", "coordinates": [ [ 77.7146623, 12.9557989 ], [ 77.7145855, 12.9558036 ], [ 77.7143951, 12.9558183 ], [ 77.7142682, 12.9558281 ], [ 77.7140931, 12.9558416 ], [ 77.7139585, 12.955852 ], [ 77.7136001, 12.9558797 ], [ 77.7134051, 12.9559459 ] ] } }
]
}
