{
"type": "FeatureCollection",
"name": "bengaluru_pois",
"crs": { "type": "name", "properties": { "name": "urn:ogc:def:crs:OGC:1.3:CRS84" } },
"features": [
{ "type": "Feature", "properties": { "osm_id": 251142704, "highway": "crossing", "name": "" }, "geometry": { "type": "Point", "coordinates": [ 77.693692, 12.9961503 ] } },
{ "type": "Feature", "properties": { "osm_id": 298775237, "highway": "crossing", "name": "" }, "geometry": { "type": "Point", "coordinates": [ 77.6404502, 12.9609125 ] } },
{ "type": "Feature", "properties": { "osm_id": 343670377, "highway": "crossing", "name": "" }, "geometry": { "type": "Point", "coordinates": [ 77.6766034, 13.0004202 ] } },
{ "type": "Feature", "properties": { "osm_id": 442438284, "highway": "bus_stop", "name": "Koshys Hospitals" }, "geometry": { "type": "Point", "coordinates": [ 77.6759774, 13.020547 ] } },
{ "type": "Feature", "properties": { "osm_id": 442438292, "highway": "bus_stop", "name": "Muneshwara Layout" }, "geometry": { "type": "Point", "coordinates": [ 77.6718331, 13.0182036 ] } },
{ "type": "Feature", "properties": { "osm_id": 443241270, "highway": "bus_stop", "name": "Chikka Banasawadi" }, "geometry": { "type": "Point", "coordinates": [ 77.6455841, 13.0064054 ] } },
{ "type": "Feature", "properties": { "osm_id": 569884933, "highway": "bus_stop", "name": "Gayatri Layout" }, "geometry": { "type": "Point", "coordinates": [ 77.7095983, 13.0140546 ] } },
{ "type": "Feature", "properties": { "osm_id": 955696079, "highway": "crossing", "name": "" }, "geometry": { "type": "Point", "coordinates": [ 77.7367194, 12.9876589 ] } },
{ "type": "Feature", "properties": { "osm_id": 964834530, "highway": "crossing", "name": "" }, "geometry": { "type": "Point", "coordinates": [ 77.7027916, 12.9936163 ] } },
{ "type": "Feature", "properties": { "osm_id": 964834534, "highway": "crossing", "name": "" }, "geometry": { "type": "Point", "coordinates": [ 77.7028203, 12.9937104 ] } },
{ "type": "Feature", "properties": { "osm_id": 1382502186, "highway": "crossing", "name": "" }, "geometry": { "type": "Point", "coordinates": [ 77.7184361, 12.9653711 ] } },
{ "type": "Feature", "properties": { "osm_id": 1404460921, "highway": "crossing", "name": "" }, "geometry": { "type": "Point", "coordinates": [ 77.6409112, 12.9785028 ] } },
{ "type": "Feature", "properties": { "osm_id": 1488405363, "highway": "bus_stop", "name": "Indira Nagar Double Road" }, "geometry": { "type": "Point", "coordinates": [ 77.6369094, 12.9782961 ] } },
{ "type": "Feature", "properties": { "osm_id": 1523569752, "highway": "crossing", "name": "" }, "geometry": { "type": "Point", "coordinates": [ 77.7271205, 12.9766436 ] } },
{ "type": "Feature", "properties": { "osm_id": 1573975041, "highway": "bus_stop", "name": "Garudachar Palya" }, "geometry": { "type": "Point", "coordinates": [ 77.7017553, 12.9938939 ] } },
{ "type": "Feature", "properties": { "osm_id": 2473237970, "highway": "bus_stop", "name": "Ayyappa Temple" }, "geometry": { "type": "Point", "coordinates": [ 77.640842, 13.0060438 ] } },
{ "type": "Feature", "properties": { "osm_id": 2473241048, "highway": "bus_stop", "name": "Ayyappa Bakery" }, "geometry": { "type": "Point", "coordinates": [ 77.6479074, 13.0062388 ] } },
{ "type": "Feature", "properties": { "osm_id": 2473280543, "highway": "bus_stop", "name": "Devasandra" }, "geometry": { "type": "Point", "coordinates": [ 77.7002059, 13.0061898 ] } },
{ "type": "Feature", "properties": { "osm_id": 2473283562, "highway": "bus_stop", "name": "Ayyappa Nagara" }, "geometry": { "type": "Point", "coordinates": [ 77.7099467, 13.0042884 ] } },
{ "type": "Feature", "properties": { "osm_id": 2473294117, "highway": "bus_stop", "name": "Akshaya Nagara" }, "geometry": { "type": "Point", "coordinates": [ 77.6839896, 13.0206774 ] } },
{ "type": "Feature", "properties": { "osm_id": 2474969289, "highway": "bus_stop", "name": "Raghavendra Circle" }, "geometry": { "type": "Point", "coordinates": [ 77.6744514, 13.0199614 ] } },
{ "type": "Feature", "properties": { "osm_id": 2474972481, "highway": "bus_stop", "name": "Koudenahalli Cross" }, "geometry": { "type": "Point", "coordinates": [ 77.6791051, 13.0212554 ] } },
{ "type": "Feature", "properties": { "osm_id": 2475364074, "highway": "bus_stop", "name": "Kullappa Circle" }, "geometry": { "type": "Point", "coordinates": [ 77.6394237, 13.0140537 ] } },
{ "type": "Feature", "properties": { "osm_id": 2481241859, "highway": "bus_stop", "name": "Sai Garden" }, "geometry": { "type": "Point", "coordinates": [ 77.7594874, 13.010372 ] } },
{ "type": "Feature", "properties": { "osm_id": 3370456531, "highway": "crossing", "name": "" }, "geometry": { "type": "Point", "coordinates": [ 77.6451649, 12.9855854 ] } },
{ "type": "Feature", "properties": { "osm_id": 3370456532, "highway": "crossing", "name": "" }, "geometry": { "type": "Point", "coordinates": [ 77.6450923, 12.9855643 ] } },
{ "type": "Feature", "properties": { "osm_id": 4159727916, "highway": "crossing", "name": "" }, "geometry": { "type": "Point", "coordinates": [ 77.7141563, 12.967664 ] } },
{ "type": "Feature", "properties": { "osm_id": 6342124093, "highway": "crossing", "name": "" }, "geometry": { "type": "Point", "coordinates": [ 77.7016515, 12.9682077 ] } },
{ "type": "Feature", "properties": { "osm_id": 6746625200, "highway": "crossing", "name": "" }, "geometry": { "type": "Point", "coordinates": [ 77.6433945, 12.9605696 ] } },
{ "type": "Feature", "properties": { "osm_id": 6904198299, "highway": "bus_stop", "name": "Baldwin School" }, "geometry": { "type": "Point", "coordinates": [ 77.6573666, 13.0146175 ] } },
{ "type": "Feature", "properties": { "osm_id": 9797797925, "highway": "crossing", "name": "" }, "geometry": { "type": "Point", "coordinates": [ 77.6525467, 12.9916681 ] } },
{ "type": "Feature", "properties": { "osm_id": 9841504941, "highway": "crossing", "name": "" }, "geometry": { "type": "Point", "coordinates": [ 77.7337704, 12.9878417 ] } },
{ "type": "Feature", "properties": { "osm_id": 9862492315, "highway": "crossing", "name": "" }, "geometry": { "type": "Point", "coordinates": [ 77.7001422, 12.9525037 ] } },
{ "type": "Feature", "properties": { "osm_id": 9864119142, "highway": "crossing", "name": "" }, "geometry": { "type": "Point", "coordinates": [ 77.7170386, 12.9557319 ] } },
{ "type": "Feature", "properties": { "osm_id": 9876725420, "highway": "crossing", "name": "" }, "geometry": { "type": "Point", "coordinates": [ 77.7208829, 12.9558597 ] } },
{ "type": "Feature", "properties": { "osm_id": 9876725421, "highway": "crossing", "name": "" }, "geometry": { "type": "Point", "coordinates": [ 77.7208875, 12.9557807 ] } },
{ "type": "Feature", "properties": { "osm_id": 9884967521, "highway": "crossing", "name": "" }, "geometry": { "type": "Point", "coordinates": [ 77.7211451, 12.9557885 ] } },
{ "type": "Feature", "properties": { "osm_id": 9884967522, "highway": "crossing", "name": "" }, "geometry": { "type": "Point", "coordinates": [ 77.721144, 12.9558616 ] } },
{ "type": "Feature", "properties": { "osm_id": 9937521032, "highway": "crossing", "name": "" }, "geometry": { "type": "Point", "coordinates": [ 77.7316662, 12.9880098 ] } },
{ "type": "Feature", "properties": { "osm_id": 9937521036, "highway": "crossing", "name": "" }, "geometry": { "type": "Point", "coordinates": [ 77.7315951, 12.9882522 ] } },
{ "type": "Feature", "properties": { "osm_id": 9937521037, "highway": "crossing", "name": "" }, "geometry": { "type": "Point", "coordinates": [ 77.7315836, 12.9881731 ] } },
{ "type": "Feature", "properties": { "osm_id": 9951192662, "highway": "crossing", "name": "" }, "geometry": { "type": "Point", "coordinates": [ 77.7118312, 12.9722339 ] } },
{ "type": "Feature", "properties": { "osm_id": 9951192663, "highway": "crossing", "name": "" }, "geometry": { "type": "Point", "coordinates": [ 77.7117292, 12.9722022 ] } },
{ "type": "Feature", "properties": { "osm_id": 9953892407, "highway": "crossing", "name": "" }, "geometry": { "type": "Point", "coordinates": [ 77.7235193, 12.9558247 ] } },
{ "type": "Feature", "properties": { "osm_id": 9953892408, "highway": "crossing", "name": "" }, "geometry": { "type": "Point", "coordinates": [ 77.7235191, 12.9559098 ] } },
{ "type": "Feature", "properties": { "osm_id": 9981143421, "highway": "crossing", "name": "" }, "geometry": { "type": "Point", "coordinates": [ 77.7272731, 12.9766355 ] } },
{ "type": "Feature", "properties": { "osm_id": 9981143423, "highway": "crossing", "name": "" }, "geometry": { "type": "Point", "coordinates": [ 77.727033, 12.9764528 ] } },
{ "type": "Feature", "properties": { "osm_id": 9981143424, "highway": "crossing", "name": "" }, "geometry": { "type": "Point", "coordinates": [ 77.7270452, 12.9765858 ] } },
{ "type": "Feature", "properties": { "osm_id": 9981143438, "highway": "crossing", "name": "" }, "geometry": { "type": "Point", "coordinates": [ 77.7269893, 12.9766807 ] } },
{ "type": "Feature", "properties": { "osm_id": 10045742299, "highway": "crossing", "name": "" }, "geometry": { "type": "Point", "coordinates": [ 77.7150265, 12.9560123 ] } },
{ "type": "Feature", "properties": { "osm_id": 10045742302, "highway": "crossing", "name": "" }, "geometry": { "type": "Point", "coordinates": [ 77.7150065, 12.9557717 ] } },
{ "type": "Feature", "properties": { "osm_id": 10045742304, "highway": "crossing", "name": "" }, "geometry": { "type": "Point", "coordinates": [ 77.7146036, 12.956042 ] } },
{ "type": "Feature", "properties": { "osm_id": 10045742307, "highway": "crossing", "name": "" }, "geometry": { "type": "Point", "coordinates": [ 77.7145855, 12.9558036 ] } },
{ "type": "Feature", "properties": { "osm_id": 10051271538, "highway": "crossing", "name": "" }, "geometry": { "type": "Point", "coordinates": [ 77.7360346, 12.9569816 ] } },
{ "type": "Feature", "properties": { "osm_id": 10051271539, "highway": "crossing", "name": "" }, "geometry": { "type": "Point", "coordinates": [ 77.7360469, 12.9569069 ] } },
{ "type": "Feature", "properties": { "osm_id": 10051271568, "highway": "crossing", "name": "" }, "geometry": { "type": "Point", "coordinates": [ 77.7309308, 12.9562024 ] } },
{ "type": "Feature", "properties": { "osm_id": 10051271569, "highway": "crossing", "name": "" }, "geometry": { "type": "Point", "coordinates": [ 77.7309295, 12.9561277 ] } },
{ "type": "Feature", "properties": { "osm_id": 10067234342, "highway": "crossing", "name": "" }, "geometry": { "type": "Point", "coordinates": [ 77.701542, 12.9681628 ] } },
{ "type": "Feature", "properties": { "osm_id": 10068631836, "highway": "crossing", "name": "" }, "geometry": { "type": "Point", "coordinates": [ 77.6877992, 12.9551505 ] } },
{ "type": "Feature", "properties": { "osm_id": 10068631837, "highway": "crossing", "name": "" }, "geometry": { "type": "Point", "coordinates": [ 77.6878136, 12.9550716 ] } },
{ "type": "Feature", "properties": { "osm_id": 10068631839, "highway": "crossing", "name": "" }, "geometry": { "type": "Point", "coordinates": [ 77.6717341, 12.9578695 ] } },
{ "type": "Feature", "properties": { "osm_id": 10068657831, "highway": "crossing", "name": "" }, "geometry": { "type": "Point", "coordinates": [ 77.714835, 12.956154 ] } },
{ "type": "Feature", "properties": { "osm_id": 10068657832, "highway": "crossing", "name": "" }, "geometry": { "type": "Point", "coordinates": [ 77.7149247, 12.9561378 ] } },
{ "type": "Feature", "properties": { "osm_id": 10068685440, "highway": "crossing", "name": "" }, "geometry": { "type": "Point", "coordinates": [ 77.641766, 12.9602817 ] } },
{ "type": "Feature", "properties": { "osm_id": 10079035457, "highway": "crossing", "name": "" }, "geometry": { "type": "Point", "coordinates": [ 77.6962825, 12.9953741 ] } },
{ "type": "Feature", "properties": { "osm_id": 10079035488, "highway": "crossing", "name": "" }, "geometry": { "type": "Point", "coordinates": [ 77.7337851, 12.987949 ] } },
{ "type": "Feature", "properties": { "osm_id": 10213384366, "highway": "crossing", "name": "" }, "geometry": { "type": "Point", "coordinates": [ 77.7189598, 12.9771762 ] } },
{ "type": "Feature", "properties": { "osm_id": 10213384367, "highway": "crossing", "name": "" }, "geometry": { "type": "Point", "coordinates": [ 77.718972, 12.9772958 ] } },
{ "type": "Feature", "properties": { "osm_id": 10213384370, "highway": "crossing", "name": "" }, "geometry": { "type": "Point", "coordinates": [ 77.7192501, 12.9771336 ] } },
{ "type": "Feature", "properties": { "osm_id": 10213384371, "highway": "crossing", "name": "" }, "geometry": { "type": "Point", "coordinates": [ 77.7192664, 12.9772893 ] } },
{ "type": "Feature", "properties": { "osm_id": 10213384375, "highway": "crossing", "name": "" }, "geometry": { "type": "Point", "coordinates": [ 77.721559, 12.9769239 ] } },
{ "type": "Feature", "properties": { "osm_id": 10213384376, "highway": "crossing", "name": "" }, "geometry": { "type": "Point", "coordinates": [ 77.7215724, 12.9770602 ] } },
{ "type": "Feature", "properties": { "osm_id": 10213384379, "highway": "crossing", "name": "" }, "geometry": { "type": "Point", "coordinates": [ 77.7262949, 12.9764963 ] } },
{ "type": "Feature", "properties": { "osm_id": 10213384380, "highway": "crossing", "name": "" }, "geometry": { "type": "Point", "coordinates": [ 77.7263032, 12.9766163 ] } },
{ "type": "Feature", "properties": { "osm_id": 10213384383, "highway": "crossing", "name": "" }, "geometry": { "type": "Point", "coordinates": [ 77.7266272, 12.9764698 ] } },
{ "type": "Feature", "properties": { "osm_id": 10213384384, "highway": "crossing", "name": "" }, "geometry": { "type": "Point", "coordinates": [ 77.7266312, 12.9766172 ] } },
{ "type": "Feature", "properties": { "osm_id": 10271648913, "highway": "crossing", "name": "" }, "geometry": { "type": "Point", "coordinates": [ 77.698534, 13.0115867 ] } },
{ "type": "Feature", "properties": { "osm_id": 10271648914, "highway": "crossing", "name": "" }, "geometry": { "type": "Point", "coordinates": [ 77.6986775, 13.0114903 ] } },
{ "type": "Feature", "properties": { "osm_id": 10271670476, "highway": "crossing", "name": "" }, "geometry": { "type": "Point", "coordinates": [ 77.6995457, 13.0132084 ] } },
{ "type": "Feature", "properties": { "osm_id": 10271670477, "highway": "crossing", "name": "" }, "geometry": { "type": "Point", "coordinates": [ 77.6997233, 13.0131284 ] } },
{ "type": "Feature", "properties": { "osm_id": 10271670480, "highway": "crossing", "name": "" }, "geometry": { "type": "Point", "coordinates": [ 77.699657, 13.0134011 ] } },
{ "type": "Feature", "properties": { "osm_id": 10271670481, "highway": "crossing", "name": "" }, "geometry": { "type": "Point", "coordinates": [ 77.6998241, 13.0133116 ] } },
{ "type": "Feature", "properties": { "osm_id": 10284858564, "highway": "crossing", "name": "" }, "geometry": { "type": "Point", "coordinates": [ 77.7397673, 12.9569733 ] } },
{ "type": "Feature", "properties": { "osm_id": 10284858565, "highway": "crossing", "name": "" }, "geometry": { "type": "Point", "coordinates": [ 77.7397659, 12.957038 ] } },
{ "type": "Feature", "properties": { "osm_id": 10284858568, "highway": "crossing", "name": "" }, "geometry": { "type": "Point", "coordinates": [ 77.7399276, 12.9569701 ] } },
{ "type": "Feature", "properties": { "osm_id": 10284858569, "highway": "crossing", "name": "" }, "geometry": { "type": "Point", "coordinates": [ 77.7399268, 12.9570389 ] } },
{ "type": "Feature", "properties": { "osm_id": 10284903185, "highway": "crossing", "name": "" }, "geometry": { "type": "Point", "coordinates": [ 77.6962698, 12.9952762 ] } },
{ "type": "Feature", "properties": { "osm_id": 10307994438, "highway": "crossing", "name": "" }, "geometry": { "type": "Point", "coordinates": [ 77.7509291, 12.9762206 ] } },
{ "type": "Feature", "properties": { "osm_id": 10307994439, "highway": "crossing", "name": "" }, "geometry": { "type": "Point", "coordinates": [ 77.7508488, 12.9762331 ] } },
{ "type": "Feature", "properties": { "osm_id": 10540073654, "highway": "crossing", "name": "" }, "geometry": { "type": "Point", "coordinates": [ 77.71704, 12.9558047 ] } },
{ "type": "Feature", "properties": { "osm_id": 10574674456, "highway": "crossing", "name": "" }, "geometry": { "type": "Point", "coordinates": [ 77.7320638, 12.9867693 ] } },
{ "type": "Feature", "properties": { "osm_id": 10578212630, "highway": "crossing", "name": "" }, "geometry": { "type": "Point", "coordinates": [ 77.7320112, 12.9868268 ] } },
{ "type": "Feature", "properties": { "osm_id": 10578212632, "highway": "crossing", "name": "" }, "geometry": { "type": "Point", "coordinates": [ 77.7273017, 12.9800776 ] } },
{ "type": "Feature", "properties": { "osm_id": 10651190568, "highway": "crossing", "name": "" }, "geometry": { "type": "Point", "coordinates": [ 77.711649, 12.9780428 ] } },
{ "type": "Feature", "properties": { "osm_id": 10651190569, "highway": "crossing", "name": "" }, "geometry": { "type": "Point", "coordinates": [ 77.7116588, 12.9781234 ] } },
{ "type": "Feature", "properties": { "osm_id": 10651190588, "highway": "crossing", "name": "" }, "geometry": { "type": "Point", "coordinates": [ 77.7183007, 12.9772379 ] } },
{ "type": "Feature", "properties": { "osm_id": 10651190589, "highway": "crossing", "name": "" }, "geometry": { "type": "Point", "coordinates": [ 77.7183043, 12.9773218 ] } },
{ "type": "Feature", "properties": { "osm_id": 10651299047, "highway": "crossing", "name": "" }, "geometry": { "type": "Point", "coordinates": [ 77.7230886, 12.9767819 ] } },
{ "type": "Feature", "properties": { "osm_id": 10651299048, "highway": "crossing", "name": "" }, "geometry": { "type": "Point", "coordinates": [ 77.7230936, 12.9768983 ] } },
{ "type": "Feature", "properties": { "osm_id": 10676255293, "highway": "crossing", "name": "" }, "geometry": { "type": "Point", "coordinates": [ 77.682291, 12.9544984 ] } },
{ "type": "Feature", "properties": { "osm_id": 10676255294, "highway": "crossing", "name": "" }, "geometry": { "type": "Point", "coordinates": [ 77.6822831, 12.9545788 ] } },
{ "type": "Feature", "properties": { "osm_id": 10676255302, "highway": "crossing", "name": "" }, "geometry": { "type": "Point", "coordinates": [ 77.679764, 12.9545691 ] } },
{ "type": "Feature", "properties": { "osm_id": 10676255303, "highway": "crossing", "name": "" }, "geometry": { "type": "Point", "coordinates": [ 77.6797891, 12.9546335 ] } },
{ "type": "Feature", "properties": { "osm_id": 10676255304, "highway": "crossing", "name": "" }, "geometry": { "type": "Point", "coordinates": [ 77.6717391, 12.9579391 ] } },
{ "type": "Feature", "properties": { "osm_id": 10676264311, "highway": "crossing", "name": "" }, "geometry": { "type": "Point", "coordinates": [ 77.6282467, 12.9623407 ] } },
{ "type": "Feature", "properties": { "osm_id": 10676264312, "highway": "crossing", "name": "" }, "geometry": { "type": "Point", "coordinates": [ 77.6282631, 12.9624091 ] } },
{ "type": "Feature", "properties": { "osm_id": 10676264317, "highway": "crossing", "name": "" }, "geometry": { "type": "Point", "coordinates": [ 77.6250737, 12.9660293 ] } },
{ "type": "Feature", "properties": { "osm_id": 10676264318, "highway": "crossing", "name": "" }, "geometry": { "type": "Point", "coordinates": [ 77.6251826, 12.9657846 ] } },
{ "type": "Feature", "properties": { "osm_id": 10678689565, "highway": "crossing", "name": "" }, "geometry": { "type": "Point", "coordinates": [ 77.7279827, 12.9826497 ] } },
{ "type": "Feature", "properties": { "osm_id": 10678689566, "highway": "crossing", "name": "" }, "geometry": { "type": "Point", "coordinates": [ 77.7281162, 12.9825993 ] } },
{ "type": "Feature", "properties": { "osm_id": 10685559253, "highway": "crossing", "name": "" }, "geometry": { "type": "Point", "coordinates": [ 77.7317583, 12.9879978 ] } },
{ "type": "Feature", "properties": { "osm_id": 10691250304, "highway": "crossing", "name": "" }, "geometry": { "type": "Point", "coordinates": [ 77.7142095, 12.9777158 ] } },
{ "type": "Feature", "properties": { "osm_id": 10691255505, "highway": "crossing", "name": "" }, "geometry": { "type": "Point", "coordinates": [ 77.714225, 12.9778173 ] } },
{ "type": "Feature", "properties": { "osm_id": 10695073028, "highway": "crossing", "name": "" }, "geometry": { "type": "Point", "coordinates": [ 77.7393859, 12.9875626 ] } },
{ "type": "Feature", "properties": { "osm_id": 10695073029, "highway": "crossing", "name": "" }, "geometry": { "type": "Point", "coordinates": [ 77.7393831, 12.9876753 ] } },
{ "type": "Feature", "properties": { "osm_id": 10889076899, "highway": "crossing", "name": "" }, "geometry": { "type": "Point", "coordinates": [ 77.7141544, 12.9675866 ] } },
{ "type": "Feature", "properties": { "osm_id": 10926751811, "highway": "crossing", "name": "" }, "geometry": { "type": "Point", "coordinates": [ 77.7016952, 12.9939103 ] } },
{ "type": "Feature", "properties": { "osm_id": 10926751812, "highway": "crossing", "name": "" }, "geometry": { "type": "Point", "coordinates": [ 77.7017201, 12.9940098 ] } },
{ "type": "Feature", "properties": { "osm_id": 11150087489, "highway": "crossing", "name": "" }, "geometry": { "type": "Point", "coordinates": [ 77.6359898, 12.9614394 ] } },
{ "type": "Feature", "properties": { "osm_id": 11200483517, "highway": "crossing", "name": "" }, "geometry": { "type": "Point", "coordinates": [ 77.7274565, 12.9803208 ] } },
{ "type": "Feature", "properties": { "osm_id": 11200483518, "highway": "crossing", "name": "" }, "geometry": { "type": "Point", "coordinates": [ 77.7273434, 12.98034 ] } },
{ "type": "Feature", "properties": { "osm_id": 11245328371, "highway": "crossing", "name": "" }, "geometry": { "type": "Point", "coordinates": [ 77.6407243, 12.9783328 ] } },
{ "type": "Feature", "properties": { "osm_id": 11245328374, "highway": "crossing", "name": "" }, "geometry": { "type": "Point", "coordinates": [ 77.6408118, 12.9785009 ] } },
{ "type": "Feature", "properties": { "osm_id": 11263828778, "highway": "crossing", "name": "" }, "geometry": { "type": "Point", "coordinates": [ 77.7246188, 12.9558399 ] } },
{ "type": "Feature", "properties": { "osm_id": 11263828779, "highway": "crossing", "name": "" }, "geometry": { "type": "Point", "coordinates": [ 77.7246185, 12.9559195 ] } },
{ "type": "Feature", "properties": { "osm_id": 11298111282, "highway": "crossing", "name": "" }, "geometry": { "type": "Point", "coordinates": [ 77.7095584, 12.9781299 ] } },
{ "type": "Feature", "properties": { "osm_id": 11337846022, "highway": "crossing", "name": "" }, "geometry": { "type": "Point", "coordinates": [ 77.6385798, 12.9609416 ] } },
{ "type": "Feature", "properties": { "osm_id": 11337846023, "highway": "crossing", "name": "" }, "geometry": { "type": "Point", "coordinates": [ 77.6385893, 12.9610322 ] } },
{ "type": "Feature", "properties": { "osm_id": 11338710999, "highway": "crossing", "name": "" }, "geometry": { "type": "Point", "coordinates": [ 77.6569161, 12.9911615 ] } },
{ "type": "Feature", "properties": { "osm_id": 11338711000, "highway": "crossing", "name": "" }, "geometry": { "type": "Point", "coordinates": [ 77.6569628, 12.9910723 ] } },
{ "type": "Feature", "properties": { "osm_id": 11338711012, "highway": "crossing", "name": "" }, "geometry": { "type": "Point", "coordinates": [ 77.657211, 12.9913084 ] } },
{ "type": "Feature", "properties": { "osm_id": 11338711013, "highway": "crossing", "name": "" }, "geometry": { "type": "Point", "coordinates": [ 77.6572637, 12.9912215 ] } },
{ "type": "Feature", "properties": { "osm_id": 11399572688, "highway": "crossing", "name": "" }, "geometry": { "type": "Point", "coordinates": [ 77.6663007, 12.9586362 ] } },
{ "type": "Feature", "properties": { "osm_id": 11399572689, "highway": "crossing", "name": "" }, "geometry": { "type": "Point", "coordinates": [ 77.6664006, 12.9586228 ] } },
{ "type": "Feature", "properties": { "osm_id": 11399572715, "highway": "crossing", "name": "" }, "geometry": { "type": "Point", "coordinates": [ 77.6665503, 12.9584192 ] } },
{ "type": "Feature", "properties": { "osm_id": 11399572718, "highway": "crossing", "name": "" }, "geometry": { "type": "Point", "coordinates": [ 77.6665082, 12.9582009 ] } },
{ "type": "Feature", "properties": { "osm_id": 11399572721, "highway": "crossing", "name": "" }, "geometry": { "type": "Point", "coordinates": [ 77.6661179, 12.9585195 ] } },
{ "type": "Feature", "properties": { "osm_id": 11399572725, "highway": "crossing", "name": "" }, "geometry": { "type": "Point", "coordinates": [ 77.6660683, 12.9582962 ] } },
{ "type": "Feature", "properties": { "osm_id": 11497411790, "highway": "crossing", "name": "" }, "geometry": { "type": "Point", "coordinates": [ 77.6449495, 12.9857713 ] } },
{ "type": "Feature", "properties": { "osm_id": 11497411791, "highway": "crossing", "name": "" }, "geometry": { "type": "Point", "coordinates": [ 77.6449874, 12.9856817 ] } },
{ "type": "Feature", "properties": { "osm_id": 11497593315, "highway": "crossing", "name": "" }, "geometry": { "type": "Point", "coordinates": [ 77.6408217, 12.9782445 ] } },
{ "type": "Feature", "properties": { "osm_id": 11497593316, "highway": "crossing", "name": "" }, "geometry": { "type": "Point", "coordinates": [ 77.6409224, 12.9782469 ] } },
{ "type": "Feature", "properties": { "osm_id": 11497593356, "highway": "crossing", "name": "" }, "geometry": { "type": "Point", "coordinates": [ 77.646541, 12.9785341 ] } },
{ "type": "Feature", "properties": { "osm_id": 11497593357, "highway": "crossing", "name": "" }, "geometry": { "type": "Point", "coordinates": [ 77.6465319, 12.9786198 ] } },
{ "type": "Feature", "properties": { "osm_id": 11497616789, "highway": "crossing", "name": "" }, "geometry": { "type": "Point", "coordinates": [ 77.6412337, 12.9703181 ] } },
{ "type": "Feature", "properties": { "osm_id": 11497616790, "highway": "crossing", "name": "" }, "geometry": { "type": "Point", "coordinates": [ 77.6413256, 12.9703232 ] } },
{ "type": "Feature", "properties": { "osm_id": 11497616809, "highway": "crossing", "name": "" }, "geometry": { "type": "Point", "coordinates": [ 77.6464271, 12.9793269 ] } },
{ "type": "Feature", "properties": { "osm_id": 11497616810, "highway": "crossing", "name": "" }, "geometry": { "type": "Point", "coordinates": [ 77.6464957, 12.9793353 ] } },
{ "type": "Feature", "properties": { "osm_id": 11497653038, "highway": "crossing", "name": "" }, "geometry": { "type": "Point", "coordinates": [ 77.6410192, 12.9783433 ] } },
{ "type": "Feature", "properties": { "osm_id": 11497653039, "highway": "crossing", "name": "" }, "geometry": { "type": "Point", "coordinates": [ 77.6410162, 12.9784262 ] } },
{ "type": "Feature", "properties": { "osm_id": 11584433298, "highway": "crossing", "name": "" }, "geometry": { "type": "Point", "coordinates": [ 77.6621097, 13.0123311 ] } },
{ "type": "Feature", "properties": { "osm_id": 11591288301, "highway": "crossing", "name": "" }, "geometry": { "type": "Point", "coordinates": [ 77.6586724, 12.9713006 ] } },
{ "type": "Feature", "properties": { "osm_id": 11635024253, "highway": "crossing", "name": "" }, "geometry": { "type": "Point", "coordinates": [ 77.636792, 12.9782132 ] } },
{ "type": "Feature", "properties": { "osm_id": 11635024254, "highway": "crossing", "name": "" }, "geometry": { "type": "Point", "coordinates": [ 77.6368085, 12.9782928 ] } },
{ "type": "Feature", "properties": { "osm_id": 11639970982, "highway": "crossing", "name": "" }, "geometry": { "type": "Point", "coordinates": [ 77.6895876, 12.9553573 ] } },
{ "type": "Feature", "properties": { "osm_id": 11639970983, "highway": "crossing", "name": "" }, "geometry": { "type": "Point", "coordinates": [ 77.6895674, 12.9554586 ] } },
{ "type": "Feature", "properties": { "osm_id": 11639970986, "highway": "crossing", "name": "" }, "geometry": { "type": "Point", "coordinates": [ 77.6893789, 12.9553106 ] } },
{ "type": "Feature", "properties": { "osm_id": 11639970987, "highway": "crossing", "name": "" }, "geometry": { "type": "Point", "coordinates": [ 77.6893686, 12.9554188 ] } },
{ "type": "Feature", "properties": { "osm_id": 11640549707, "highway": "crossing", "name": "" }, "geometry": { "type": "Point", "coordinates": [ 77.718343, 12.9653807 ] } },
{ "type": "Feature", "properties": { "osm_id": 11707402924, "highway": "crossing", "name": "" }, "geometry": { "type": "Point", "coordinates": [ 77.6206642, 12.9667334 ] } },
{ "type": "Feature", "properties": { "osm_id": 11740112683, "highway": "crossing", "name": "" }, "geometry": { "type": "Point", "coordinates": [ 77.6543509, 12.9593283 ] } },
{ "type": "Feature", "properties": { "osm_id": 11740112684, "highway": "crossing", "name": "" }, "geometry": { "type": "Point", "coordinates": [ 77.6543595, 12.9594374 ] } },
{ "type": "Feature", "properties": { "osm_id": 11740112692, "highway": "crossing", "name": "" }, "geometry": { "type": "Point", "coordinates": [ 77.6540722, 12.9593481 ] } },
{ "type": "Feature", "properties": { "osm_id": 11740112693, "highway": "crossing", "name": "" }, "geometry": { "type": "Point", "coordinates": [ 77.6540768, 12.9594507 ] } },
{ "type": "Feature", "properties": { "osm_id": 11780249430, "highway": "crossing", "name": "" }, "geometry": { "type": "Point", "coordinates": [ 77.64161, 12.9594152 ] } },
{ "type": "Feature", "properties": { "osm_id": 11780306845, "highway": "crossing", "name": "" }, "geometry": { "type": "Point", "coordinates": [ 77.640153, 12.9460574 ] } },
{ "type": "Feature", "properties": { "osm_id": 11780306846, "highway": "crossing", "name": "" }, "geometry": { "type": "Point", "coordinates": [ 77.6400555, 12.9461078 ] } },
{ "type": "Feature", "properties": { "osm_id": 11780306849, "highway": "crossing", "name": "" }, "geometry": { "type": "Point", "coordinates": [ 77.6399851, 12.9459899 ] } },
{ "type": "Feature", "properties": { "osm_id": 11780306850, "highway": "crossing", "name": "" }, "geometry": { "type": "Point", "coordinates": [ 77.6400807, 12.9459361 ] } },
{ "type": "Feature", "properties": { "osm_id": 11918128855, "highway": "crossing", "name": "" }, "geometry": { "type": "Point", "coordinates": [ 77.7008825, 12.9569188 ] } },
{ "type": "Feature", "properties": { "osm_id": 11918128856, "highway": "crossing", "name": "" }, "geometry": { "type": "Point", "coordinates": [ 77.7008935, 12.956997 ] } },
{ "type": "Feature", "properties": { "osm_id": 11932773208, "highway": "crossing", "name": "" }, "geometry": { "type": "Point", "coordinates": [ 77.6422227, 12.9607291 ] } },
{ "type": "Feature", "properties": { "osm_id": 11932783880, "highway": "crossing", "name": "" }, "geometry": { "type": "Point", "coordinates": [ 77.6409861, 12.9608354 ] } },
{ "type": "Feature", "properties": { "osm_id": 11933395731, "highway": "crossing", "name": "" }, "geometry": { "type": "Point", "coordinates": [ 77.703223, 12.993607 ] } },
{ "type": "Feature", "properties": { "osm_id": 11933395736, "highway": "crossing", "name": "" }, "geometry": { "type": "Point", "coordinates": [ 77.7050091, 12.993032 ] } },
{ "type": "Feature", "properties": { "osm_id": 11933395739, "highway": "crossing", "name": "" }, "geometry": { "type": "Point", "coordinates": [ 77.7050239, 12.9931288 ] } },
{ "type": "Feature", "properties": { "osm_id": 11933395742, "highway": "crossing", "name": "" }, "geometry": { "type": "Point", "coordinates": [ 77.7032025, 12.9935116 ] } },
{ "type": "Feature", "properties": { "osm_id": 11964420391, "highway": "crossing", "name": "" }, "geometry": { "type": "Point", "coordinates": [ 77.6687621, 12.9580817 ] } },
{ "type": "Feature", "properties": { "osm_id": 11964420392, "highway": "crossing", "name": "" }, "geometry": { "type": "Point", "coordinates": [ 77.6687657, 12.9581535 ] } },
{ "type": "Feature", "properties": { "osm_id": 12000439029, "highway": "crossing", "name": "" }, "geometry": { "type": "Point", "coordinates": [ 77.7034127, 12.956666 ] } },
{ "type": "Feature", "properties": { "osm_id": 12001070293, "highway": "bus_stop", "name": "Maruthi School" }, "geometry": { "type": "Point", "coordinates": [ 77.6442252, 13.0097344 ] } },
{ "type": "Feature", "properties": { "osm_id": 12084317622, "highway": "crossing", "name": "" }, "geometry": { "type": "Point", "coordinates": [ 77.6407226, 12.9784184 ] } },
{ "type": "Feature", "properties": { "osm_id": 12097508848, "highway": "crossing", "name": "" }, "geometry": { "type": "Point", "coordinates": [ 77.7524691, 12.9839395 ] } },
{ "type": "Feature", "properties": { "osm_id": 12097508849, "highway": "crossing", "name": "" }, "geometry": { "type": "Point", "coordinates": [ 77.7525526, 12.9839158 ] } },
{ "type": "Feature", "properties": { "osm_id": 12097508854, "highway": "crossing", "name": "" }, "geometry": { "type": "Point", "coordinates": [ 77.752606, 12.9837304 ] } },
{ "type": "Feature", "properties": { "osm_id": 12097508855, "highway": "crossing", "name": "" }, "geometry": { "type": "Point", "coordinates": [ 77.7526219, 12.9838036 ] } },
{ "type": "Feature", "properties": { "osm_id": 12097508859, "highway": "crossing", "name": "" }, "geometry": { "type": "Point", "coordinates": [ 77.7523678, 12.9836699 ] } },
{ "type": "Feature", "properties": { "osm_id": 12097508860, "highway": "crossing", "name": "" }, "geometry": { "type": "Point", "coordinates": [ 77.7524428, 12.9836491 ] } },
{ "type": "Feature", "properties": { "osm_id": 12097508863, "highway": "crossing", "name": "" }, "geometry": { "type": "Point", "coordinates": [ 77.7523195, 12.9837644 ] } },
{ "type": "Feature", "properties": { "osm_id": 12097508864, "highway": "crossing", "name": "" }, "geometry": { "type": "Point", "coordinates": [ 77.7523423, 12.9838418 ] } },
{ "type": "Feature", "properties": { "osm_id": 12097508867, "highway": "crossing", "name": "" }, "geometry": { "type": "Point", "coordinates": [ 77.7526188, 12.9847802 ] } },
{ "type": "Feature", "properties": { "osm_id": 12097508868, "highway": "crossing", "name": "" }, "geometry": { "type": "Point", "coordinates": [ 77.7526904, 12.9847046 ] } },
{ "type": "Feature", "properties": { "osm_id": 12098151325, "highway": "crossing", "name": "" }, "geometry": { "type": "Point", "coordinates": [ 77.7165662, 12.9607711 ] } },
{ "type": "Feature", "properties": { "osm_id": 12098151328, "highway": "crossing", "name": "" }, "geometry": { "type": "Point", "coordinates": [ 77.7164723, 12.9607863 ] } },
{ "type": "Feature", "properties": { "osm_id": 12103718573, "highway": "crossing", "name": "" }, "geometry": { "type": "Point", "coordinates": [ 77.6800135, 12.9544597 ] } },
{ "type": "Feature", "properties": { "osm_id": 12103718574, "highway": "crossing", "name": "" }, "geometry": { "type": "Point", "coordinates": [ 77.6800572, 12.9545405 ] } },
{ "type": "Feature", "properties": { "osm_id": 12107776926, "highway": "crossing", "name": "" }, "geometry": { "type": "Point", "coordinates": [ 77.6469096, 12.9730727 ] } },
{ "type": "Feature", "properties": { "osm_id": 12107776930, "highway": "crossing", "name": "" }, "geometry": { "type": "Point", "coordinates": [ 77.6469025, 12.9731799 ] } },
{ "type": "Feature", "properties": { "osm_id": 12107776931, "highway": "crossing", "name": "" }, "geometry": { "type": "Point", "coordinates": [ 77.6469758, 12.9731827 ] } },
{ "type": "Feature", "properties": { "osm_id": 12107776963, "highway": "crossing", "name": "" }, "geometry": { "type": "Point", "coordinates": [ 77.6477106, 12.9689888 ] } },
{ "type": "Feature", "properties": { "osm_id": 12107776971, "highway": "crossing", "name": "" }, "geometry": { "type": "Point", "coordinates": [ 77.6469833, 12.9730753 ] } },
{ "type": "Feature", "properties": { "osm_id": 12107776980, "highway": "crossing", "name": "" }, "geometry": { "type": "Point", "coordinates": [ 77.6469356, 12.9727443 ] } },
{ "type": "Feature", "properties": { "osm_id": 12107776981, "highway": "crossing", "name": "" }, "geometry": { "type": "Point", "coordinates": [ 77.6470053, 12.972752 ] } },
{ "type": "Feature", "properties": { "osm_id": 12107776987, "highway": "crossing", "name": "" }, "geometry": { "type": "Point", "coordinates": [ 77.6476234, 12.9694902 ] } },
{ "type": "Feature", "properties": { "osm_id": 12107776991, "highway": "crossing", "name": "" }, "geometry": { "type": "Point", "coordinates": [ 77.6474692, 12.9702756 ] } },
{ "type": "Feature", "properties": { "osm_id": 12107777011, "highway": "crossing", "name": "" }, "geometry": { "type": "Point", "coordinates": [ 77.646637, 12.9786853 ] } },
{ "type": "Feature", "properties": { "osm_id": 12107777012, "highway": "crossing", "name": "" }, "geometry": { "type": "Point", "coordinates": [ 77.646573, 12.978677 ] } },
{ "type": "Feature", "properties": { "osm_id": 12107777018, "highway": "crossing", "name": "" }, "geometry": { "type": "Point", "coordinates": [ 77.6465982, 12.9784873 ] } },
{ "type": "Feature", "properties": { "osm_id": 12107777019, "highway": "crossing", "name": "" }, "geometry": { "type": "Point", "coordinates": [ 77.6466654, 12.9784921 ] } },
{ "type": "Feature", "properties": { "osm_id": 12111944872, "highway": "crossing", "name": "" }, "geometry": { "type": "Point", "coordinates": [ 77.6622749, 12.965774 ] } },
{ "type": "Feature", "properties": { "osm_id": 12111944873, "highway": "crossing", "name": "" }, "geometry": { "type": "Point", "coordinates": [ 77.6623494, 12.9658209 ] } },
{ "type": "Feature", "properties": { "osm_id": 12134224869, "highway": "crossing", "name": "" }, "geometry": { "type": "Point", "coordinates": [ 77.6916028, 12.9557333 ] } },
{ "type": "Feature", "properties": { "osm_id": 12134224870, "highway": "crossing", "name": "" }, "geometry": { "type": "Point", "coordinates": [ 77.6915927, 12.9558043 ] } },
{ "type": "Feature", "properties": { "osm_id": 12134224874, "highway": "crossing", "name": "" }, "geometry": { "type": "Point", "coordinates": [ 77.6918759, 12.9558481 ] } },
{ "type": "Feature", "properties": { "osm_id": 12134224875, "highway": "crossing", "name": "" }, "geometry": { "type": "Point", "coordinates": [ 77.6918874, 12.9557795 ] } },
{ "type": "Feature", "properties": { "osm_id": 12136946770, "highway": "crossing", "name": "" }, "geometry": { "type": "Point", "coordinates": [ 77.645748, 12.9827867 ] } },
{ "type": "Feature", "properties": { "osm_id": 12136946771, "highway": "crossing", "name": "" }, "geometry": { "type": "Point", "coordinates": [ 77.6456797, 12.9827768 ] } },
{ "type": "Feature", "properties": { "osm_id": 12162056546, "highway": "crossing", "name": "" }, "geometry": { "type": "Point", "coordinates": [ 77.6926963, 12.9827317 ] } },
{ "type": "Feature", "properties": { "osm_id": 12162056549, "highway": "crossing", "name": "" }, "geometry": { "type": "Point", "coordinates": [ 77.6928132, 12.9827889 ] } },
{ "type": "Feature", "properties": { "osm_id": 12162089756, "highway": "crossing", "name": "" }, "geometry": { "type": "Point", "coordinates": [ 77.6892454, 12.9883925 ] } },
{ "type": "Feature", "properties": { "osm_id": 12162089759, "highway": "crossing", "name": "" }, "geometry": { "type": "Point", "coordinates": [ 77.6893479, 12.9884558 ] } },
{ "type": "Feature", "properties": { "osm_id": 12174515976, "highway": "crossing", "name": "" }, "geometry": { "type": "Point", "coordinates": [ 77.6896245, 12.987777 ] } },
{ "type": "Feature", "properties": { "osm_id": 12174515979, "highway": "crossing", "name": "" }, "geometry": { "type": "Point", "coordinates": [ 77.6897207, 12.9878304 ] } },
{ "type": "Feature", "properties": { "osm_id": 12174616574, "highway": "crossing", "name": "" }, "geometry": { "type": "Point", "coordinates": [ 77.6937264, 12.9962601 ] } },
{ "type": "Feature", "properties": { "osm_id": 12232476310, "highway": "crossing", "name": "" }, "geometry": { "type": "Point", "coordinates": [ 77.7478788, 12.9852605 ] } },
{ "type": "Feature", "properties": { "osm_id": 12232476311, "highway": "crossing", "name": "" }, "geometry": { "type": "Point", "coordinates": [ 77.7479219, 12.9853791 ] } },
{ "type": "Feature", "properties": { "osm_id": 12232476316, "highway": "crossing", "name": "" }, "geometry": { "type": "Point", "coordinates": [ 77.7447877, 12.9863768 ] } },
{ "type": "Feature", "properties": { "osm_id": 12232476317, "highway": "crossing", "name": "" }, "geometry": { "type": "Point", "coordinates": [ 77.7448123, 12.9864569 ] } },
{ "type": "Feature", "properties": { "osm_id": 12442999913, "highway": "crossing", "name": "" }, "geometry": { "type": "Point", "coordinates": [ 77.7274372, 12.9800732 ] } },
{ "type": "Feature", "properties": { "osm_id": 12442999923, "highway": "crossing", "name": "" }, "geometry": { "type": "Point", "coordinates": [ 77.7288605, 12.9842365 ] } },
{ "type": "Feature", "properties": { "osm_id": 12442999924, "highway": "crossing", "name": "" }, "geometry": { "type": "Point", "coordinates": [ 77.7289924, 12.9841643 ] } },
{ "type": "Feature", "properties": { "osm_id": 12448327755, "highway": "crossing", "name": "" }, "geometry": { "type": "Point", "coordinates": [ 77.6480275, 12.96886 ] } },
{ "type": "Feature", "properties": { "osm_id": 12448400129, "highway": "crossing", "name": "" }, "geometry": { "type": "Point", "coordinates": [ 77.6413416, 12.9685272 ] } },
{ "type": "Feature", "properties": { "osm_id": 12448400130, "highway": "crossing", "name": "" }, "geometry": { "type": "Point", "coordinates": [ 77.6414262, 12.9685319 ] } },
{ "type": "Feature", "properties": { "osm_id": 12462598544, "highway": "crossing", "name": "" }, "geometry": { "type": "Point", "coordinates": [ 77.727149, 12.9772558 ] } },
{ "type": "Feature", "properties": { "osm_id": 12462598545, "highway": "crossing", "name": "" }, "geometry": { "type": "Point", "coordinates": [ 77.7272913, 12.9772589 ] } },
{ "type": "Feature", "properties": { "osm_id": 12712338615, "highway": "crossing", "name": "" }, "geometry": { "type": "Point", "coordinates": [ 77.6766873, 13.0001853 ] } },
{ "type": "Feature", "properties": { "osm_id": 12712338616, "highway": "crossing", "name": "" }, "geometry": { "type": "Point", "coordinates": [ 77.6767175, 13.000051 ] } },
{ "type": "Feature", "properties": { "osm_id": 12961423913, "highway": "crossing", "name": "" }, "geometry": { "type": "Point", "coordinates": [ 77.762127, 12.9829022 ] } },
{ "type": "Feature", "properties": { "osm_id": 12961423914, "highway": "crossing", "name": "" }, "geometry": { "type": "Point", "coordinates": [ 77.7621502, 12.982967 ] } },
{ "type": "Feature", "properties": { "osm_id": 13093974080, "highway": "crossing", "name": "" }, "geometry": { "type": "Point", "coordinates": [ 77.635971, 12.9613528 ] } },
{ "type": "Feature", "properties": { "osm_id": 13093974084, "highway": "crossing", "name": "" }, "geometry": { "type": "Point", "coordinates": [ 77.6357924, 12.9613989 ] } },
{ "type": "Feature", "properties": { "osm_id": 13093974085, "highway": "crossing", "name": "" }, "geometry": { "type": "Point", "coordinates": [ 77.6358104, 12.9614836 ] } },
{ "type": "Feature", "properties": { "osm_id": 13111664277, "highway": "crossing", "name": "" }, "geometry": { "type": "Point", "coordinates": [ 77.6375444, 12.9783237 ] } },
{ "type": "Feature", "properties": { "osm_id": 13111664280, "highway": "crossing", "name": "" }, "geometry": { "type": "Point", "coordinates": [ 77.6375486, 12.9782345 ] } },
{ "type": "Feature", "properties": { "osm_id": 13111664297, "highway": "crossing", "name": "" }, "geometry": { "type": "Point", "coordinates": [ 77.6383138, 12.9783498 ] } },
{ "type": "Feature", "properties": { "osm_id": 13111664298, "highway": "crossing", "name": "" }, "geometry": { "type": "Point", "coordinates": [ 77.6383182, 12.9782552 ] } },
{ "type": "Feature", "properties": { "osm_id": 13111685103, "highway": "crossing", "name": "" }, "geometry": { "type": "Point", "coordinates": [ 77.6388072, 12.9783581 ] } },
{ "type": "Feature", "properties": { "osm_id": 13111685106, "highway": "crossing", "name": "" }, "geometry": { "type": "Point", "coordinates": [ 77.6388114, 12.9782696 ] } },
{ "type": "Feature", "properties": { "osm_id": 13112165554, "highway": "crossing", "name": "" }, "geometry": { "type": "Point", "coordinates": [ 77.6468471, 12.9741069 ] } },
{ "type": "Feature", "properties": { "osm_id": 13112165555, "highway": "crossing", "name": "" }, "geometry": { "type": "Point", "coordinates": [ 77.6469223, 12.9741094 ] } },
{ "type": "Feature", "properties": { "osm_id": 13112165556, "highway": "crossing", "name": "" }, "geometry": { "type": "Point", "coordinates": [ 77.6469312, 12.9739865 ] } },
{ "type": "Feature", "properties": { "osm_id": 13112165557, "highway": "crossing", "name": "" }, "geometry": { "type": "Point", "coordinates": [ 77.6468518, 12.9739832 ] } },
{ "type": "Feature", "properties": { "osm_id": 13121579505, "highway": "crossing", "name": "" }, "geometry": { "type": "Point", "coordinates": [ 77.7367218, 12.9875323 ] } },
{ "type": "Feature", "properties": { "osm_id": 13392231535, "highway": "crossing", "name": "" }, "geometry": { "type": "Point", "coordinates": [ 77.6415792, 12.9632955 ] } },
{ "type": "Feature", "properties": { "osm_id": 13392231536, "highway": "crossing", "name": "" }, "geometry": { "type": "Point", "coordinates": [ 77.641678, 12.9632971 ] } },
{ "type": "Feature", "properties": { "osm_id": 13392248217, "highway": "crossing", "name": "" }, "geometry": { "type": "Point", "coordinates": [ 77.6409362, 12.9614894 ] } },
{ "type": "Feature", "properties": { "osm_id": 13392248373, "highway": "crossing", "name": "" }, "geometry": { "type": "Point", "coordinates": [ 77.6424223, 12.9613946 ] } },
{ "type": "Feature", "properties": { "osm_id": 13392398153, "highway": "crossing", "name": "" }, "geometry": { "type": "Point", "coordinates": [ 77.6418906, 12.9604414 ] } },
{ "type": "Feature", "properties": { "osm_id": 13392398162, "highway": "crossing", "name": "" }, "geometry": { "type": "Point", "coordinates": [ 77.6414799, 12.9605647 ] } },
{ "type": "Feature", "properties": { "osm_id": 13394452104, "highway": "crossing", "name": "" }, "geometry": { "type": "Point", "coordinates": [ 77.6387598, 12.9609253 ] } },
{ "type": "Feature", "properties": { "osm_id": 13394452105, "highway": "crossing", "name": "" }, "geometry": { "type": "Point", "coordinates": [ 77.6387697, 12.9610128 ] } },
{ "type": "Feature", "properties": { "osm_id": 13802513493, "highway": "crossing", "name": "" }, "geometry": { "type": "Point", "coordinates": [ 77.7499329, 12.9846601 ] } },
{ "type": "Feature", "properties": { "osm_id": 13802513494, "highway": "crossing", "name": "" }, "geometry": { "type": "Point", "coordinates": [ 77.7498983, 12.9845611 ] } },
{ "type": "Feature", "properties": { "osm_id": 13952275314, "highway": "crossing", "name": "" }, "geometry": { "type": "Point", "coordinates": [ 77.658571, 12.9716207 ] } },
{ "type": "Feature", "properties": { "osm_id": 13952275315, "highway": "crossing", "name": "" }, "geometry": { "type": "Point", "coordinates": [ 77.6585084, 12.9715895 ] } },
{ "type": "Feature", "properties": { "osm_id": 13952275327, "highway": "crossing", "name": "" }, "geometry": { "type": "Point", "coordinates": [ 77.6587751, 12.97141 ] } },
{ "type": "Feature", "properties": { "osm_id": 13952275329, "highway": "crossing", "name": "" }, "geometry": { "type": "Point", "coordinates": [ 77.6589016, 12.971159 ] } },
{ "type": "Feature", "properties": { "osm_id": 13952275332, "highway": "crossing", "name": "" }, "geometry": { "type": "Point", "coordinates": [ 77.6587402, 12.9713306 ] } },
{ "type": "Feature", "properties": { "osm_id": 13977331653, "highway": "crossing", "name": "" }, "geometry": { "type": "Point", "coordinates": [ 77.7484756, 12.9642949 ] } },
{ "type": "Feature", "properties": { "osm_id": 13977331654, "highway": "crossing", "name": "" }, "geometry": { "type": "Point", "coordinates": [ 77.7485423, 12.9642729 ] } },
{ "type": "Feature", "properties": { "osm_id": 14051702752, "highway": "bus_stop", "name": "" }, "geometry": { "type": "Point", "coordinates": [ 77.6691231, 12.9966909 ] } },
{ "type": "Feature", "properties": { "osm_id": 14136326756, "highway": "crossing", "name": "" }, "geometry": { "type": "Point", "coordinates": [ 77.6477123, 12.9868676 ] } },
{ "type": "Feature", "properties": { "osm_id": 14136326757, "highway": "crossing", "name": "" }, "geometry": { "type": "Point", "coordinates": [ 77.6477488, 12.9867847 ] } },
{ "type": "Feature", "properties": { "osm_id": 14136358107, "highway": "crossing", "name": "" }, "geometry": { "type": "Point", "coordinates": [ 77.6480567, 12.9868192 ] } },
{ "type": "Feature", "properties": { "osm_id": 14136358108, "highway": "crossing", "name": "" }, "geometry": { "type": "Point", "coordinates": [ 77.6479591, 12.9867802 ] } },
{ "type": "Feature", "properties": { "osm_id": 14136523188, "highway": "crossing", "name": "" }, "geometry": { "type": "Point", "coordinates": [ 77.6479394, 13.0127865 ] } },
{ "type": "Feature", "properties": { "osm_id": 14136523189, "highway": "crossing", "name": "" }, "geometry": { "type": "Point", "coordinates": [ 77.6480077, 13.0127411 ] } },
{ "type": "Feature", "properties": { "osm_id": 14141448843, "highway": "crossing", "name": "" }, "geometry": { "type": "Point", "coordinates": [ 77.7320022, 12.956309 ] } },
{ "type": "Feature", "properties": { "osm_id": 14141448844, "highway": "crossing", "name": "" }, "geometry": { "type": "Point", "coordinates": [ 77.7320129, 12.9562289 ] } },
{ "type": "Feature", "properties": { "osm_id": 14162097204, "highway": "bus_stop", "name": "Hope Farm (Towards Varthur)" }, "geometry": { "type": "Point", "coordinates": [ 77.7521484, 12.9824627 ] } },
{ "type": "Feature", "properties": { "osm_id": 264339284, "highway": "crossing", "name": "Haralur Junction" }, "geometry": { "type": "Point", "coordinates": [ 77.6604948, 12.9017126 ] } },
{ "type": "Feature", "properties": { "osm_id": 2099691583, "highway": "crossing", "name": "" }, "geometry": { "type": "Point", "coordinates": [ 77.6731985, 12.9170649 ] } },
{ "type": "Feature", "properties": { "osm_id": 2387522070, "highway": "crossing", "name": "" }, "geometry": { "type": "Point", "coordinates": [ 77.6731526, 12.916978 ] } },
{ "type": "Feature", "properties": { "osm_id": 2406863577, "highway": "crossing", "name": "" }, "geometry": { "type": "Point", "coordinates": [ 77.6655558, 12.921086 ] } },
{ "type": "Feature", "properties": { "osm_id": 6144095953, "highway": "crossing", "name": "" }, "geometry": { "type": "Point", "coordinates": [ 77.6855129, 12.9188268 ] } },
{ "type": "Feature", "properties": { "osm_id": 6457537021, "highway": "crossing", "name": "" }, "geometry": { "type": "Point", "coordinates": [ 77.69644, 12.9417615 ] } },
{ "type": "Feature", "properties": { "osm_id": 9828511705, "highway": "crossing", "name": "" }, "geometry": { "type": "Point", "coordinates": [ 77.6678408, 12.9221258 ] } },
{ "type": "Feature", "properties": { "osm_id": 9828511711, "highway": "crossing", "name": "" }, "geometry": { "type": "Point", "coordinates": [ 77.6657051, 12.9206993 ] } },
{ "type": "Feature", "properties": { "osm_id": 9828511712, "highway": "crossing", "name": "" }, "geometry": { "type": "Point", "coordinates": [ 77.6653729, 12.9207372 ] } },
{ "type": "Feature", "properties": { "osm_id": 9828540937, "highway": "crossing", "name": "" }, "geometry": { "type": "Point", "coordinates": [ 77.6846658, 12.9295306 ] } },
{ "type": "Feature", "properties": { "osm_id": 9828540938, "highway": "crossing", "name": "" }, "geometry": { "type": "Point", "coordinates": [ 77.684949, 12.9296894 ] } },
{ "type": "Feature", "properties": { "osm_id": 9828540939, "highway": "crossing", "name": "" }, "geometry": { "type": "Point", "coordinates": [ 77.6852254, 12.9298737 ] } },
{ "type": "Feature", "properties": { "osm_id": 9828541035, "highway": "crossing", "name": "" }, "geometry": { "type": "Point", "coordinates": [ 77.6653963, 12.9230115 ] } },
{ "type": "Feature", "properties": { "osm_id": 9854961763, "highway": "crossing", "name": "" }, "geometry": { "type": "Point", "coordinates": [ 77.6963485, 12.939053 ] } },
{ "type": "Feature", "properties": { "osm_id": 9854961764, "highway": "crossing", "name": "" }, "geometry": { "type": "Point", "coordinates": [ 77.6970849, 12.9387418 ] } },
{ "type": "Feature", "properties": { "osm_id": 9854961765, "highway": "crossing", "name": "" }, "geometry": { "type": "Point", "coordinates": [ 77.6972544, 12.938665 ] } },
{ "type": "Feature", "properties": { "osm_id": 9854961784, "highway": "crossing", "name": "" }, "geometry": { "type": "Point", "coordinates": [ 77.7006285, 12.9376921 ] } },
{ "type": "Feature", "properties": { "osm_id": 9857144280, "highway": "crossing", "name": "" }, "geometry": { "type": "Point", "coordinates": [ 77.6954936, 12.9393518 ] } },
{ "type": "Feature", "properties": { "osm_id": 10174066572, "highway": "crossing", "name": "" }, "geometry": { "type": "Point", "coordinates": [ 77.6711209, 12.9180153 ] } },
{ "type": "Feature", "properties": { "osm_id": 10174066573, "highway": "crossing", "name": "" }, "geometry": { "type": "Point", "coordinates": [ 77.671159, 12.9180964 ] } },
{ "type": "Feature", "properties": { "osm_id": 11232367121, "highway": "crossing", "name": "" }, "geometry": { "type": "Point", "coordinates": [ 77.6673756, 12.923061 ] } },
{ "type": "Feature", "properties": { "osm_id": 11233009352, "highway": "crossing", "name": "" }, "geometry": { "type": "Point", "coordinates": [ 77.6695997, 12.9229702 ] } },
{ "type": "Feature", "properties": { "osm_id": 11233009355, "highway": "crossing", "name": "" }, "geometry": { "type": "Point", "coordinates": [ 77.669521, 12.9229311 ] } },
{ "type": "Feature", "properties": { "osm_id": 11234065329, "highway": "crossing", "name": "" }, "geometry": { "type": "Point", "coordinates": [ 77.6692142, 12.9289118 ] } },
{ "type": "Feature", "properties": { "osm_id": 11260020617, "highway": "crossing", "name": "" }, "geometry": { "type": "Point", "coordinates": [ 77.6811494, 12.9279576 ] } },
{ "type": "Feature", "properties": { "osm_id": 11375081166, "highway": "crossing", "name": "" }, "geometry": { "type": "Point", "coordinates": [ 77.6704067, 12.9229227 ] } },
{ "type": "Feature", "properties": { "osm_id": 11375081173, "highway": "crossing", "name": "" }, "geometry": { "type": "Point", "coordinates": [ 77.6702665, 12.9232396 ] } },
{ "type": "Feature", "properties": { "osm_id": 11428038791, "highway": "crossing", "name": "" }, "geometry": { "type": "Point", "coordinates": [ 77.6904771, 12.934555 ] } },
{ "type": "Feature", "properties": { "osm_id": 11463129259, "highway": "crossing", "name": "" }, "geometry": { "type": "Point", "coordinates": [ 77.69696, 12.9419646 ] } },
{ "type": "Feature", "properties": { "osm_id": 11463129266, "highway": "crossing", "name": "" }, "geometry": { "type": "Point", "coordinates": [ 77.6969108, 12.9425636 ] } },
{ "type": "Feature", "properties": { "osm_id": 11685087334, "highway": "crossing", "name": "" }, "geometry": { "type": "Point", "coordinates": [ 77.6694326, 12.9288466 ] } },
{ "type": "Feature", "properties": { "osm_id": 11685087336, "highway": "crossing", "name": "" }, "geometry": { "type": "Point", "coordinates": [ 77.669305, 12.9288477 ] } },
{ "type": "Feature", "properties": { "osm_id": 11703586226, "highway": "crossing", "name": "" }, "geometry": { "type": "Point", "coordinates": [ 77.6964459, 12.9321096 ] } },
{ "type": "Feature", "properties": { "osm_id": 11703586234, "highway": "crossing", "name": "" }, "geometry": { "type": "Point", "coordinates": [ 77.6970408, 12.9345593 ] } },
{ "type": "Feature", "properties": { "osm_id": 11703586245, "highway": "crossing", "name": "" }, "geometry": { "type": "Point", "coordinates": [ 77.697441, 12.9364729 ] } },
{ "type": "Feature", "properties": { "osm_id": 11703595073, "highway": "crossing", "name": "" }, "geometry": { "type": "Point", "coordinates": [ 77.6949452, 12.9312576 ] } },
{ "type": "Feature", "properties": { "osm_id": 11703595074, "highway": "crossing", "name": "" }, "geometry": { "type": "Point", "coordinates": [ 77.694964, 12.9313349 ] } },
{ "type": "Feature", "properties": { "osm_id": 11703595145, "highway": "crossing", "name": "" }, "geometry": { "type": "Point", "coordinates": [ 77.6951184, 12.9312403 ] } },
{ "type": "Feature", "properties": { "osm_id": 11835357812, "highway": "crossing", "name": "" }, "geometry": { "type": "Point", "coordinates": [ 77.6653727, 12.924225 ] } },
{ "type": "Feature", "properties": { "osm_id": 11922878279, "highway": "crossing", "name": "" }, "geometry": { "type": "Point", "coordinates": [ 77.6908261, 12.9338383 ] } },
{ "type": "Feature", "properties": { "osm_id": 11922878282, "highway": "crossing", "name": "" }, "geometry": { "type": "Point", "coordinates": [ 77.6905042, 12.9345893 ] } },
{ "type": "Feature", "properties": { "osm_id": 11922878284, "highway": "crossing", "name": "" }, "geometry": { "type": "Point", "coordinates": [ 77.6908823, 12.9338732 ] } },
{ "type": "Feature", "properties": { "osm_id": 11955000963, "highway": "crossing", "name": "" }, "geometry": { "type": "Point", "coordinates": [ 77.6653164, 12.9208872 ] } },
{ "type": "Feature", "properties": { "osm_id": 11962404400, "highway": "crossing", "name": "" }, "geometry": { "type": "Point", "coordinates": [ 77.6696287, 12.9187817 ] } },
{ "type": "Feature", "properties": { "osm_id": 12074450333, "highway": "crossing", "name": "" }, "geometry": { "type": "Point", "coordinates": [ 77.6681907, 12.9218887 ] } },
{ "type": "Feature", "properties": { "osm_id": 12446863537, "highway": "crossing", "name": "" }, "geometry": { "type": "Point", "coordinates": [ 77.6948185, 12.9278464 ] } },
{ "type": "Feature", "properties": { "osm_id": 12459183660, "highway": "crossing", "name": "" }, "geometry": { "type": "Point", "coordinates": [ 77.669198, 12.9271959 ] } },
{ "type": "Feature", "properties": { "osm_id": 12459183661, "highway": "crossing", "name": "" }, "geometry": { "type": "Point", "coordinates": [ 77.6692643, 12.927231 ] } },
{ "type": "Feature", "properties": { "osm_id": 12696023036, "highway": "crossing", "name": "" }, "geometry": { "type": "Point", "coordinates": [ 77.6739221, 12.9248771 ] } },
{ "type": "Feature", "properties": { "osm_id": 12696023048, "highway": "crossing", "name": "" }, "geometry": { "type": "Point", "coordinates": [ 77.6740585, 12.9245316 ] } },
{ "type": "Feature", "properties": { "osm_id": 12827909327, "highway": "crossing", "name": "" }, "geometry": { "type": "Point", "coordinates": [ 77.6951556, 12.9396723 ] } },
{ "type": "Feature", "properties": { "osm_id": 12827909331, "highway": "crossing", "name": "" }, "geometry": { "type": "Point", "coordinates": [ 77.6952924, 12.9395865 ] } },
{ "type": "Feature", "properties": { "osm_id": 12827909332, "highway": "crossing", "name": "" }, "geometry": { "type": "Point", "coordinates": [ 77.6954639, 12.939475 ] } },
{ "type": "Feature", "properties": { "osm_id": 12827909339, "highway": "crossing", "name": "" }, "geometry": { "type": "Point", "coordinates": [ 77.6949394, 12.939349 ] } },
{ "type": "Feature", "properties": { "osm_id": 12827909340, "highway": "crossing", "name": "" }, "geometry": { "type": "Point", "coordinates": [ 77.6950927, 12.939292 ] } },
{ "type": "Feature", "properties": { "osm_id": 12827909341, "highway": "crossing", "name": "" }, "geometry": { "type": "Point", "coordinates": [ 77.6952647, 12.9391926 ] } },
{ "type": "Feature", "properties": { "osm_id": 13733831955, "highway": "crossing", "name": "" }, "geometry": { "type": "Point", "coordinates": [ 77.6760992, 12.9255248 ] } },
{ "type": "Feature", "properties": { "osm_id": 13875979484, "highway": "crossing", "name": "" }, "geometry": { "type": "Point", "coordinates": [ 77.6854401, 12.9188399 ] } },
{ "type": "Feature", "properties": { "osm_id": 2412945505, "highway": "bus_stop", "name": "New Horizon College" }, "geometry": { "type": "Point", "coordinates": [ 77.6911411, 12.9352602 ] } },
{ "type": "Feature", "properties": { "osm_id": 2485933288, "highway": "bus_stop", "name": "Bellandur Petrol Bunk" }, "geometry": { "type": "Point", "coordinates": [ 77.6702113, 12.9231407 ] } },
{ "type": "Feature", "properties": { "osm_id": 2485933289, "highway": "bus_stop", "name": "Bellandur Petrol Bunk" }, "geometry": { "type": "Point", "coordinates": [ 77.6701247, 12.9228369 ] } },
{ "type": "Feature", "properties": { "osm_id": 3170437443, "highway": "bus_stop", "name": "New Horizon College" }, "geometry": { "type": "Point", "coordinates": [ 77.6909776, 12.9354523 ] } },
{ "type": "Feature", "properties": { "osm_id": 3170450633, "highway": "bus_stop", "name": "Devarabeesanahalli" }, "geometry": { "type": "Point", "coordinates": [ 77.6871127, 12.931626 ] } },
{ "type": "Feature", "properties": { "osm_id": 3170450634, "highway": "bus_stop", "name": "Deverabeesanahalli" }, "geometry": { "type": "Point", "coordinates": [ 77.6871801, 12.9320446 ] } },
{ "type": "Feature", "properties": { "osm_id": 3170452368, "highway": "bus_stop", "name": "Ecospace" }, "geometry": { "type": "Point", "coordinates": [ 77.681132, 12.9280142 ] } },
{ "type": "Feature", "properties": { "osm_id": 3170452369, "highway": "bus_stop", "name": "Ecospace" }, "geometry": { "type": "Point", "coordinates": [ 77.6811574, 12.9283411 ] } },
{ "type": "Feature", "properties": { "osm_id": 3170454889, "highway": "bus_stop", "name": "Bellanduru City Light Apartment" }, "geometry": { "type": "Point", "coordinates": [ 77.673846, 12.9245096 ] } },
{ "type": "Feature", "properties": { "osm_id": 3779509364, "highway": "bus_stop", "name": "Bellandur Bus Stop" }, "geometry": { "type": "Point", "coordinates": [ 77.6764724, 12.9261304 ] } },
{ "type": "Feature", "properties": { "osm_id": 3840278215, "highway": "bus_stop", "name": "Bellanduru City Light Apartment" }, "geometry": { "type": "Point", "coordinates": [ 77.673475, 12.9246308 ] } },
{ "type": "Feature", "properties": { "osm_id": 4447398132, "highway": "bus_stop", "name": "Bellanduru" }, "geometry": { "type": "Point", "coordinates": [ 77.6760002, 12.9254608 ] } },
{ "type": "Feature", "properties": { "osm_id": 266175093, "highway": "crossing", "name": "" }, "geometry": { "type": "Point", "coordinates": [ 77.6381298, 12.9124372 ] } },
{ "type": "Feature", "properties": { "osm_id": 292566570, "highway": "crossing", "name": "" }, "geometry": { "type": "Point", "coordinates": [ 77.692634, 12.9079234 ] } },
{ "type": "Feature", "properties": { "osm_id": 1442997880, "highway": "crossing", "name": "" }, "geometry": { "type": "Point", "coordinates": [ 77.7051324, 12.9347593 ] } },
{ "type": "Feature", "properties": { "osm_id": 2099691617, "highway": "crossing", "name": "" }, "geometry": { "type": "Point", "coordinates": [ 77.6953056, 12.9073447 ] } },
{ "type": "Feature", "properties": { "osm_id": 2099691618, "highway": "crossing", "name": "" }, "geometry": { "type": "Point", "coordinates": [ 77.6926567, 12.9080283 ] } },
{ "type": "Feature", "properties": { "osm_id": 2396435308, "highway": "bus_stop", "name": "Domlur Bridge" }, "geometry": { "type": "Point", "coordinates": [ 77.6382454, 12.9634429 ] } },
{ "type": "Feature", "properties": { "osm_id": 2407671512, "highway": "crossing", "name": "" }, "geometry": { "type": "Point", "coordinates": [ 77.6477532, 12.9118814 ] } },
{ "type": "Feature", "properties": { "osm_id": 2407671514, "highway": "crossing", "name": "" }, "geometry": { "type": "Point", "coordinates": [ 77.6441956, 12.9121257 ] } },
{ "type": "Feature", "properties": { "osm_id": 2414635990, "highway": "crossing", "name": "" }, "geometry": { "type": "Point", "coordinates": [ 77.6446563, 12.912291 ] } },
{ "type": "Feature", "properties": { "osm_id": 2483705215, "highway": "crossing", "name": "" }, "geometry": { "type": "Point", "coordinates": [ 77.7014554, 12.9571009 ] } },
{ "type": "Feature", "properties": { "osm_id": 3305119472, "highway": "crossing", "name": "" }, "geometry": { "type": "Point", "coordinates": [ 77.7015502, 12.9570981 ] } },
{ "type": "Feature", "properties": { "osm_id": 3554105062, "highway": "crossing", "name": "" }, "geometry": { "type": "Point", "coordinates": [ 77.6622734, 12.9214429 ] } },
{ "type": "Feature", "properties": { "osm_id": 3592140789, "highway": "crossing", "name": "" }, "geometry": { "type": "Point", "coordinates": [ 77.7148702, 12.956404 ] } },
{ "type": "Feature", "properties": { "osm_id": 3592142914, "highway": "crossing", "name": "" }, "geometry": { "type": "Point", "coordinates": [ 77.7164394, 12.9609307 ] } },
{ "type": "Feature", "properties": { "osm_id": 4558992267, "highway": "crossing", "name": "" }, "geometry": { "type": "Point", "coordinates": [ 77.6491264, 12.9599187 ] } },
{ "type": "Feature", "properties": { "osm_id": 4558992268, "highway": "crossing", "name": "" }, "geometry": { "type": "Point", "coordinates": [ 77.6490995, 12.9599228 ] } },
{ "type": "Feature", "properties": { "osm_id": 4567865866, "highway": "crossing", "name": "" }, "geometry": { "type": "Point", "coordinates": [ 77.6459681, 12.9101233 ] } },
{ "type": "Feature", "properties": { "osm_id": 5318035151, "highway": "bus_stop", "name": "Vibhuthipura Samudaya Bhavana" }, "geometry": { "type": "Point", "coordinates": [ 77.6775679, 12.9646789 ] } },
{ "type": "Feature", "properties": { "osm_id": 5630066091, "highway": "crossing", "name": "" }, "geometry": { "type": "Point", "coordinates": [ 77.6414567, 12.9547117 ] } },
{ "type": "Feature", "properties": { "osm_id": 5774329558, "highway": "crossing", "name": "" }, "geometry": { "type": "Point", "coordinates": [ 77.6381902, 12.9123377 ] } },
{ "type": "Feature", "properties": { "osm_id": 5774329559, "highway": "crossing", "name": "" }, "geometry": { "type": "Point", "coordinates": [ 77.6380062, 12.9123413 ] } },
{ "type": "Feature", "properties": { "osm_id": 5774329561, "highway": "crossing", "name": "" }, "geometry": { "type": "Point", "coordinates": [ 77.6381248, 12.9122096 ] } },
{ "type": "Feature", "properties": { "osm_id": 5776776205, "highway": "crossing", "name": "" }, "geometry": { "type": "Point", "coordinates": [ 77.6844824, 12.9106487 ] } },
{ "type": "Feature", "properties": { "osm_id": 5961493016, "highway": "crossing", "name": "" }, "geometry": { "type": "Point", "coordinates": [ 77.6516287, 12.917332 ] } },
{ "type": "Feature", "properties": { "osm_id": 5961754438, "highway": "crossing", "name": "" }, "geometry": { "type": "Point", "coordinates": [ 77.6490322, 12.9119961 ] } },
{ "type": "Feature", "properties": { "osm_id": 6095353667, "highway": "crossing", "name": "" }, "geometry": { "type": "Point", "coordinates": [ 77.7094316, 12.9561817 ] } },
{ "type": "Feature", "properties": { "osm_id": 6351617117, "highway": "crossing", "name": "" }, "geometry": { "type": "Point", "coordinates": [ 77.6380919, 12.9155004 ] } },
{ "type": "Feature", "properties": { "osm_id": 7328099136, "highway": "crossing", "name": "" }, "geometry": { "type": "Point", "coordinates": [ 77.6979773, 12.9064637 ] } },
{ "type": "Feature", "properties": { "osm_id": 7432359265, "highway": "crossing", "name": "" }, "geometry": { "type": "Point", "coordinates": [ 77.6380533, 12.9122108 ] } },
{ "type": "Feature", "properties": { "osm_id": 7432359266, "highway": "crossing", "name": "" }, "geometry": { "type": "Point", "coordinates": [ 77.6380588, 12.9124397 ] } },
{ "type": "Feature", "properties": { "osm_id": 7432359267, "highway": "crossing", "name": "" }, "geometry": { "type": "Point", "coordinates": [ 77.6381878, 12.9122651 ] } },
{ "type": "Feature", "properties": { "osm_id": 7432359268, "highway": "crossing", "name": "" }, "geometry": { "type": "Point", "coordinates": [ 77.638007, 12.9122741 ] } },
{ "type": "Feature", "properties": { "osm_id": 8403844104, "highway": "crossing", "name": "" }, "geometry": { "type": "Point", "coordinates": [ 77.66226, 12.9213196 ] } },
{ "type": "Feature", "properties": { "osm_id": 8516084205, "highway": "crossing", "name": "" }, "geometry": { "type": "Point", "coordinates": [ 77.6448017, 12.9121712 ] } },
{ "type": "Feature", "properties": { "osm_id": 8516084206, "highway": "crossing", "name": "" }, "geometry": { "type": "Point", "coordinates": [ 77.644524, 12.9121847 ] } },
{ "type": "Feature", "properties": { "osm_id": 8557320708, "highway": "crossing", "name": "" }, "geometry": { "type": "Point", "coordinates": [ 77.687342, 12.909693 ] } },
{ "type": "Feature", "properties": { "osm_id": 9773097049, "highway": "crossing", "name": "" }, "geometry": { "type": "Point", "coordinates": [ 77.6456388, 12.9602601 ] } },
{ "type": "Feature", "properties": { "osm_id": 9773097050, "highway": "crossing", "name": "" }, "geometry": { "type": "Point", "coordinates": [ 77.6460845, 12.9602143 ] } },
{ "type": "Feature", "properties": { "osm_id": 9773097051, "highway": "crossing", "name": "" }, "geometry": { "type": "Point", "coordinates": [ 77.6470599, 12.9601165 ] } },
{ "type": "Feature", "properties": { "osm_id": 9773097065, "highway": "crossing", "name": "" }, "geometry": { "type": "Point", "coordinates": [ 77.6497878, 12.9596033 ] } },
{ "type": "Feature", "properties": { "osm_id": 9773097080, "highway": "crossing", "name": "" }, "geometry": { "type": "Point", "coordinates": [ 77.6596793, 12.9591927 ] } },
{ "type": "Feature", "properties": { "osm_id": 9773097096, "highway": "crossing", "name": "" }, "geometry": { "type": "Point", "coordinates": [ 77.66086, 12.9591974 ] } },
{ "type": "Feature", "properties": { "osm_id": 9792242001, "highway": "crossing", "name": "" }, "geometry": { "type": "Point", "coordinates": [ 77.7091321, 12.956223 ] } },
{ "type": "Feature", "properties": { "osm_id": 9828540963, "highway": "crossing", "name": "" }, "geometry": { "type": "Point", "coordinates": [ 77.665255, 12.9230318 ] } },
{ "type": "Feature", "properties": { "osm_id": 9832350646, "highway": "crossing", "name": "" }, "geometry": { "type": "Point", "coordinates": [ 77.638201, 12.9128637 ] } },
{ "type": "Feature", "properties": { "osm_id": 9832350648, "highway": "crossing", "name": "" }, "geometry": { "type": "Point", "coordinates": [ 77.6382762, 12.9151208 ] } },
{ "type": "Feature", "properties": { "osm_id": 9832364240, "highway": "crossing", "name": "" }, "geometry": { "type": "Point", "coordinates": [ 77.6399369, 12.9123528 ] } },
{ "type": "Feature", "properties": { "osm_id": 9953019374, "highway": "crossing", "name": "" }, "geometry": { "type": "Point", "coordinates": [ 77.7010113, 12.9571137 ] } },
{ "type": "Feature", "properties": { "osm_id": 9953019377, "highway": "crossing", "name": "" }, "geometry": { "type": "Point", "coordinates": [ 77.7009887, 12.9571174 ] } },
{ "type": "Feature", "properties": { "osm_id": 10034231489, "highway": "crossing", "name": "" }, "geometry": { "type": "Point", "coordinates": [ 77.6380241, 12.9611335 ] } },
{ "type": "Feature", "properties": { "osm_id": 10049312956, "highway": "crossing", "name": "" }, "geometry": { "type": "Point", "coordinates": [ 77.6420492, 12.9122925 ] } },
{ "type": "Feature", "properties": { "osm_id": 10049312964, "highway": "crossing", "name": "" }, "geometry": { "type": "Point", "coordinates": [ 77.6447995, 12.9121029 ] } },
{ "type": "Feature", "properties": { "osm_id": 10049312966, "highway": "crossing", "name": "" }, "geometry": { "type": "Point", "coordinates": [ 77.6445314, 12.9120381 ] } },
{ "type": "Feature", "properties": { "osm_id": 10049386161, "highway": "crossing", "name": "" }, "geometry": { "type": "Point", "coordinates": [ 77.6490535, 12.9118437 ] } },
{ "type": "Feature", "properties": { "osm_id": 10049386164, "highway": "crossing", "name": "" }, "geometry": { "type": "Point", "coordinates": [ 77.65183, 12.9118587 ] } },
{ "type": "Feature", "properties": { "osm_id": 10049386165, "highway": "crossing", "name": "" }, "geometry": { "type": "Point", "coordinates": [ 77.6518949, 12.9118601 ] } },
{ "type": "Feature", "properties": { "osm_id": 10049434084, "highway": "crossing", "name": "" }, "geometry": { "type": "Point", "coordinates": [ 77.6447311, 12.912879 ] } },
{ "type": "Feature", "properties": { "osm_id": 10049434085, "highway": "crossing", "name": "" }, "geometry": { "type": "Point", "coordinates": [ 77.6447518, 12.9133532 ] } },
{ "type": "Feature", "properties": { "osm_id": 10066902918, "highway": "crossing", "name": "" }, "geometry": { "type": "Point", "coordinates": [ 77.6417133, 12.9121371 ] } },
{ "type": "Feature", "properties": { "osm_id": 10066902922, "highway": "crossing", "name": "" }, "geometry": { "type": "Point", "coordinates": [ 77.6426883, 12.9121232 ] } },
{ "type": "Feature", "properties": { "osm_id": 10066902924, "highway": "crossing", "name": "" }, "geometry": { "type": "Point", "coordinates": [ 77.639998, 12.9122368 ] } },
{ "type": "Feature", "properties": { "osm_id": 10068685439, "highway": "crossing", "name": "" }, "geometry": { "type": "Point", "coordinates": [ 77.6415415, 12.9603055 ] } },
{ "type": "Feature", "properties": { "osm_id": 10091938364, "highway": "crossing", "name": "" }, "geometry": { "type": "Point", "coordinates": [ 77.6627539, 12.9592125 ] } },
{ "type": "Feature", "properties": { "osm_id": 10174066543, "highway": "crossing", "name": "" }, "geometry": { "type": "Point", "coordinates": [ 77.68389, 12.9109424 ] } },
{ "type": "Feature", "properties": { "osm_id": 10177634840, "highway": "crossing", "name": "" }, "geometry": { "type": "Point", "coordinates": [ 77.6834414, 12.9071932 ] } },
{ "type": "Feature", "properties": { "osm_id": 10177634841, "highway": "crossing", "name": "" }, "geometry": { "type": "Point", "coordinates": [ 77.6835103, 12.9079033 ] } },
{ "type": "Feature", "properties": { "osm_id": 10177634842, "highway": "crossing", "name": "" }, "geometry": { "type": "Point", "coordinates": [ 77.6835973, 12.9066753 ] } },
{ "type": "Feature", "properties": { "osm_id": 10177634843, "highway": "crossing", "name": "" }, "geometry": { "type": "Point", "coordinates": [ 77.6839932, 12.9061224 ] } },
{ "type": "Feature", "properties": { "osm_id": 10177634845, "highway": "crossing", "name": "" }, "geometry": { "type": "Point", "coordinates": [ 77.6843557, 12.9055077 ] } },
{ "type": "Feature", "properties": { "osm_id": 10185026943, "highway": "crossing", "name": "" }, "geometry": { "type": "Point", "coordinates": [ 77.6871021, 12.9096103 ] } },
{ "type": "Feature", "properties": { "osm_id": 10196255907, "highway": "crossing", "name": "" }, "geometry": { "type": "Point", "coordinates": [ 77.6873037, 12.9095901 ] } },
{ "type": "Feature", "properties": { "osm_id": 10196262522, "highway": "crossing", "name": "" }, "geometry": { "type": "Point", "coordinates": [ 77.6839292, 12.9110381 ] } },
{ "type": "Feature", "properties": { "osm_id": 10199603001, "highway": "crossing", "name": "" }, "geometry": { "type": "Point", "coordinates": [ 77.6778758, 12.9138257 ] } },
{ "type": "Feature", "properties": { "osm_id": 10199603002, "highway": "crossing", "name": "" }, "geometry": { "type": "Point", "coordinates": [ 77.6779101, 12.9139235 ] } },
{ "type": "Feature", "properties": { "osm_id": 10199603005, "highway": "crossing", "name": "" }, "geometry": { "type": "Point", "coordinates": [ 77.677757, 12.913875 ] } },
{ "type": "Feature", "properties": { "osm_id": 10199603006, "highway": "crossing", "name": "" }, "geometry": { "type": "Point", "coordinates": [ 77.6777841, 12.9139667 ] } },
{ "type": "Feature", "properties": { "osm_id": 10213564145, "highway": "crossing", "name": "" }, "geometry": { "type": "Point", "coordinates": [ 77.6448675, 12.9173309 ] } },
{ "type": "Feature", "properties": { "osm_id": 10719446083, "highway": "crossing", "name": "" }, "geometry": { "type": "Point", "coordinates": [ 77.7022409, 12.9567505 ] } },
{ "type": "Feature", "properties": { "osm_id": 10719446084, "highway": "crossing", "name": "" }, "geometry": { "type": "Point", "coordinates": [ 77.702546, 12.9567273 ] } },
{ "type": "Feature", "properties": { "osm_id": 10997192128, "highway": "crossing", "name": "" }, "geometry": { "type": "Point", "coordinates": [ 77.6415761, 12.9589644 ] } },
{ "type": "Feature", "properties": { "osm_id": 11009911593, "highway": "crossing", "name": "" }, "geometry": { "type": "Point", "coordinates": [ 77.6605719, 12.9591362 ] } },
{ "type": "Feature", "properties": { "osm_id": 11061527350, "highway": "crossing", "name": "" }, "geometry": { "type": "Point", "coordinates": [ 77.6446589, 12.9118121 ] } },
{ "type": "Feature", "properties": { "osm_id": 11061527351, "highway": "crossing", "name": "" }, "geometry": { "type": "Point", "coordinates": [ 77.6445858, 12.9118138 ] } },
{ "type": "Feature", "properties": { "osm_id": 11158336536, "highway": "crossing", "name": "" }, "geometry": { "type": "Point", "coordinates": [ 77.7114894, 12.9639264 ] } },
{ "type": "Feature", "properties": { "osm_id": 11158336537, "highway": "crossing", "name": "" }, "geometry": { "type": "Point", "coordinates": [ 77.7105645, 12.9637423 ] } },
{ "type": "Feature", "properties": { "osm_id": 11178809194, "highway": "crossing", "name": "" }, "geometry": { "type": "Point", "coordinates": [ 77.7133724, 12.9628395 ] } },
{ "type": "Feature", "properties": { "osm_id": 11178809195, "highway": "crossing", "name": "" }, "geometry": { "type": "Point", "coordinates": [ 77.7132333, 12.9635971 ] } },
{ "type": "Feature", "properties": { "osm_id": 11178809196, "highway": "crossing", "name": "" }, "geometry": { "type": "Point", "coordinates": [ 77.713308, 12.9631901 ] } },
{ "type": "Feature", "properties": { "osm_id": 11178931804, "highway": "crossing", "name": "" }, "geometry": { "type": "Point", "coordinates": [ 77.6445906, 12.9122947 ] } },
{ "type": "Feature", "properties": { "osm_id": 11228965354, "highway": "crossing", "name": "" }, "geometry": { "type": "Point", "coordinates": [ 77.65421, 12.959275 ] } },
{ "type": "Feature", "properties": { "osm_id": 11228965361, "highway": "crossing", "name": "" }, "geometry": { "type": "Point", "coordinates": [ 77.6542665, 12.9592684 ] } },
{ "type": "Feature", "properties": { "osm_id": 11245714057, "highway": "crossing", "name": "" }, "geometry": { "type": "Point", "coordinates": [ 77.6517626, 12.9119852 ] } },
{ "type": "Feature", "properties": { "osm_id": 11245714063, "highway": "crossing", "name": "" }, "geometry": { "type": "Point", "coordinates": [ 77.6517591, 12.9125371 ] } },
{ "type": "Feature", "properties": { "osm_id": 11245714102, "highway": "crossing", "name": "" }, "geometry": { "type": "Point", "coordinates": [ 77.6516653, 12.9158486 ] } },
{ "type": "Feature", "properties": { "osm_id": 11245714105, "highway": "crossing", "name": "" }, "geometry": { "type": "Point", "coordinates": [ 77.6516451, 12.9163446 ] } },
{ "type": "Feature", "properties": { "osm_id": 11245714141, "highway": "crossing", "name": "" }, "geometry": { "type": "Point", "coordinates": [ 77.6518125, 12.9163473 ] } },
{ "type": "Feature", "properties": { "osm_id": 11245714152, "highway": "crossing", "name": "" }, "geometry": { "type": "Point", "coordinates": [ 77.6514826, 12.9210369 ] } },
{ "type": "Feature", "properties": { "osm_id": 11245714178, "highway": "crossing", "name": "" }, "geometry": { "type": "Point", "coordinates": [ 77.6516637, 12.9211931 ] } },
{ "type": "Feature", "properties": { "osm_id": 11245714182, "highway": "crossing", "name": "" }, "geometry": { "type": "Point", "coordinates": [ 77.6514366, 12.9226732 ] } },
{ "type": "Feature", "properties": { "osm_id": 11337845988, "highway": "crossing", "name": "" }, "geometry": { "type": "Point", "coordinates": [ 77.6370628, 12.9612766 ] } },
{ "type": "Feature", "properties": { "osm_id": 11337846018, "highway": "crossing", "name": "" }, "geometry": { "type": "Point", "coordinates": [ 77.6386225, 12.9608779 ] } },
{ "type": "Feature", "properties": { "osm_id": 11337846026, "highway": "crossing", "name": "" }, "geometry": { "type": "Point", "coordinates": [ 77.6386646, 12.9611294 ] } },
{ "type": "Feature", "properties": { "osm_id": 11338190940, "highway": "crossing", "name": "" }, "geometry": { "type": "Point", "coordinates": [ 77.6426895, 12.9118851 ] } },
{ "type": "Feature", "properties": { "osm_id": 11365559681, "highway": "crossing", "name": "" }, "geometry": { "type": "Point", "coordinates": [ 77.7032653, 12.956918 ] } },
{ "type": "Feature", "properties": { "osm_id": 11365559765, "highway": "crossing", "name": "" }, "geometry": { "type": "Point", "coordinates": [ 77.7052484, 12.9564723 ] } },
{ "type": "Feature", "properties": { "osm_id": 11375015390, "highway": "crossing", "name": "" }, "geometry": { "type": "Point", "coordinates": [ 77.6988965, 12.9479266 ] } },
{ "type": "Feature", "properties": { "osm_id": 11375015407, "highway": "crossing", "name": "" }, "geometry": { "type": "Point", "coordinates": [ 77.7013253, 12.9567714 ] } },
{ "type": "Feature", "properties": { "osm_id": 11375015408, "highway": "crossing", "name": "" }, "geometry": { "type": "Point", "coordinates": [ 77.7012957, 12.956772 ] } },
{ "type": "Feature", "properties": { "osm_id": 11375015411, "highway": "crossing", "name": "" }, "geometry": { "type": "Point", "coordinates": [ 77.7009683, 12.9567876 ] } },
{ "type": "Feature", "properties": { "osm_id": 11375015412, "highway": "crossing", "name": "" }, "geometry": { "type": "Point", "coordinates": [ 77.7009381, 12.956789 ] } },
{ "type": "Feature", "properties": { "osm_id": 11375015416, "highway": "crossing", "name": "" }, "geometry": { "type": "Point", "coordinates": [ 77.6999369, 12.9513977 ] } },
{ "type": "Feature", "properties": { "osm_id": 11375015427, "highway": "crossing", "name": "" }, "geometry": { "type": "Point", "coordinates": [ 77.6995335, 12.9513626 ] } },
{ "type": "Feature", "properties": { "osm_id": 11375385102, "highway": "crossing", "name": "" }, "geometry": { "type": "Point", "coordinates": [ 77.7130832, 12.9640272 ] } },
{ "type": "Feature", "properties": { "osm_id": 11375385107, "highway": "crossing", "name": "" }, "geometry": { "type": "Point", "coordinates": [ 77.7129362, 12.964119 ] } },
{ "type": "Feature", "properties": { "osm_id": 11375385112, "highway": "crossing", "name": "" }, "geometry": { "type": "Point", "coordinates": [ 77.7107904, 12.9636435 ] } },
{ "type": "Feature", "properties": { "osm_id": 11375385115, "highway": "crossing", "name": "" }, "geometry": { "type": "Point", "coordinates": [ 77.7131044, 12.9635706 ] } },
{ "type": "Feature", "properties": { "osm_id": 11375385116, "highway": "crossing", "name": "" }, "geometry": { "type": "Point", "coordinates": [ 77.7131775, 12.9631658 ] } },
{ "type": "Feature", "properties": { "osm_id": 11375385117, "highway": "crossing", "name": "" }, "geometry": { "type": "Point", "coordinates": [ 77.713241, 12.9628139 ] } },
{ "type": "Feature", "properties": { "osm_id": 11390013874, "highway": "crossing", "name": "" }, "geometry": { "type": "Point", "coordinates": [ 77.6573626, 12.9593238 ] } },
{ "type": "Feature", "properties": { "osm_id": 11399488461, "highway": "crossing", "name": "" }, "geometry": { "type": "Point", "coordinates": [ 77.6635197, 12.9588206 ] } },
{ "type": "Feature", "properties": { "osm_id": 11399488462, "highway": "crossing", "name": "" }, "geometry": { "type": "Point", "coordinates": [ 77.6636215, 12.9587913 ] } },
{ "type": "Feature", "properties": { "osm_id": 11399572697, "highway": "crossing", "name": "" }, "geometry": { "type": "Point", "coordinates": [ 77.6680322, 12.9583477 ] } },
{ "type": "Feature", "properties": { "osm_id": 11399572709, "highway": "crossing", "name": "" }, "geometry": { "type": "Point", "coordinates": [ 77.6649654, 12.9584895 ] } },
{ "type": "Feature", "properties": { "osm_id": 11451450207, "highway": "crossing", "name": "" }, "geometry": { "type": "Point", "coordinates": [ 77.7135865, 12.9616889 ] } },
{ "type": "Feature", "properties": { "osm_id": 11476593871, "highway": "crossing", "name": "" }, "geometry": { "type": "Point", "coordinates": [ 77.642157, 12.9139024 ] } },
{ "type": "Feature", "properties": { "osm_id": 11476593873, "highway": "crossing", "name": "" }, "geometry": { "type": "Point", "coordinates": [ 77.641564, 12.9140295 ] } },
{ "type": "Feature", "properties": { "osm_id": 11476593877, "highway": "crossing", "name": "" }, "geometry": { "type": "Point", "coordinates": [ 77.6402272, 12.914335 ] } },
{ "type": "Feature", "properties": { "osm_id": 11476594022, "highway": "crossing", "name": "" }, "geometry": { "type": "Point", "coordinates": [ 77.6398016, 12.9143911 ] } },
{ "type": "Feature", "properties": { "osm_id": 11476594028, "highway": "crossing", "name": "" }, "geometry": { "type": "Point", "coordinates": [ 77.6380993, 12.9140331 ] } },
{ "type": "Feature", "properties": { "osm_id": 11494201386, "highway": "crossing", "name": "" }, "geometry": { "type": "Point", "coordinates": [ 77.6341626, 12.9250851 ] } },
{ "type": "Feature", "properties": { "osm_id": 11503590963, "highway": "crossing", "name": "" }, "geometry": { "type": "Point", "coordinates": [ 77.6441174, 12.9137173 ] } },
{ "type": "Feature", "properties": { "osm_id": 11503590964, "highway": "crossing", "name": "" }, "geometry": { "type": "Point", "coordinates": [ 77.6421661, 12.9140304 ] } },
{ "type": "Feature", "properties": { "osm_id": 11503590965, "highway": "crossing", "name": "" }, "geometry": { "type": "Point", "coordinates": [ 77.6415711, 12.9141589 ] } },
{ "type": "Feature", "properties": { "osm_id": 11503590966, "highway": "crossing", "name": "" }, "geometry": { "type": "Point", "coordinates": [ 77.6411602, 12.9142646 ] } },
{ "type": "Feature", "properties": { "osm_id": 11503617671, "highway": "crossing", "name": "" }, "geometry": { "type": "Point", "coordinates": [ 77.6397919, 12.9145207 ] } },
{ "type": "Feature", "properties": { "osm_id": 11503617672, "highway": "crossing", "name": "" }, "geometry": { "type": "Point", "coordinates": [ 77.6387214, 12.9145271 ] } },
{ "type": "Feature", "properties": { "osm_id": 11503617673, "highway": "crossing", "name": "" }, "geometry": { "type": "Point", "coordinates": [ 77.6391171, 12.9145209 ] } },
{ "type": "Feature", "properties": { "osm_id": 11503617675, "highway": "crossing", "name": "" }, "geometry": { "type": "Point", "coordinates": [ 77.6402272, 12.9144552 ] } },
{ "type": "Feature", "properties": { "osm_id": 11503617704, "highway": "crossing", "name": "" }, "geometry": { "type": "Point", "coordinates": [ 77.640654, 12.914368 ] } },
{ "type": "Feature", "properties": { "osm_id": 11639970989, "highway": "crossing", "name": "" }, "geometry": { "type": "Point", "coordinates": [ 77.6894379, 12.9552438 ] } },
{ "type": "Feature", "properties": { "osm_id": 11639970990, "highway": "crossing", "name": "" }, "geometry": { "type": "Point", "coordinates": [ 77.6895311, 12.9552548 ] } },
{ "type": "Feature", "properties": { "osm_id": 11639971036, "highway": "crossing", "name": "" }, "geometry": { "type": "Point", "coordinates": [ 77.6917877, 12.9559057 ] } },
{ "type": "Feature", "properties": { "osm_id": 11640787718, "highway": "crossing", "name": "" }, "geometry": { "type": "Point", "coordinates": [ 77.6450422, 12.9218716 ] } },
{ "type": "Feature", "properties": { "osm_id": 11640787721, "highway": "crossing", "name": "" }, "geometry": { "type": "Point", "coordinates": [ 77.6448627, 12.9220342 ] } },
{ "type": "Feature", "properties": { "osm_id": 11640787722, "highway": "crossing", "name": "" }, "geometry": { "type": "Point", "coordinates": [ 77.6449199, 12.9219742 ] } },
{ "type": "Feature", "properties": { "osm_id": 11640787724, "highway": "crossing", "name": "" }, "geometry": { "type": "Point", "coordinates": [ 77.6450001, 12.9218904 ] } },
{ "type": "Feature", "properties": { "osm_id": 11728014845, "highway": "crossing", "name": "" }, "geometry": { "type": "Point", "coordinates": [ 77.6446859, 12.9601848 ] } },
{ "type": "Feature", "properties": { "osm_id": 11780249434, "highway": "crossing", "name": "" }, "geometry": { "type": "Point", "coordinates": [ 77.6413915, 12.9594263 ] } },
{ "type": "Feature", "properties": { "osm_id": 11780306780, "highway": "crossing", "name": "" }, "geometry": { "type": "Point", "coordinates": [ 77.6415321, 12.9558692 ] } },
{ "type": "Feature", "properties": { "osm_id": 11780306785, "highway": "crossing", "name": "" }, "geometry": { "type": "Point", "coordinates": [ 77.6415321, 12.9563786 ] } },
{ "type": "Feature", "properties": { "osm_id": 11780306804, "highway": "crossing", "name": "" }, "geometry": { "type": "Point", "coordinates": [ 77.6413019, 12.9563969 ] } },
{ "type": "Feature", "properties": { "osm_id": 11780306811, "highway": "crossing", "name": "" }, "geometry": { "type": "Point", "coordinates": [ 77.6412077, 12.9546949 ] } },
{ "type": "Feature", "properties": { "osm_id": 11780306814, "highway": "crossing", "name": "" }, "geometry": { "type": "Point", "coordinates": [ 77.6411848, 12.9543877 ] } },
{ "type": "Feature", "properties": { "osm_id": 11780306817, "highway": "crossing", "name": "" }, "geometry": { "type": "Point", "coordinates": [ 77.6403277, 12.9527062 ] } },
{ "type": "Feature", "properties": { "osm_id": 11817877554, "highway": "crossing", "name": "" }, "geometry": { "type": "Point", "coordinates": [ 77.6417157, 12.9119112 ] } },
{ "type": "Feature", "properties": { "osm_id": 11831388174, "highway": "crossing", "name": "" }, "geometry": { "type": "Point", "coordinates": [ 77.6517439, 12.9240497 ] } },
{ "type": "Feature", "properties": { "osm_id": 11867946839, "highway": "crossing", "name": "" }, "geometry": { "type": "Point", "coordinates": [ 77.6518021, 12.9094208 ] } },
{ "type": "Feature", "properties": { "osm_id": 11867946840, "highway": "crossing", "name": "" }, "geometry": { "type": "Point", "coordinates": [ 77.6517921, 12.9113612 ] } },
{ "type": "Feature", "properties": { "osm_id": 11868405238, "highway": "crossing", "name": "" }, "geometry": { "type": "Point", "coordinates": [ 77.6519686, 12.9092643 ] } },
{ "type": "Feature", "properties": { "osm_id": 11868405239, "highway": "crossing", "name": "" }, "geometry": { "type": "Point", "coordinates": [ 77.6519623, 12.9097419 ] } },
{ "type": "Feature", "properties": { "osm_id": 11868405240, "highway": "crossing", "name": "" }, "geometry": { "type": "Point", "coordinates": [ 77.6519511, 12.9113635 ] } },
{ "type": "Feature", "properties": { "osm_id": 11897220041, "highway": "crossing", "name": "" }, "geometry": { "type": "Point", "coordinates": [ 77.6423898, 12.9192258 ] } },
{ "type": "Feature", "properties": { "osm_id": 11899021110, "highway": "crossing", "name": "" }, "geometry": { "type": "Point", "coordinates": [ 77.6421876, 12.9184468 ] } },
{ "type": "Feature", "properties": { "osm_id": 11932783886, "highway": "crossing", "name": "" }, "geometry": { "type": "Point", "coordinates": [ 77.6417845, 12.9626458 ] } },
{ "type": "Feature", "properties": { "osm_id": 11962404444, "highway": "crossing", "name": "" }, "geometry": { "type": "Point", "coordinates": [ 77.6652613, 12.9205727 ] } },
{ "type": "Feature", "properties": { "osm_id": 11962432138, "highway": "crossing", "name": "" }, "geometry": { "type": "Point", "coordinates": [ 77.7012763, 12.960625 ] } },
{ "type": "Feature", "properties": { "osm_id": 11962432146, "highway": "crossing", "name": "" }, "geometry": { "type": "Point", "coordinates": [ 77.7016529, 12.9608472 ] } },
{ "type": "Feature", "properties": { "osm_id": 11962432166, "highway": "crossing", "name": "" }, "geometry": { "type": "Point", "coordinates": [ 77.7011792, 12.9602686 ] } },
{ "type": "Feature", "properties": { "osm_id": 11982570363, "highway": "crossing", "name": "" }, "geometry": { "type": "Point", "coordinates": [ 77.6399989, 12.9122925 ] } },
{ "type": "Feature", "properties": { "osm_id": 11982570365, "highway": "crossing", "name": "" }, "geometry": { "type": "Point", "coordinates": [ 77.6441984, 12.9122042 ] } },
{ "type": "Feature", "properties": { "osm_id": 11982616078, "highway": "crossing", "name": "" }, "geometry": { "type": "Point", "coordinates": [ 77.6417134, 12.9120516 ] } },
{ "type": "Feature", "properties": { "osm_id": 12000439031, "highway": "crossing", "name": "" }, "geometry": { "type": "Point", "coordinates": [ 77.7033126, 12.9566689 ] } },
{ "type": "Feature", "properties": { "osm_id": 12067305543, "highway": "crossing", "name": "" }, "geometry": { "type": "Point", "coordinates": [ 77.6381586, 12.9157758 ] } },
{ "type": "Feature", "properties": { "osm_id": 12067305544, "highway": "crossing", "name": "" }, "geometry": { "type": "Point", "coordinates": [ 77.6382597, 12.9157863 ] } },
{ "type": "Feature", "properties": { "osm_id": 12067865287, "highway": "crossing", "name": "" }, "geometry": { "type": "Point", "coordinates": [ 77.6383414, 12.9157954 ] } },
{ "type": "Feature", "properties": { "osm_id": 12093192379, "highway": "crossing", "name": "" }, "geometry": { "type": "Point", "coordinates": [ 77.6407358, 12.912216 ] } },
{ "type": "Feature", "properties": { "osm_id": 12093192380, "highway": "crossing", "name": "" }, "geometry": { "type": "Point", "coordinates": [ 77.640736, 12.9122717 ] } },
{ "type": "Feature", "properties": { "osm_id": 12093192389, "highway": "crossing", "name": "" }, "geometry": { "type": "Point", "coordinates": [ 77.6417455, 12.9122436 ] } },
{ "type": "Feature", "properties": { "osm_id": 12093192390, "highway": "crossing", "name": "" }, "geometry": { "type": "Point", "coordinates": [ 77.6417476, 12.9121878 ] } },
{ "type": "Feature", "properties": { "osm_id": 12109673651, "highway": "crossing", "name": "" }, "geometry": { "type": "Point", "coordinates": [ 77.6375846, 12.9161891 ] } },
{ "type": "Feature", "properties": { "osm_id": 12109673670, "highway": "crossing", "name": "" }, "geometry": { "type": "Point", "coordinates": [ 77.6381653, 12.9161753 ] } },
{ "type": "Feature", "properties": { "osm_id": 12109673696, "highway": "crossing", "name": "" }, "geometry": { "type": "Point", "coordinates": [ 77.638348, 12.9161381 ] } },
{ "type": "Feature", "properties": { "osm_id": 12122664688, "highway": "crossing", "name": "" }, "geometry": { "type": "Point", "coordinates": [ 77.6517684, 12.9085439 ] } },
{ "type": "Feature", "properties": { "osm_id": 12122664691, "highway": "crossing", "name": "" }, "geometry": { "type": "Point", "coordinates": [ 77.6517232, 12.9080742 ] } },
{ "type": "Feature", "properties": { "osm_id": 12134224861, "highway": "crossing", "name": "" }, "geometry": { "type": "Point", "coordinates": [ 77.6917186, 12.9558952 ] } },
{ "type": "Feature", "properties": { "osm_id": 12136228098, "highway": "crossing", "name": "" }, "geometry": { "type": "Point", "coordinates": [ 77.7090045, 12.9566625 ] } },
{ "type": "Feature", "properties": { "osm_id": 12136245704, "highway": "crossing", "name": "" }, "geometry": { "type": "Point", "coordinates": [ 77.7089013, 12.9565961 ] } },
{ "type": "Feature", "properties": { "osm_id": 12201301978, "highway": "crossing", "name": "" }, "geometry": { "type": "Point", "coordinates": [ 77.6450703, 12.9195986 ] } },
{ "type": "Feature", "properties": { "osm_id": 12201301983, "highway": "crossing", "name": "" }, "geometry": { "type": "Point", "coordinates": [ 77.6451026, 12.9209341 ] } },
{ "type": "Feature", "properties": { "osm_id": 12201301987, "highway": "crossing", "name": "" }, "geometry": { "type": "Point", "coordinates": [ 77.64499, 12.9194663 ] } },
{ "type": "Feature", "properties": { "osm_id": 12540794474, "highway": "crossing", "name": "" }, "geometry": { "type": "Point", "coordinates": [ 77.6446759, 12.9106904 ] } },
{ "type": "Feature", "properties": { "osm_id": 12540794479, "highway": "crossing", "name": "" }, "geometry": { "type": "Point", "coordinates": [ 77.6381699, 12.9140305 ] } },
{ "type": "Feature", "properties": { "osm_id": 12696589928, "highway": "crossing", "name": "" }, "geometry": { "type": "Point", "coordinates": [ 77.6980708, 12.9567861 ] } },
{ "type": "Feature", "properties": { "osm_id": 12848171821, "highway": "crossing", "name": "" }, "geometry": { "type": "Point", "coordinates": [ 77.6358557, 12.9613401 ] } },
{ "type": "Feature", "properties": { "osm_id": 13093974100, "highway": "crossing", "name": "" }, "geometry": { "type": "Point", "coordinates": [ 77.635705, 12.961561 ] } },
{ "type": "Feature", "properties": { "osm_id": 13093996117, "highway": "crossing", "name": "" }, "geometry": { "type": "Point", "coordinates": [ 77.6364959, 12.9613824 ] } },
{ "type": "Feature", "properties": { "osm_id": 13131526235, "highway": "crossing", "name": "" }, "geometry": { "type": "Point", "coordinates": [ 77.6952792, 12.9072435 ] } },
{ "type": "Feature", "properties": { "osm_id": 13314611800, "highway": "crossing", "name": "" }, "geometry": { "type": "Point", "coordinates": [ 77.6977687, 12.9066321 ] } },
{ "type": "Feature", "properties": { "osm_id": 13392231532, "highway": "crossing", "name": "" }, "geometry": { "type": "Point", "coordinates": [ 77.6414995, 12.9634426 ] } },
{ "type": "Feature", "properties": { "osm_id": 13392231538, "highway": "crossing", "name": "" }, "geometry": { "type": "Point", "coordinates": [ 77.6415026, 12.9633649 ] } },
{ "type": "Feature", "properties": { "osm_id": 13392231539, "highway": "crossing", "name": "" }, "geometry": { "type": "Point", "coordinates": [ 77.6399868, 12.9607525 ] } },
{ "type": "Feature", "properties": { "osm_id": 13392248231, "highway": "crossing", "name": "" }, "geometry": { "type": "Point", "coordinates": [ 77.6417518, 12.9633705 ] } },
{ "type": "Feature", "properties": { "osm_id": 13392488510, "highway": "crossing", "name": "" }, "geometry": { "type": "Point", "coordinates": [ 77.6386808, 12.9608709 ] } },
{ "type": "Feature", "properties": { "osm_id": 14143835412, "highway": "crossing", "name": "" }, "geometry": { "type": "Point", "coordinates": [ 77.7018906, 12.9650214 ] } },
{ "type": "Feature", "properties": { "osm_id": 26529655, "highway": "crossing", "name": "" }, "geometry": { "type": "Point", "coordinates": [ 77.619186, 12.9726314 ] } },
{ "type": "Feature", "properties": { "osm_id": 442438244, "highway": "bus_stop", "name": "Thambuchetty Palya" }, "geometry": { "type": "Point", "coordinates": [ 77.7000989, 13.0215083 ] } },
{ "type": "Feature", "properties": { "osm_id": 442438265, "highway": "bus_stop", "name": "Bhakthi Yoga Ashrama" }, "geometry": { "type": "Point", "coordinates": [ 77.6878004, 13.021978 ] } },
{ "type": "Feature", "properties": { "osm_id": 454083696, "highway": "bus_stop", "name": "Hennur Depot" }, "geometry": { "type": "Point", "coordinates": [ 77.6318246, 13.0258248 ] } },
{ "type": "Feature", "properties": { "osm_id": 1290058658, "highway": "crossing", "name": "" }, "geometry": { "type": "Point", "coordinates": [ 77.6098192, 12.9927003 ] } },
{ "type": "Feature", "properties": { "osm_id": 1290058665, "highway": "bus_stop", "name": "Hockey Ground" }, "geometry": { "type": "Point", "coordinates": [ 77.6160405, 12.9894017 ] } },
{ "type": "Feature", "properties": { "osm_id": 1474877585, "highway": "bus_stop", "name": "Kacharakanahalli" }, "geometry": { "type": "Point", "coordinates": [ 77.6298897, 13.0210038 ] } },
{ "type": "Feature", "properties": { "osm_id": 1698055244, "highway": "crossing", "name": "" }, "geometry": { "type": "Point", "coordinates": [ 77.619646, 12.9724634 ] } },
{ "type": "Feature", "properties": { "osm_id": 2396424444, "highway": "bus_stop", "name": "Halasur" }, "geometry": { "type": "Point", "coordinates": [ 77.6295389, 12.9784769 ] } },
{ "type": "Feature", "properties": { "osm_id": 2405865971, "highway": "bus_stop", "name": "Bangalore East" }, "geometry": { "type": "Point", "coordinates": [ 77.6190244, 13.0001781 ] } },
{ "type": "Feature", "properties": { "osm_id": 2405870314, "highway": "bus_stop", "name": "Bridge" }, "geometry": { "type": "Point", "coordinates": [ 77.6210005, 13.0062403 ] } },
{ "type": "Feature", "properties": { "osm_id": 2405870357, "highway": "bus_stop", "name": "Lingarajapura Bridge" }, "geometry": { "type": "Point", "coordinates": [ 77.6237297, 13.0097161 ] } },
{ "type": "Feature", "properties": { "osm_id": 2406057216, "highway": "bus_stop", "name": "Lavanya Talkies" }, "geometry": { "type": "Point", "coordinates": [ 77.6151038, 12.9854276 ] } },
{ "type": "Feature", "properties": { "osm_id": 2468850237, "highway": "bus_stop", "name": "Hennur Depot" }, "geometry": { "type": "Point", "coordinates": [ 77.6316356, 13.0258663 ] } },
{ "type": "Feature", "properties": { "osm_id": 2468851422, "highway": "bus_stop", "name": "Hennur Ring Road" }, "geometry": { "type": "Point", "coordinates": [ 77.6325828, 13.0273577 ] } },
{ "type": "Feature", "properties": { "osm_id": 2468893611, "highway": "bus_stop", "name": "Hall Road" }, "geometry": { "type": "Point", "coordinates": [ 77.6191254, 13.0032744 ] } },
{ "type": "Feature", "properties": { "osm_id": 2474972482, "highway": "bus_stop", "name": "Ananda Nagara" }, "geometry": { "type": "Point", "coordinates": [ 77.692733, 13.0241924 ] } },
{ "type": "Feature", "properties": { "osm_id": 2475297664, "highway": "bus_stop", "name": "Bhattarahalli" }, "geometry": { "type": "Point", "coordinates": [ 77.7095085, 13.0202265 ] } },
{ "type": "Feature", "properties": { "osm_id": 2475297667, "highway": "bus_stop", "name": "Bhattarahalli" }, "geometry": { "type": "Point", "coordinates": [ 77.7097161, 13.0199672 ] } },
{ "type": "Feature", "properties": { "osm_id": 2696304678, "highway": "bus_stop", "name": "Clarence School" }, "geometry": { "type": "Point", "coordinates": [ 77.6164758, 13.0028323 ] } },
{ "type": "Feature", "properties": { "osm_id": 3304182906, "highway": "crossing", "name": "" }, "geometry": { "type": "Point", "coordinates": [ 77.6231005, 12.981734 ] } },
{ "type": "Feature", "properties": { "osm_id": 3526294442, "highway": "crossing", "name": "" }, "geometry": { "type": "Point", "coordinates": [ 77.6219166, 12.9979981 ] } },
{ "type": "Feature", "properties": { "osm_id": 3526294457, "highway": "crossing", "name": "" }, "geometry": { "type": "Point", "coordinates": [ 77.6223169, 12.9984147 ] } },
{ "type": "Feature", "properties": { "osm_id": 4227954766, "highway": "crossing", "name": "" }, "geometry": { "type": "Point", "coordinates": [ 77.6173045, 12.9884615 ] } },
{ "type": "Feature", "properties": { "osm_id": 4227954767, "highway": "crossing", "name": "" }, "geometry": { "type": "Point", "coordinates": [ 77.617353, 12.9885214 ] } },
{ "type": "Feature", "properties": { "osm_id": 4326443943, "highway": "crossing", "name": "" }, "geometry": { "type": "Point", "coordinates": [ 77.6169283, 12.9729751 ] } },
{ "type": "Feature", "properties": { "osm_id": 4326443944, "highway": "crossing", "name": "" }, "geometry": { "type": "Point", "coordinates": [ 77.6169552, 12.9730798 ] } },
{ "type": "Feature", "properties": { "osm_id": 4326444331, "highway": "crossing", "name": "" }, "geometry": { "type": "Point", "coordinates": [ 77.6151679, 12.9733747 ] } },
{ "type": "Feature", "properties": { "osm_id": 4326444332, "highway": "crossing", "name": "" }, "geometry": { "type": "Point", "coordinates": [ 77.615193, 12.973487 ] } },
{ "type": "Feature", "properties": { "osm_id": 4345450911, "highway": "crossing", "name": "" }, "geometry": { "type": "Point", "coordinates": [ 77.6230445, 12.9814962 ] } },
{ "type": "Feature", "properties": { "osm_id": 4345450912, "highway": "crossing", "name": "" }, "geometry": { "type": "Point", "coordinates": [ 77.6231855, 12.9815767 ] } },
{ "type": "Feature", "properties": { "osm_id": 4345450913, "highway": "crossing", "name": "" }, "geometry": { "type": "Point", "coordinates": [ 77.6229016, 12.9815772 ] } },
{ "type": "Feature", "properties": { "osm_id": 4345450915, "highway": "crossing", "name": "" }, "geometry": { "type": "Point", "coordinates": [ 77.6230486, 12.9818137 ] } },
{ "type": "Feature", "properties": { "osm_id": 10068956724, "highway": "crossing", "name": "" }, "geometry": { "type": "Point", "coordinates": [ 77.6269885, 12.9373785 ] } },
{ "type": "Feature", "properties": { "osm_id": 10068956725, "highway": "crossing", "name": "" }, "geometry": { "type": "Point", "coordinates": [ 77.6270563, 12.9372886 ] } },
{ "type": "Feature", "properties": { "osm_id": 10068956753, "highway": "crossing", "name": "" }, "geometry": { "type": "Point", "coordinates": [ 77.6226933, 12.9424392 ] } },
{ "type": "Feature", "properties": { "osm_id": 10068956754, "highway": "crossing", "name": "" }, "geometry": { "type": "Point", "coordinates": [ 77.6226414, 12.942486 ] } },
{ "type": "Feature", "properties": { "osm_id": 10068956757, "highway": "crossing", "name": "" }, "geometry": { "type": "Point", "coordinates": [ 77.622553, 12.9427312 ] } },
{ "type": "Feature", "properties": { "osm_id": 10068956855, "highway": "crossing", "name": "" }, "geometry": { "type": "Point", "coordinates": [ 77.62251, 12.9426848 ] } },
{ "type": "Feature", "properties": { "osm_id": 10123614614, "highway": "crossing", "name": "" }, "geometry": { "type": "Point", "coordinates": [ 77.6139891, 12.9737573 ] } },
{ "type": "Feature", "properties": { "osm_id": 10282769901, "highway": "crossing", "name": "" }, "geometry": { "type": "Point", "coordinates": [ 77.6201362, 12.9212213 ] } },
{ "type": "Feature", "properties": { "osm_id": 10282769902, "highway": "crossing", "name": "" }, "geometry": { "type": "Point", "coordinates": [ 77.6202544, 12.9212751 ] } },
{ "type": "Feature", "properties": { "osm_id": 10676264319, "highway": "crossing", "name": "" }, "geometry": { "type": "Point", "coordinates": [ 77.6251516, 12.9660858 ] } },
{ "type": "Feature", "properties": { "osm_id": 10676264320, "highway": "crossing", "name": "" }, "geometry": { "type": "Point", "coordinates": [ 77.6252741, 12.9658343 ] } },
{ "type": "Feature", "properties": { "osm_id": 10731175553, "highway": "crossing", "name": "" }, "geometry": { "type": "Point", "coordinates": [ 77.6433827, 13.0239465 ] } },
{ "type": "Feature", "properties": { "osm_id": 10917911175, "highway": "crossing", "name": "" }, "geometry": { "type": "Point", "coordinates": [ 77.6138409, 12.9906723 ] } },
{ "type": "Feature", "properties": { "osm_id": 10917911178, "highway": "crossing", "name": "" }, "geometry": { "type": "Point", "coordinates": [ 77.6139962, 12.9905159 ] } },
{ "type": "Feature", "properties": { "osm_id": 10917911179, "highway": "crossing", "name": "" }, "geometry": { "type": "Point", "coordinates": [ 77.6140238, 12.9905675 ] } },
{ "type": "Feature", "properties": { "osm_id": 10917913805, "highway": "crossing", "name": "" }, "geometry": { "type": "Point", "coordinates": [ 77.6171323, 12.9884834 ] } },
{ "type": "Feature", "properties": { "osm_id": 10917913806, "highway": "crossing", "name": "" }, "geometry": { "type": "Point", "coordinates": [ 77.6171567, 12.9886662 ] } },
{ "type": "Feature", "properties": { "osm_id": 10917913807, "highway": "crossing", "name": "" }, "geometry": { "type": "Point", "coordinates": [ 77.6171781, 12.9884516 ] } },
{ "type": "Feature", "properties": { "osm_id": 10917913808, "highway": "crossing", "name": "" }, "geometry": { "type": "Point", "coordinates": [ 77.6171867, 12.9887136 ] } },
{ "type": "Feature", "properties": { "osm_id": 10917913809, "highway": "crossing", "name": "" }, "geometry": { "type": "Point", "coordinates": [ 77.6173351, 12.9886591 ] } },
{ "type": "Feature", "properties": { "osm_id": 10917913810, "highway": "crossing", "name": "" }, "geometry": { "type": "Point", "coordinates": [ 77.6172871, 12.9886949 ] } },
{ "type": "Feature", "properties": { "osm_id": 10917913838, "highway": "crossing", "name": "" }, "geometry": { "type": "Point", "coordinates": [ 77.6191705, 12.9871818 ] } },
{ "type": "Feature", "properties": { "osm_id": 10917913839, "highway": "crossing", "name": "" }, "geometry": { "type": "Point", "coordinates": [ 77.6192069, 12.9872736 ] } },
{ "type": "Feature", "properties": { "osm_id": 10917913843, "highway": "crossing", "name": "" }, "geometry": { "type": "Point", "coordinates": [ 77.6192856, 12.9873435 ] } },
{ "type": "Feature", "properties": { "osm_id": 10917913844, "highway": "crossing", "name": "" }, "geometry": { "type": "Point", "coordinates": [ 77.6193609, 12.9873367 ] } },
{ "type": "Feature", "properties": { "osm_id": 10917913846, "highway": "crossing", "name": "" }, "geometry": { "type": "Point", "coordinates": [ 77.6198931, 12.9873382 ] } },
{ "type": "Feature", "properties": { "osm_id": 10917913847, "highway": "crossing", "name": "" }, "geometry": { "type": "Point", "coordinates": [ 77.6199524, 12.9871541 ] } },
{ "type": "Feature", "properties": { "osm_id": 11307884034, "highway": "crossing", "name": "" }, "geometry": { "type": "Point", "coordinates": [ 77.6207545, 12.9275576 ] } },
{ "type": "Feature", "properties": { "osm_id": 11473412140, "highway": "crossing", "name": "" }, "geometry": { "type": "Point", "coordinates": [ 77.6147257, 13.0023863 ] } },
{ "type": "Feature", "properties": { "osm_id": 11473412147, "highway": "crossing", "name": "" }, "geometry": { "type": "Point", "coordinates": [ 77.6172121, 13.0020102 ] } },
{ "type": "Feature", "properties": { "osm_id": 11473412148, "highway": "crossing", "name": "" }, "geometry": { "type": "Point", "coordinates": [ 77.6172259, 13.0020541 ] } },
{ "type": "Feature", "properties": { "osm_id": 11493493818, "highway": "crossing", "name": "" }, "geometry": { "type": "Point", "coordinates": [ 77.6267916, 12.9373803 ] } },
{ "type": "Feature", "properties": { "osm_id": 11493493819, "highway": "crossing", "name": "" }, "geometry": { "type": "Point", "coordinates": [ 77.6268582, 12.937425 ] } },
{ "type": "Feature", "properties": { "osm_id": 11493846473, "highway": "crossing", "name": "" }, "geometry": { "type": "Point", "coordinates": [ 77.6201862, 12.9490811 ] } },
{ "type": "Feature", "properties": { "osm_id": 11493846474, "highway": "crossing", "name": "" }, "geometry": { "type": "Point", "coordinates": [ 77.6202537, 12.9490461 ] } },
{ "type": "Feature", "properties": { "osm_id": 11494201276, "highway": "crossing", "name": "" }, "geometry": { "type": "Point", "coordinates": [ 77.6334998, 12.9247488 ] } },
{ "type": "Feature", "properties": { "osm_id": 11494201277, "highway": "crossing", "name": "" }, "geometry": { "type": "Point", "coordinates": [ 77.6334868, 12.9248485 ] } },
{ "type": "Feature", "properties": { "osm_id": 11494201342, "highway": "crossing", "name": "" }, "geometry": { "type": "Point", "coordinates": [ 77.6335331, 12.9251064 ] } },
{ "type": "Feature", "properties": { "osm_id": 11494201343, "highway": "crossing", "name": "" }, "geometry": { "type": "Point", "coordinates": [ 77.6336204, 12.9251142 ] } },
{ "type": "Feature", "properties": { "osm_id": 11494201383, "highway": "crossing", "name": "" }, "geometry": { "type": "Point", "coordinates": [ 77.6342055, 12.9248432 ] } },
{ "type": "Feature", "properties": { "osm_id": 11494201384, "highway": "crossing", "name": "" }, "geometry": { "type": "Point", "coordinates": [ 77.6341867, 12.9249656 ] } },
{ "type": "Feature", "properties": { "osm_id": 11584555933, "highway": "crossing", "name": "" }, "geometry": { "type": "Point", "coordinates": [ 77.6196438, 13.0041191 ] } },
{ "type": "Feature", "properties": { "osm_id": 11584555934, "highway": "crossing", "name": "" }, "geometry": { "type": "Point", "coordinates": [ 77.6197145, 13.0040944 ] } },
{ "type": "Feature", "properties": { "osm_id": 11584555937, "highway": "crossing", "name": "" }, "geometry": { "type": "Point", "coordinates": [ 77.6195987, 13.0040023 ] } },
{ "type": "Feature", "properties": { "osm_id": 11584555938, "highway": "crossing", "name": "" }, "geometry": { "type": "Point", "coordinates": [ 77.6196662, 13.003977 ] } },
{ "type": "Feature", "properties": { "osm_id": 11584568792, "highway": "crossing", "name": "" }, "geometry": { "type": "Point", "coordinates": [ 77.617499, 13.0037797 ] } },
{ "type": "Feature", "properties": { "osm_id": 11675348914, "highway": "crossing", "name": "" }, "geometry": { "type": "Point", "coordinates": [ 77.633094, 12.9299208 ] } },
{ "type": "Feature", "properties": { "osm_id": 11675348915, "highway": "crossing", "name": "" }, "geometry": { "type": "Point", "coordinates": [ 77.6331724, 12.9299259 ] } },
{ "type": "Feature", "properties": { "osm_id": 11675348925, "highway": "crossing", "name": "" }, "geometry": { "type": "Point", "coordinates": [ 77.6331088, 12.9297186 ] } },
{ "type": "Feature", "properties": { "osm_id": 11675348926, "highway": "crossing", "name": "" }, "geometry": { "type": "Point", "coordinates": [ 77.6331887, 12.9297209 ] } },
{ "type": "Feature", "properties": { "osm_id": 11707402925, "highway": "crossing", "name": "" }, "geometry": { "type": "Point", "coordinates": [ 77.6206278, 12.9668044 ] } },
{ "type": "Feature", "properties": { "osm_id": 11707402929, "highway": "crossing", "name": "" }, "geometry": { "type": "Point", "coordinates": [ 77.620645, 12.9668929 ] } },
{ "type": "Feature", "properties": { "osm_id": 11707402933, "highway": "crossing", "name": "" }, "geometry": { "type": "Point", "coordinates": [ 77.620473, 12.9666291 ] } },
{ "type": "Feature", "properties": { "osm_id": 11707402934, "highway": "crossing", "name": "" }, "geometry": { "type": "Point", "coordinates": [ 77.6204238, 12.9666975 ] } },
{ "type": "Feature", "properties": { "osm_id": 11707402935, "highway": "crossing", "name": "" }, "geometry": { "type": "Point", "coordinates": [ 77.6203899, 12.9667445 ] } },
{ "type": "Feature", "properties": { "osm_id": 11707402954, "highway": "crossing", "name": "" }, "geometry": { "type": "Point", "coordinates": [ 77.6193214, 12.97244 ] } },
{ "type": "Feature", "properties": { "osm_id": 11707402955, "highway": "crossing", "name": "" }, "geometry": { "type": "Point", "coordinates": [ 77.6193378, 12.9725155 ] } },
{ "type": "Feature", "properties": { "osm_id": 11707402956, "highway": "crossing", "name": "" }, "geometry": { "type": "Point", "coordinates": [ 77.6193427, 12.9726414 ] } },
{ "type": "Feature", "properties": { "osm_id": 11707402960, "highway": "crossing", "name": "" }, "geometry": { "type": "Point", "coordinates": [ 77.6191687, 12.972487 ] } },
{ "type": "Feature", "properties": { "osm_id": 11707402961, "highway": "crossing", "name": "" }, "geometry": { "type": "Point", "coordinates": [ 77.6191713, 12.9725093 ] } },
{ "type": "Feature", "properties": { "osm_id": 11707451075, "highway": "crossing", "name": "" }, "geometry": { "type": "Point", "coordinates": [ 77.6198371, 12.9658103 ] } },
{ "type": "Feature", "properties": { "osm_id": 11707451076, "highway": "crossing", "name": "" }, "geometry": { "type": "Point", "coordinates": [ 77.6197555, 12.9658718 ] } },
{ "type": "Feature", "properties": { "osm_id": 11707460671, "highway": "crossing", "name": "" }, "geometry": { "type": "Point", "coordinates": [ 77.6193459, 12.9715128 ] } },
{ "type": "Feature", "properties": { "osm_id": 11707460696, "highway": "crossing", "name": "" }, "geometry": { "type": "Point", "coordinates": [ 77.6181222, 12.9706884 ] } },
{ "type": "Feature", "properties": { "osm_id": 11707460697, "highway": "crossing", "name": "" }, "geometry": { "type": "Point", "coordinates": [ 77.6180955, 12.9707362 ] } },
{ "type": "Feature", "properties": { "osm_id": 11707460714, "highway": "crossing", "name": "" }, "geometry": { "type": "Point", "coordinates": [ 77.6194773, 12.9722786 ] } },
{ "type": "Feature", "properties": { "osm_id": 11707460715, "highway": "crossing", "name": "" }, "geometry": { "type": "Point", "coordinates": [ 77.6195767, 12.9722787 ] } },
{ "type": "Feature", "properties": { "osm_id": 11833289308, "highway": "crossing", "name": "" }, "geometry": { "type": "Point", "coordinates": [ 77.6254942, 12.9999839 ] } },
{ "type": "Feature", "properties": { "osm_id": 11833289309, "highway": "crossing", "name": "" }, "geometry": { "type": "Point", "coordinates": [ 77.6255306, 12.9999488 ] } },
{ "type": "Feature", "properties": { "osm_id": 11833289320, "highway": "crossing", "name": "" }, "geometry": { "type": "Point", "coordinates": [ 77.624915, 12.9995408 ] } },
{ "type": "Feature", "properties": { "osm_id": 11833289321, "highway": "crossing", "name": "" }, "geometry": { "type": "Point", "coordinates": [ 77.6249591, 12.9994993 ] } },
{ "type": "Feature", "properties": { "osm_id": 11882719580, "highway": "crossing", "name": "" }, "geometry": { "type": "Point", "coordinates": [ 77.6210876, 12.9274187 ] } },
{ "type": "Feature", "properties": { "osm_id": 11882719581, "highway": "crossing", "name": "" }, "geometry": { "type": "Point", "coordinates": [ 77.6211292, 12.9275183 ] } },
{ "type": "Feature", "properties": { "osm_id": 11882719587, "highway": "crossing", "name": "" }, "geometry": { "type": "Point", "coordinates": [ 77.6208578, 12.9274554 ] } },
{ "type": "Feature", "properties": { "osm_id": 11882719588, "highway": "crossing", "name": "" }, "geometry": { "type": "Point", "coordinates": [ 77.6209692, 12.9274085 ] } },
{ "type": "Feature", "properties": { "osm_id": 11882719591, "highway": "crossing", "name": "" }, "geometry": { "type": "Point", "coordinates": [ 77.6207932, 12.9276451 ] } },
{ "type": "Feature", "properties": { "osm_id": 11927462321, "highway": "crossing", "name": "" }, "geometry": { "type": "Point", "coordinates": [ 77.6297361, 12.9062986 ] } },
{ "type": "Feature", "properties": { "osm_id": 12000459724, "highway": "crossing", "name": "" }, "geometry": { "type": "Point", "coordinates": [ 77.6165486, 12.9154096 ] } },
{ "type": "Feature", "properties": { "osm_id": 12069211374, "highway": "crossing", "name": "" }, "geometry": { "type": "Point", "coordinates": [ 77.6202802, 12.9492342 ] } },
{ "type": "Feature", "properties": { "osm_id": 12069211375, "highway": "crossing", "name": "" }, "geometry": { "type": "Point", "coordinates": [ 77.6203404, 12.9492 ] } },
{ "type": "Feature", "properties": { "osm_id": 12069211431, "highway": "crossing", "name": "" }, "geometry": { "type": "Point", "coordinates": [ 77.6218162, 12.9418702 ] } },
{ "type": "Feature", "properties": { "osm_id": 12069211432, "highway": "crossing", "name": "" }, "geometry": { "type": "Point", "coordinates": [ 77.621858, 12.941811 ] } },
{ "type": "Feature", "properties": { "osm_id": 12074449276, "highway": "crossing", "name": "" }, "geometry": { "type": "Point", "coordinates": [ 77.63155, 12.9244195 ] } },
{ "type": "Feature", "properties": { "osm_id": 12074449277, "highway": "crossing", "name": "" }, "geometry": { "type": "Point", "coordinates": [ 77.6315293, 12.9245338 ] } },
{ "type": "Feature", "properties": { "osm_id": 12074449284, "highway": "crossing", "name": "" }, "geometry": { "type": "Point", "coordinates": [ 77.6284284, 12.9243272 ] } },
{ "type": "Feature", "properties": { "osm_id": 12074449285, "highway": "crossing", "name": "" }, "geometry": { "type": "Point", "coordinates": [ 77.6284733, 12.9244159 ] } },
{ "type": "Feature", "properties": { "osm_id": 12074449288, "highway": "crossing", "name": "" }, "geometry": { "type": "Point", "coordinates": [ 77.6291239, 12.9241103 ] } },
{ "type": "Feature", "properties": { "osm_id": 12074449289, "highway": "crossing", "name": "" }, "geometry": { "type": "Point", "coordinates": [ 77.6291285, 12.9242022 ] } },
{ "type": "Feature", "properties": { "osm_id": 12298373247, "highway": "crossing", "name": "" }, "geometry": { "type": "Point", "coordinates": [ 77.6479587, 13.0221945 ] } },
{ "type": "Feature", "properties": { "osm_id": 12298373248, "highway": "crossing", "name": "" }, "geometry": { "type": "Point", "coordinates": [ 77.6480236, 13.0223544 ] } },
{ "type": "Feature", "properties": { "osm_id": 12452722465, "highway": "crossing", "name": "" }, "geometry": { "type": "Point", "coordinates": [ 77.6200594, 12.9729662 ] } },
{ "type": "Feature", "properties": { "osm_id": 12452722471, "highway": "crossing", "name": "" }, "geometry": { "type": "Point", "coordinates": [ 77.6200531, 12.9746294 ] } },
{ "type": "Feature", "properties": { "osm_id": 12452723318, "highway": "crossing", "name": "" }, "geometry": { "type": "Point", "coordinates": [ 77.6200796, 12.9748186 ] } },
{ "type": "Feature", "properties": { "osm_id": 12452723325, "highway": "crossing", "name": "" }, "geometry": { "type": "Point", "coordinates": [ 77.6196229, 12.9725635 ] } },
{ "type": "Feature", "properties": { "osm_id": 12452723326, "highway": "crossing", "name": "" }, "geometry": { "type": "Point", "coordinates": [ 77.6196047, 12.9726679 ] } },
{ "type": "Feature", "properties": { "osm_id": 12452734648, "highway": "crossing", "name": "" }, "geometry": { "type": "Point", "coordinates": [ 77.6147246, 12.9764571 ] } },
{ "type": "Feature", "properties": { "osm_id": 12459197083, "highway": "crossing", "name": "" }, "geometry": { "type": "Point", "coordinates": [ 77.6152627, 12.9164526 ] } },
{ "type": "Feature", "properties": { "osm_id": 12460840931, "highway": "crossing", "name": "" }, "geometry": { "type": "Point", "coordinates": [ 77.6155217, 12.9691359 ] } },
{ "type": "Feature", "properties": { "osm_id": 12460840932, "highway": "crossing", "name": "" }, "geometry": { "type": "Point", "coordinates": [ 77.6154849, 12.9691943 ] } },
{ "type": "Feature", "properties": { "osm_id": 12460840985, "highway": "crossing", "name": "" }, "geometry": { "type": "Point", "coordinates": [ 77.6144118, 12.9685625 ] } },
{ "type": "Feature", "properties": { "osm_id": 12460840993, "highway": "crossing", "name": "" }, "geometry": { "type": "Point", "coordinates": [ 77.614356, 12.9683899 ] } },
{ "type": "Feature", "properties": { "osm_id": 12460854906, "highway": "crossing", "name": "" }, "geometry": { "type": "Point", "coordinates": [ 77.6170367, 12.9700926 ] } },
{ "type": "Feature", "properties": { "osm_id": 12460854907, "highway": "crossing", "name": "" }, "geometry": { "type": "Point", "coordinates": [ 77.6170666, 12.970046 ] } },
{ "type": "Feature", "properties": { "osm_id": 12462506246, "highway": "crossing", "name": "" }, "geometry": { "type": "Point", "coordinates": [ 77.61396, 12.9736501 ] } },
{ "type": "Feature", "properties": { "osm_id": 12464229064, "highway": "crossing", "name": "" }, "geometry": { "type": "Point", "coordinates": [ 77.6287431, 12.9071417 ] } },
{ "type": "Feature", "properties": { "osm_id": 12464229066, "highway": "crossing", "name": "" }, "geometry": { "type": "Point", "coordinates": [ 77.6289241, 12.9072388 ] } },
{ "type": "Feature", "properties": { "osm_id": 12464229070, "highway": "crossing", "name": "" }, "geometry": { "type": "Point", "coordinates": [ 77.6296856, 12.9063361 ] } },
{ "type": "Feature", "properties": { "osm_id": 12464229071, "highway": "crossing", "name": "" }, "geometry": { "type": "Point", "coordinates": [ 77.6296615, 12.9063859 ] } },
{ "type": "Feature", "properties": { "osm_id": 12543779132, "highway": "crossing", "name": "" }, "geometry": { "type": "Point", "coordinates": [ 77.626719, 12.976436 ] } },
{ "type": "Feature", "properties": { "osm_id": 12543779133, "highway": "crossing", "name": "" }, "geometry": { "type": "Point", "coordinates": [ 77.626659, 12.9764744 ] } },
{ "type": "Feature", "properties": { "osm_id": 12543779156, "highway": "crossing", "name": "" }, "geometry": { "type": "Point", "coordinates": [ 77.6252128, 12.9749965 ] } },
{ "type": "Feature", "properties": { "osm_id": 12543779157, "highway": "crossing", "name": "" }, "geometry": { "type": "Point", "coordinates": [ 77.6252739, 12.9749311 ] } },
{ "type": "Feature", "properties": { "osm_id": 12626050475, "highway": "crossing", "name": "" }, "geometry": { "type": "Point", "coordinates": [ 77.6372458, 13.0225714 ] } },
{ "type": "Feature", "properties": { "osm_id": 12626050476, "highway": "crossing", "name": "" }, "geometry": { "type": "Point", "coordinates": [ 77.6371743, 13.022586 ] } },
{ "type": "Feature", "properties": { "osm_id": 12626050477, "highway": "crossing", "name": "" }, "geometry": { "type": "Point", "coordinates": [ 77.637263, 13.02294 ] } },
{ "type": "Feature", "properties": { "osm_id": 12626050478, "highway": "crossing", "name": "" }, "geometry": { "type": "Point", "coordinates": [ 77.637197, 13.0229386 ] } },
{ "type": "Feature", "properties": { "osm_id": 12683869479, "highway": "crossing", "name": "" }, "geometry": { "type": "Point", "coordinates": [ 77.6201967, 12.9760107 ] } },
{ "type": "Feature", "properties": { "osm_id": 12952280482, "highway": "crossing", "name": "" }, "geometry": { "type": "Point", "coordinates": [ 77.6162276, 12.9909467 ] } },
{ "type": "Feature", "properties": { "osm_id": 13364006481, "highway": "crossing", "name": "" }, "geometry": { "type": "Point", "coordinates": [ 77.6202456, 12.9757109 ] } },
{ "type": "Feature", "properties": { "osm_id": 13364006483, "highway": "crossing", "name": "" }, "geometry": { "type": "Point", "coordinates": [ 77.6201865, 12.9758953 ] } },
{ "type": "Feature", "properties": { "osm_id": 13377587180, "highway": "crossing", "name": "" }, "geometry": { "type": "Point", "coordinates": [ 77.6179526, 12.9944751 ] } },
{ "type": "Feature", "properties": { "osm_id": 13377587181, "highway": "crossing", "name": "" }, "geometry": { "type": "Point", "coordinates": [ 77.6179066, 12.9944476 ] } },
{ "type": "Feature", "properties": { "osm_id": 13459522644, "highway": "crossing", "name": "" }, "geometry": { "type": "Point", "coordinates": [ 77.6187387, 12.9654817 ] } },
{ "type": "Feature", "properties": { "osm_id": 13459522645, "highway": "crossing", "name": "" }, "geometry": { "type": "Point", "coordinates": [ 77.6187405, 12.9654082 ] } },
{ "type": "Feature", "properties": { "osm_id": 13459544124, "highway": "crossing", "name": "" }, "geometry": { "type": "Point", "coordinates": [ 77.6202401, 12.972744 ] } },
{ "type": "Feature", "properties": { "osm_id": 13459544125, "highway": "crossing", "name": "" }, "geometry": { "type": "Point", "coordinates": [ 77.6202453, 12.9726452 ] } },
{ "type": "Feature", "properties": { "osm_id": 13503228636, "highway": "crossing", "name": "" }, "geometry": { "type": "Point", "coordinates": [ 77.6297972, 12.934361 ] } },
{ "type": "Feature", "properties": { "osm_id": 13503228637, "highway": "crossing", "name": "" }, "geometry": { "type": "Point", "coordinates": [ 77.6297354, 12.9343073 ] } },
{ "type": "Feature", "properties": { "osm_id": 13503228642, "highway": "crossing", "name": "" }, "geometry": { "type": "Point", "coordinates": [ 77.6296308, 12.9345211 ] } },
{ "type": "Feature", "properties": { "osm_id": 13503228643, "highway": "crossing", "name": "" }, "geometry": { "type": "Point", "coordinates": [ 77.6295795, 12.9344684 ] } },
{ "type": "Feature", "properties": { "osm_id": 13695656487, "highway": "crossing", "name": "" }, "geometry": { "type": "Point", "coordinates": [ 77.6195944, 12.9716683 ] } },
{ "type": "Feature", "properties": { "osm_id": 13695656488, "highway": "crossing", "name": "" }, "geometry": { "type": "Point", "coordinates": [ 77.619499, 12.9716714 ] } },
{ "type": "Feature", "properties": { "osm_id": 13695656489, "highway": "crossing", "name": "" }, "geometry": { "type": "Point", "coordinates": [ 77.6194357, 12.9716735 ] } },
{ "type": "Feature", "properties": { "osm_id": 13994196210, "highway": "crossing", "name": "" }, "geometry": { "type": "Point", "coordinates": [ 77.6203259, 12.9405098 ] } },
{ "type": "Feature", "properties": { "osm_id": 13994196211, "highway": "crossing", "name": "" }, "geometry": { "type": "Point", "coordinates": [ 77.6202724, 12.9405559 ] } },
{ "type": "Feature", "properties": { "osm_id": 14119764628, "highway": "crossing", "name": "" }, "geometry": { "type": "Point", "coordinates": [ 77.631674, 13.0018253 ] } },
{ "type": "Feature", "properties": { "osm_id": 14119764629, "highway": "crossing", "name": "" }, "geometry": { "type": "Point", "coordinates": [ 77.6316907, 13.001759 ] } },
{ "type": "Feature", "properties": { "osm_id": 14119764633, "highway": "crossing", "name": "" }, "geometry": { "type": "Point", "coordinates": [ 77.6315269, 13.0017254 ] } },
{ "type": "Feature", "properties": { "osm_id": 14119764634, "highway": "crossing", "name": "" }, "geometry": { "type": "Point", "coordinates": [ 77.6315135, 13.0017902 ] } },
{ "type": "Feature", "properties": { "osm_id": 1472141960, "highway": "bus_stop", "name": "Aralekatte Bus Stop" }, "geometry": { "type": "Point", "coordinates": [ 77.6245363, 12.8797812 ] } },
{ "type": "Feature", "properties": { "osm_id": 2397332881, "highway": "crossing", "name": "" }, "geometry": { "type": "Point", "coordinates": [ 77.6529409, 12.8401561 ] } },
{ "type": "Feature", "properties": { "osm_id": 5955006497, "highway": "bus_stop", "name": "Tent Bus Stop" }, "geometry": { "type": "Point", "coordinates": [ 77.6259154, 12.8917728 ] } },
{ "type": "Feature", "properties": { "osm_id": 9847353061, "highway": "crossing", "name": "" }, "geometry": { "type": "Point", "coordinates": [ 77.6149408, 12.9295294 ] } },
{ "type": "Feature", "properties": { "osm_id": 10043347908, "highway": "crossing", "name": "" }, "geometry": { "type": "Point", "coordinates": [ 77.6123417, 12.9344997 ] } },
{ "type": "Feature", "properties": { "osm_id": 10043347909, "highway": "crossing", "name": "" }, "geometry": { "type": "Point", "coordinates": [ 77.6122378, 12.9344425 ] } },
{ "type": "Feature", "properties": { "osm_id": 10068956786, "highway": "crossing", "name": "" }, "geometry": { "type": "Point", "coordinates": [ 77.6124336, 12.9343269 ] } },
{ "type": "Feature", "properties": { "osm_id": 10068956787, "highway": "crossing", "name": "" }, "geometry": { "type": "Point", "coordinates": [ 77.6123276, 12.9342679 ] } },
{ "type": "Feature", "properties": { "osm_id": 11295765841, "highway": "crossing", "name": "" }, "geometry": { "type": "Point", "coordinates": [ 77.6096897, 12.9346384 ] } },
{ "type": "Feature", "properties": { "osm_id": 11295765842, "highway": "crossing", "name": "" }, "geometry": { "type": "Point", "coordinates": [ 77.609727, 12.9346156 ] } },
{ "type": "Feature", "properties": { "osm_id": 11306430818, "highway": "crossing", "name": "" }, "geometry": { "type": "Point", "coordinates": [ 77.6125539, 12.9345449 ] } },
{ "type": "Feature", "properties": { "osm_id": 11306430819, "highway": "crossing", "name": "" }, "geometry": { "type": "Point", "coordinates": [ 77.6125972, 12.9344635 ] } },
{ "type": "Feature", "properties": { "osm_id": 11569754124, "highway": "crossing", "name": "" }, "geometry": { "type": "Point", "coordinates": [ 77.6554102, 12.8392605 ] } },
{ "type": "Feature", "properties": { "osm_id": 11569754125, "highway": "crossing", "name": "" }, "geometry": { "type": "Point", "coordinates": [ 77.6555277, 12.8392346 ] } },
{ "type": "Feature", "properties": { "osm_id": 11725146251, "highway": "crossing", "name": "" }, "geometry": { "type": "Point", "coordinates": [ 77.6488061, 12.8747613 ] } },
{ "type": "Feature", "properties": { "osm_id": 11725146255, "highway": "crossing", "name": "" }, "geometry": { "type": "Point", "coordinates": [ 77.6488193, 12.8746967 ] } },
{ "type": "Feature", "properties": { "osm_id": 12451306656, "highway": "crossing", "name": "" }, "geometry": { "type": "Point", "coordinates": [ 77.6076783, 12.9439214 ] } },
{ "type": "Feature", "properties": { "osm_id": 12459197074, "highway": "crossing", "name": "" }, "geometry": { "type": "Point", "coordinates": [ 77.6151432, 12.9163201 ] } },
{ "type": "Feature", "properties": { "osm_id": 12459197075, "highway": "crossing", "name": "" }, "geometry": { "type": "Point", "coordinates": [ 77.6151569, 12.9164633 ] } },
{ "type": "Feature", "properties": { "osm_id": 12459197078, "highway": "crossing", "name": "" }, "geometry": { "type": "Point", "coordinates": [ 77.6152256, 12.9162758 ] } },
{ "type": "Feature", "properties": { "osm_id": 12459197079, "highway": "crossing", "name": "" }, "geometry": { "type": "Point", "coordinates": [ 77.6151764, 12.9162793 ] } },
{ "type": "Feature", "properties": { "osm_id": 12459197082, "highway": "crossing", "name": "" }, "geometry": { "type": "Point", "coordinates": [ 77.6152528, 12.9163059 ] } },
{ "type": "Feature", "properties": { "osm_id": 12459207613, "highway": "crossing", "name": "" }, "geometry": { "type": "Point", "coordinates": [ 77.610188, 12.9164506 ] } },
{ "type": "Feature", "properties": { "osm_id": 12459207614, "highway": "crossing", "name": "" }, "geometry": { "type": "Point", "coordinates": [ 77.6101934, 12.9166257 ] } },
{ "type": "Feature", "properties": { "osm_id": 12459207617, "highway": "crossing", "name": "" }, "geometry": { "type": "Point", "coordinates": [ 77.6100005, 12.9164557 ] } },
{ "type": "Feature", "properties": { "osm_id": 12459207618, "highway": "crossing", "name": "" }, "geometry": { "type": "Point", "coordinates": [ 77.6100047, 12.9166272 ] } },
{ "type": "Feature", "properties": { "osm_id": 12696624291, "highway": "crossing", "name": "" }, "geometry": { "type": "Point", "coordinates": [ 77.6097984, 12.9346439 ] } },
{ "type": "Feature", "properties": { "osm_id": 13108404179, "highway": "crossing", "name": "" }, "geometry": { "type": "Point", "coordinates": [ 77.6101277, 12.9167666 ] } },
{ "type": "Feature", "properties": { "osm_id": 13108404181, "highway": "crossing", "name": "" }, "geometry": { "type": "Point", "coordinates": [ 77.6100523, 12.9167663 ] } }
]
}
